timestamp,machine_id,temperature,vibration,current,rpm,voltage,pressure,operating_state,fault_label,severity
2026-01-15T08:00:00+00:00,MOTOR-001,51.5,1.45,8.8,1485.4,229.9,4.19,running,normal,normal
2026-01-15T08:00:01+00:00,MOTOR-001,51.53,1.45,8.79,1485.3,230.1,4.2,running,normal,normal
2026-01-15T08:00:02+00:00,MOTOR-001,51.58,1.46,8.76,1484.6,230.2,4.21,running,normal,normal
2026-01-15T08:00:03+00:00,MOTOR-001,51.59,1.46,8.81,1484.0,229.9,4.21,running,normal,normal
2026-01-15T08:00:04+00:00,MOTOR-001,51.65,1.47,8.83,1484.7,230.3,4.2,running,normal,normal
2026-01-15T08:00:05+00:00,MOTOR-001,51.68,1.43,8.69,1484.5,229.7,4.21,running,normal,normal
2026-01-15T08:00:06+00:00,MOTOR-001,51.72,1.42,8.8,1484.2,229.8,4.2,running,normal,normal
2026-01-15T08:00:07+00:00,MOTOR-001,51.72,1.48,8.84,1484.9,230.2,4.21,running,normal,normal
2026-01-15T08:00:08+00:00,MOTOR-001,51.68,1.47,8.81,1485.3,230.0,4.23,running,normal,normal
2026-01-15T08:00:09+00:00,MOTOR-001,51.64,1.46,8.86,1486.1,230.2,4.23,running,normal,normal
2026-01-15T08:00:10+00:00,MOTOR-001,51.76,1.48,8.77,1485.4,230.6,4.2,running,normal,normal
2026-01-15T08:00:11+00:00,MOTOR-001,51.77,1.51,8.79,1485.7,230.5,4.22,running,normal,normal
2026-01-15T08:00:12+00:00,MOTOR-001,51.82,1.5,8.79,1485.0,230.7,4.21,running,normal,normal
2026-01-15T08:00:13+00:00,MOTOR-001,51.82,1.54,8.78,1485.0,229.4,4.2,running,normal,normal
2026-01-15T08:00:14+00:00,MOTOR-001,51.79,1.56,8.87,1485.1,229.9,4.2,running,normal,normal
2026-01-15T08:00:15+00:00,MOTOR-001,51.88,1.59,8.87,1484.6,230.4,4.2,running,normal,normal
2026-01-15T08:00:16+00:00,MOTOR-001,51.96,1.58,8.96,1484.8,230.9,4.2,running,normal,normal
2026-01-15T08:00:17+00:00,MOTOR-001,51.92,1.54,8.9,1485.9,230.8,4.21,running,normal,normal
2026-01-15T08:00:18+00:00,MOTOR-001,51.78,1.57,8.91,1485.3,230.0,4.21,running,normal,normal
2026-01-15T08:00:19+00:00,MOTOR-001,51.93,1.54,8.86,1486.2,229.8,4.2,running,normal,normal
2026-01-15T08:00:20+00:00,MOTOR-001,51.95,1.52,8.87,1485.1,230.3,4.2,running,normal,normal
2026-01-15T08:00:21+00:00,MOTOR-001,52.11,1.55,8.94,1484.5,230.1,4.2,running,normal,normal
2026-01-15T08:00:22+00:00,MOTOR-001,52.2,1.51,8.95,1485.3,230.8,4.21,running,normal,normal
2026-01-15T08:00:23+00:00,MOTOR-001,52.17,1.53,8.85,1485.5,230.2,4.22,running,normal,normal
2026-01-15T08:00:24+00:00,MOTOR-001,52.11,1.56,8.78,1485.3,230.2,4.22,running,normal,normal
2026-01-15T08:00:25+00:00,MOTOR-001,52.19,1.57,8.77,1485.7,230.3,4.22,running,normal,normal
2026-01-15T08:00:26+00:00,MOTOR-001,52.13,1.62,8.83,1486.0,230.7,4.22,running,normal,normal
2026-01-15T08:00:27+00:00,MOTOR-001,52.15,1.68,8.87,1485.6,230.4,4.23,running,normal,normal
2026-01-15T08:00:28+00:00,MOTOR-001,52.16,1.66,8.94,1485.3,229.3,4.22,running,normal,normal
2026-01-15T08:00:29+00:00,MOTOR-001,52.18,1.62,8.96,1485.8,229.2,4.22,running,normal,normal
2026-01-15T08:00:30+00:00,MOTOR-001,52.17,1.56,8.95,1485.7,229.3,4.22,running,normal,normal
2026-01-15T08:00:31+00:00,MOTOR-001,52.21,1.56,8.94,1486.3,229.4,4.22,running,normal,normal
2026-01-15T08:00:32+00:00,MOTOR-001,52.22,1.65,8.82,1486.4,229.6,4.21,running,normal,normal
2026-01-15T08:00:33+00:00,MOTOR-001,52.35,1.63,8.97,1485.8,230.0,4.2,running,normal,normal
2026-01-15T08:00:34+00:00,MOTOR-001,52.29,1.62,8.92,1485.8,229.0,4.22,running,normal,normal
2026-01-15T08:00:35+00:00,MOTOR-001,52.28,1.66,8.86,1485.9,231.1,4.21,running,normal,normal
2026-01-15T08:00:36+00:00,MOTOR-001,52.19,1.62,8.91,1486.3,231.1,4.2,running,normal,normal
2026-01-15T08:00:37+00:00,MOTOR-001,52.12,1.59,8.97,1486.3,229.5,4.2,running,normal,normal
2026-01-15T08:00:38+00:00,MOTOR-001,52.27,1.66,8.97,1486.2,229.2,4.19,running,normal,normal
2026-01-15T08:00:39+00:00,MOTOR-001,52.29,1.65,8.97,1485.7,229.1,4.19,running,normal,normal
2026-01-15T08:00:40+00:00,MOTOR-001,52.24,1.64,8.83,1485.6,229.9,4.21,running,normal,normal
2026-01-15T08:00:41+00:00,MOTOR-001,52.28,1.65,8.85,1485.2,229.6,4.22,running,normal,normal
2026-01-15T08:00:42+00:00,MOTOR-001,52.38,1.64,9.05,1485.5,230.1,4.22,running,normal,normal
2026-01-15T08:00:43+00:00,MOTOR-001,52.38,1.68,9.06,1484.8,229.9,4.21,running,normal,normal
2026-01-15T08:00:44+00:00,MOTOR-001,52.44,1.59,8.88,1484.2,229.9,4.21,running,normal,normal
2026-01-15T08:00:45+00:00,MOTOR-001,52.47,1.56,8.84,1483.8,230.1,4.21,running,normal,normal
2026-01-15T08:00:46+00:00,MOTOR-001,52.53,1.58,8.88,1485.7,230.0,4.2,running,normal,normal
2026-01-15T08:00:47+00:00,MOTOR-001,52.48,1.55,8.8,1485.9,230.1,4.2,running,normal,normal
2026-01-15T08:00:48+00:00,MOTOR-001,52.44,1.56,8.95,1485.9,229.8,4.19,running,normal,normal
2026-01-15T08:00:49+00:00,MOTOR-001,52.46,1.51,8.94,1486.0,230.8,4.2,running,normal,normal
2026-01-15T08:00:50+00:00,MOTOR-001,52.54,1.5,8.97,1485.3,230.5,4.21,running,normal,normal
2026-01-15T08:00:51+00:00,MOTOR-001,52.49,1.57,8.98,1484.5,230.5,4.2,running,normal,normal
2026-01-15T08:00:52+00:00,MOTOR-001,52.5,1.57,8.98,1484.0,229.6,4.21,running,normal,normal
2026-01-15T08:00:53+00:00,MOTOR-001,52.6,1.61,9.05,1483.8,230.2,4.19,running,normal,normal
2026-01-15T08:00:54+00:00,MOTOR-001,52.69,1.58,8.94,1486.1,230.4,4.17,running,normal,normal
2026-01-15T08:00:55+00:00,MOTOR-001,52.68,1.52,8.95,1485.8,230.8,4.17,running,normal,normal
2026-01-15T08:00:56+00:00,MOTOR-001,52.68,1.57,8.91,1486.1,230.4,4.17,running,normal,normal
2026-01-15T08:00:57+00:00,MOTOR-001,52.7,1.54,8.88,1487.1,230.5,4.18,running,normal,normal
2026-01-15T08:00:58+00:00,MOTOR-001,52.64,1.49,8.98,1486.5,230.4,4.18,running,normal,normal
2026-01-15T08:00:59+00:00,MOTOR-001,52.67,1.48,9.01,1486.2,230.6,4.19,running,normal,normal
2026-01-15T08:01:00+00:00,MOTOR-001,52.65,1.45,8.94,1485.7,229.8,4.2,running,normal,normal
2026-01-15T08:01:01+00:00,MOTOR-001,52.65,1.5,9.06,1486.0,229.2,4.2,running,normal,normal
2026-01-15T08:01:02+00:00,MOTOR-001,52.64,1.43,9.0,1486.2,229.4,4.19,running,normal,normal
2026-01-15T08:01:03+00:00,MOTOR-001,52.6,1.49,8.97,1485.7,229.6,4.2,running,normal,normal
2026-01-15T08:01:04+00:00,MOTOR-001,52.57,1.48,9.01,1486.4,230.5,4.2,running,normal,normal
2026-01-15T08:01:05+00:00,MOTOR-001,52.66,1.44,8.97,1487.0,230.6,4.2,running,normal,normal
2026-01-15T08:01:06+00:00,MOTOR-001,52.59,1.45,8.94,1486.1,229.9,4.2,running,normal,normal
2026-01-15T08:01:07+00:00,MOTOR-001,52.48,1.44,8.96,1485.8,230.5,4.21,running,normal,normal
2026-01-15T08:01:08+00:00,MOTOR-001,52.49,1.41,9.0,1485.1,230.0,4.2,running,normal,normal
2026-01-15T08:01:09+00:00,MOTOR-001,52.54,1.41,8.99,1486.4,230.1,4.2,running,normal,normal
2026-01-15T08:01:10+00:00,MOTOR-001,52.5,1.43,9.01,1487.2,229.7,4.2,running,normal,normal
2026-01-15T08:01:11+00:00,MOTOR-001,52.55,1.41,8.99,1485.7,230.3,4.2,running,normal,normal
2026-01-15T08:01:12+00:00,MOTOR-001,52.65,1.47,8.97,1486.0,230.1,4.22,running,normal,normal
2026-01-15T08:01:13+00:00,MOTOR-001,52.56,1.44,8.9,1484.6,229.1,4.2,running,normal,normal
2026-01-15T08:01:14+00:00,MOTOR-001,52.66,1.38,8.93,1484.8,229.9,4.19,running,normal,normal
2026-01-15T08:01:15+00:00,MOTOR-001,52.75,1.34,8.92,1485.7,230.0,4.21,running,normal,normal
2026-01-15T08:01:16+00:00,MOTOR-001,52.75,1.31,8.92,1485.7,230.3,4.21,running,normal,normal
2026-01-15T08:01:17+00:00,MOTOR-001,52.73,1.35,8.93,1486.0,230.2,4.22,running,normal,normal
2026-01-15T08:01:18+00:00,MOTOR-001,52.71,1.34,8.9,1486.6,229.8,4.22,running,normal,normal
2026-01-15T08:01:19+00:00,MOTOR-001,52.59,1.37,8.88,1486.1,230.4,4.2,running,normal,normal
2026-01-15T08:01:20+00:00,MOTOR-001,52.61,1.36,8.88,1487.1,230.9,4.18,running,normal,normal
2026-01-15T08:01:21+00:00,MOTOR-001,52.54,1.37,8.87,1486.5,230.4,4.19,running,normal,normal
2026-01-15T08:01:22+00:00,MOTOR-001,52.57,1.35,8.89,1487.3,229.9,4.2,running,normal,normal
2026-01-15T08:01:23+00:00,MOTOR-001,52.57,1.34,8.93,1486.8,229.5,4.21,running,normal,normal
2026-01-15T08:01:24+00:00,MOTOR-001,52.69,1.34,9.0,1487.1,230.2,4.21,running,normal,normal
2026-01-15T08:01:25+00:00,MOTOR-001,52.7,1.36,9.0,1486.2,230.1,4.19,running,normal,normal
2026-01-15T08:01:26+00:00,MOTOR-001,52.69,1.35,9.06,1486.5,230.5,4.19,running,normal,normal
2026-01-15T08:01:27+00:00,MOTOR-001,52.63,1.29,8.98,1485.7,230.5,4.19,running,normal,normal
2026-01-15T08:01:28+00:00,MOTOR-001,52.67,1.3,9.04,1486.8,229.9,4.19,running,normal,normal
2026-01-15T08:01:29+00:00,MOTOR-001,52.64,1.25,9.05,1487.4,230.0,4.19,running,normal,normal
2026-01-15T08:01:30+00:00,MOTOR-001,52.71,1.19,9.03,1487.1,229.7,4.21,running,normal,normal
2026-01-15T08:01:31+00:00,MOTOR-001,52.76,1.23,9.01,1486.6,229.6,4.19,running,normal,normal
2026-01-15T08:01:32+00:00,MOTOR-001,52.82,1.29,9.04,1485.9,230.9,4.21,running,normal,normal
2026-01-15T08:01:33+00:00,MOTOR-001,52.79,1.27,8.98,1486.5,229.9,4.21,running,normal,normal
2026-01-15T08:01:34+00:00,MOTOR-001,52.82,1.23,9.09,1487.5,229.4,4.19,running,normal,normal
2026-01-15T08:01:35+00:00,MOTOR-001,52.75,1.23,9.03,1485.5,229.6,4.21,running,normal,normal
2026-01-15T08:01:36+00:00,MOTOR-001,52.65,1.25,8.94,1486.5,229.7,4.23,running,normal,normal
2026-01-15T08:01:37+00:00,MOTOR-001,52.65,1.26,9.0,1486.3,229.3,4.22,running,normal,normal
2026-01-15T08:01:38+00:00,MOTOR-001,52.63,1.28,9.02,1486.2,229.9,4.23,running,normal,normal
2026-01-15T08:01:39+00:00,MOTOR-001,52.55,1.35,9.0,1486.0,231.1,4.22,running,normal,normal
2026-01-15T08:01:40+00:00,MOTOR-001,52.64,1.36,8.91,1486.4,230.2,4.2,running,normal,normal
2026-01-15T08:01:41+00:00,MOTOR-001,52.51,1.34,8.99,1486.8,229.9,4.2,running,normal,normal
2026-01-15T08:01:42+00:00,MOTOR-001,52.46,1.31,8.94,1486.6,230.0,4.19,running,normal,normal
2026-01-15T08:01:43+00:00,MOTOR-001,52.47,1.29,8.97,1487.0,230.1,4.2,running,normal,normal
2026-01-15T08:01:44+00:00,MOTOR-001,52.38,1.29,9.0,1487.2,229.3,4.2,running,normal,normal
2026-01-15T08:01:45+00:00,MOTOR-001,52.49,1.3,8.99,1487.3,229.8,4.21,running,normal,normal
2026-01-15T08:01:46+00:00,MOTOR-001,52.5,1.32,8.96,1486.9,230.5,4.2,running,normal,normal
2026-01-15T08:01:47+00:00,MOTOR-001,52.49,1.31,9.02,1486.3,230.6,4.19,running,normal,normal
2026-01-15T08:01:48+00:00,MOTOR-001,52.42,1.33,9.02,1486.7,230.8,4.19,running,normal,normal
2026-01-15T08:01:49+00:00,MOTOR-001,52.46,1.3,9.07,1487.1,230.6,4.2,running,normal,normal
2026-01-15T08:01:50+00:00,MOTOR-001,52.41,1.31,9.06,1487.0,230.3,4.18,running,normal,normal
2026-01-15T08:01:51+00:00,MOTOR-001,52.43,1.31,8.98,1486.8,229.2,4.2,running,normal,normal
2026-01-15T08:01:52+00:00,MOTOR-001,52.48,1.33,8.94,1486.2,229.6,4.18,running,normal,normal
2026-01-15T08:01:53+00:00,MOTOR-001,52.48,1.36,8.95,1486.2,229.9,4.19,running,normal,normal
2026-01-15T08:01:54+00:00,MOTOR-001,52.52,1.37,8.94,1486.2,230.1,4.2,running,normal,normal
2026-01-15T08:01:55+00:00,MOTOR-001,52.47,1.34,8.93,1485.3,230.2,4.19,running,normal,normal
2026-01-15T08:01:56+00:00,MOTOR-001,52.36,1.3,8.91,1486.4,229.4,4.18,running,normal,normal
2026-01-15T08:01:57+00:00,MOTOR-001,52.37,1.32,8.97,1487.1,229.8,4.17,running,normal,normal
2026-01-15T08:01:58+00:00,MOTOR-001,52.35,1.37,8.95,1486.1,230.4,4.18,running,normal,normal
2026-01-15T08:01:59+00:00,MOTOR-001,52.32,1.39,9.03,1486.6,230.0,4.19,running,normal,normal
2026-01-15T08:02:00+00:00,MOTOR-001,52.44,1.44,9.04,1486.1,231.8,4.18,running,normal,normal
2026-01-15T08:02:01+00:00,MOTOR-001,52.38,1.41,9.1,1486.7,230.0,4.19,running,normal,normal
2026-01-15T08:02:02+00:00,MOTOR-001,52.38,1.41,8.99,1486.4,229.8,4.19,running,normal,normal
2026-01-15T08:02:03+00:00,MOTOR-001,52.31,1.44,8.94,1485.6,229.6,4.21,running,normal,normal
2026-01-15T08:02:04+00:00,MOTOR-001,52.25,1.52,8.99,1485.5,229.4,4.21,running,normal,normal
2026-01-15T08:02:05+00:00,MOTOR-001,52.17,1.57,8.94,1486.6,230.5,4.2,running,normal,normal
2026-01-15T08:02:06+00:00,MOTOR-001,52.11,1.52,8.98,1487.3,230.2,4.19,running,normal,normal
2026-01-15T08:02:07+00:00,MOTOR-001,52.12,1.48,8.88,1486.7,229.4,4.2,running,normal,normal
2026-01-15T08:02:08+00:00,MOTOR-001,52.25,1.53,8.9,1486.5,230.1,4.21,running,normal,normal
2026-01-15T08:02:09+00:00,MOTOR-001,52.19,1.51,9.05,1486.7,229.8,4.21,running,normal,normal
2026-01-15T08:02:10+00:00,MOTOR-001,52.2,1.47,9.01,1486.1,229.8,4.22,running,normal,normal
2026-01-15T08:02:11+00:00,MOTOR-001,52.22,1.48,8.95,1486.3,230.4,4.21,running,normal,normal
2026-01-15T08:02:12+00:00,MOTOR-001,52.27,1.44,8.95,1487.7,229.2,4.22,running,normal,normal
2026-01-15T08:02:13+00:00,MOTOR-001,52.09,1.47,8.96,1487.8,228.2,4.2,running,normal,normal
2026-01-15T08:02:14+00:00,MOTOR-001,52.04,1.49,8.92,1487.2,228.7,4.19,running,normal,normal
2026-01-15T08:02:15+00:00,MOTOR-001,51.97,1.51,8.98,1488.0,229.2,4.19,running,normal,normal
2026-01-15T08:02:16+00:00,MOTOR-001,51.98,1.51,8.98,1486.5,229.8,4.19,running,normal,normal
2026-01-15T08:02:17+00:00,MOTOR-001,51.91,1.47,9.03,1486.7,230.5,4.19,running,normal,normal
2026-01-15T08:02:18+00:00,MOTOR-001,51.81,1.46,9.04,1486.4,229.7,4.19,running,normal,normal
2026-01-15T08:02:19+00:00,MOTOR-001,51.82,1.47,8.99,1486.4,228.6,4.2,running,normal,normal
2026-01-15T08:02:20+00:00,MOTOR-001,51.78,1.54,8.92,1485.7,230.0,4.19,running,normal,normal
2026-01-15T08:02:21+00:00,MOTOR-001,51.76,1.57,8.93,1485.4,230.1,4.19,running,normal,normal
2026-01-15T08:02:22+00:00,MOTOR-001,51.86,1.59,9.1,1485.2,230.0,4.18,running,normal,normal
2026-01-15T08:02:23+00:00,MOTOR-001,51.92,1.61,9.07,1485.6,229.7,4.17,running,normal,normal
2026-01-15T08:02:24+00:00,MOTOR-001,51.99,1.61,9.0,1486.9,230.2,4.19,running,normal,normal
2026-01-15T08:02:25+00:00,MOTOR-001,51.83,1.57,8.99,1487.1,230.5,4.18,running,normal,normal
2026-01-15T08:02:26+00:00,MOTOR-001,51.82,1.65,9.01,1487.6,230.2,4.19,running,normal,normal
2026-01-15T08:02:27+00:00,MOTOR-001,51.91,1.63,9.05,1486.8,230.4,4.2,running,normal,normal
2026-01-15T08:02:28+00:00,MOTOR-001,51.81,1.65,8.97,1486.4,230.1,4.22,running,normal,normal
2026-01-15T08:02:29+00:00,MOTOR-001,51.79,1.65,8.93,1486.7,229.5,4.21,running,normal,normal
2026-01-15T08:02:30+00:00,MOTOR-001,51.81,1.63,9.01,1486.7,229.7,4.22,running,normal,normal
2026-01-15T08:02:31+00:00,MOTOR-001,51.72,1.57,9.05,1487.1,228.8,4.21,running,normal,normal
2026-01-15T08:02:32+00:00,MOTOR-001,51.66,1.63,8.96,1486.7,229.1,4.2,running,normal,normal
2026-01-15T08:02:33+00:00,MOTOR-001,51.6,1.57,8.9,1485.9,228.9,4.19,running,normal,normal
2026-01-15T08:02:34+00:00,MOTOR-001,51.55,1.56,8.86,1486.7,229.5,4.19,running,normal,normal
2026-01-15T08:02:35+00:00,MOTOR-001,51.52,1.63,8.92,1487.2,228.6,4.18,running,normal,normal
2026-01-15T08:02:36+00:00,MOTOR-001,51.38,1.6,8.95,1486.7,229.7,4.18,running,normal,normal
2026-01-15T08:02:37+00:00,MOTOR-001,51.44,1.55,8.93,1487.1,230.1,4.18,running,normal,normal
2026-01-15T08:02:38+00:00,MOTOR-001,51.56,1.56,8.91,1485.4,230.9,4.19,running,normal,normal
2026-01-15T08:02:39+00:00,MOTOR-001,51.46,1.62,8.98,1486.3,229.7,4.19,running,normal,normal
2026-01-15T08:02:40+00:00,MOTOR-001,51.41,1.57,9.01,1485.3,230.1,4.2,running,normal,normal
2026-01-15T08:02:41+00:00,MOTOR-001,51.53,1.59,8.87,1485.7,230.1,4.2,running,normal,normal
2026-01-15T08:02:42+00:00,MOTOR-001,51.55,1.53,8.88,1486.9,230.8,4.22,running,normal,normal
2026-01-15T08:02:43+00:00,MOTOR-001,51.47,1.59,8.99,1487.7,230.7,4.22,running,normal,normal
2026-01-15T08:02:44+00:00,MOTOR-001,51.38,1.54,9.01,1487.1,230.2,4.21,running,normal,normal
2026-01-15T08:02:45+00:00,MOTOR-001,51.33,1.57,8.91,1487.1,230.2,4.21,running,normal,normal
2026-01-15T08:02:46+00:00,MOTOR-001,51.27,1.6,9.01,1486.7,230.7,4.21,running,normal,normal
2026-01-15T08:02:47+00:00,MOTOR-001,51.1,1.57,8.93,1487.3,230.4,4.21,running,normal,normal
2026-01-15T08:02:48+00:00,MOTOR-001,51.17,1.54,8.89,1486.4,230.1,4.21,running,normal,normal
2026-01-15T08:02:49+00:00,MOTOR-001,51.18,1.53,8.94,1487.2,230.8,4.21,running,normal,normal
2026-01-15T08:02:50+00:00,MOTOR-001,51.19,1.56,8.96,1486.7,230.9,4.22,running,normal,normal
2026-01-15T08:02:51+00:00,MOTOR-001,51.3,1.56,8.95,1487.1,230.4,4.22,running,normal,normal
2026-01-15T08:02:52+00:00,MOTOR-001,51.25,1.55,9.01,1487.1,230.2,4.22,running,normal,normal
2026-01-15T08:02:53+00:00,MOTOR-001,51.22,1.56,8.95,1486.3,230.1,4.21,running,normal,normal
2026-01-15T08:02:54+00:00,MOTOR-001,51.2,1.52,8.97,1487.1,230.2,4.2,running,normal,normal
2026-01-15T08:02:55+00:00,MOTOR-001,51.19,1.46,8.88,1486.9,230.2,4.2,running,normal,normal
2026-01-15T08:02:56+00:00,MOTOR-001,51.09,1.49,8.86,1486.3,230.2,4.2,running,normal,normal
2026-01-15T08:02:57+00:00,MOTOR-001,51.14,1.53,8.91,1486.8,229.7,4.19,running,normal,normal
2026-01-15T08:02:58+00:00,MOTOR-001,51.01,1.62,8.85,1486.8,229.7,4.19,running,normal,normal
2026-01-15T08:02:59+00:00,MOTOR-001,50.97,1.51,8.82,1486.0,229.8,4.19,running,normal,normal
2026-01-15T08:03:00+00:00,MOTOR-001,50.92,1.52,8.82,1487.0,229.7,4.19,running,normal,normal
2026-01-15T08:03:01+00:00,MOTOR-001,50.84,1.53,8.83,1487.2,230.1,4.19,running,normal,normal
2026-01-15T08:03:02+00:00,MOTOR-001,50.87,1.5,8.92,1487.6,230.3,4.19,running,normal,normal
2026-01-15T08:03:03+00:00,MOTOR-001,50.8,1.47,8.89,1487.6,229.7,4.2,running,normal,normal
2026-01-15T08:03:04+00:00,MOTOR-001,50.82,1.41,8.85,1485.7,229.5,4.2,running,normal,normal
2026-01-15T08:03:05+00:00,MOTOR-001,50.79,1.42,8.84,1485.9,230.5,4.21,running,normal,normal
2026-01-15T08:03:06+00:00,MOTOR-001,50.72,1.48,8.77,1485.9,230.9,4.19,running,normal,normal
2026-01-15T08:03:07+00:00,MOTOR-001,50.78,1.43,8.81,1486.3,231.2,4.18,running,normal,normal
2026-01-15T08:03:08+00:00,MOTOR-001,50.78,1.46,8.82,1486.1,230.4,4.19,running,normal,normal
2026-01-15T08:03:09+00:00,MOTOR-001,50.83,1.42,8.82,1486.7,230.1,4.19,running,normal,normal
2026-01-15T08:03:10+00:00,MOTOR-001,50.81,1.4,8.8,1487.1,229.5,4.2,running,normal,normal
2026-01-15T08:03:11+00:00,MOTOR-001,50.8,1.37,8.84,1487.1,230.2,4.21,running,normal,normal
2026-01-15T08:03:12+00:00,MOTOR-001,50.76,1.37,8.81,1486.4,229.7,4.21,running,normal,normal
2026-01-15T08:03:13+00:00,MOTOR-001,50.74,1.37,8.79,1486.8,229.6,4.2,running,normal,normal
2026-01-15T08:03:14+00:00,MOTOR-001,50.71,1.37,8.76,1487.3,230.3,4.2,running,normal,normal
2026-01-15T08:03:15+00:00,MOTOR-001,50.71,1.4,8.8,1487.6,230.9,4.2,running,normal,normal
2026-01-15T08:03:16+00:00,MOTOR-001,50.72,1.42,8.8,1486.6,230.8,4.19,running,normal,normal
2026-01-15T08:03:17+00:00,MOTOR-001,50.81,1.43,8.83,1486.7,231.2,4.18,running,normal,normal
2026-01-15T08:03:18+00:00,MOTOR-001,50.68,1.39,8.82,1486.2,230.5,4.19,running,normal,normal
2026-01-15T08:03:19+00:00,MOTOR-001,50.61,1.43,8.75,1485.7,230.4,4.19,running,normal,normal
2026-01-15T08:03:20+00:00,MOTOR-001,50.63,1.39,8.74,1485.9,229.8,4.2,running,normal,normal
2026-01-15T08:03:21+00:00,MOTOR-001,50.58,1.4,8.81,1487.0,230.4,4.21,running,normal,normal
2026-01-15T08:03:22+00:00,MOTOR-001,50.62,1.36,8.8,1485.8,230.3,4.2,running,normal,normal
2026-01-15T08:03:23+00:00,MOTOR-001,50.62,1.37,8.74,1485.7,229.9,4.19,running,normal,normal
2026-01-15T08:03:24+00:00,MOTOR-001,50.61,1.32,8.78,1485.2,228.9,4.2,running,normal,normal
2026-01-15T08:03:25+00:00,MOTOR-001,50.5,1.31,8.72,1485.1,229.4,4.2,running,normal,normal
2026-01-15T08:03:26+00:00,MOTOR-001,50.56,1.33,8.75,1486.4,230.3,4.2,running,normal,normal
2026-01-15T08:03:27+00:00,MOTOR-001,50.51,1.36,8.87,1487.0,231.0,4.21,running,normal,normal
2026-01-15T08:03:28+00:00,MOTOR-001,50.55,1.31,8.78,1486.8,229.6,4.2,running,normal,normal
2026-01-15T08:03:29+00:00,MOTOR-001,50.58,1.29,8.82,1486.0,229.6,4.21,running,normal,normal
2026-01-15T08:03:30+00:00,MOTOR-001,50.56,1.31,8.89,1487.1,229.4,4.22,running,normal,normal
2026-01-15T08:03:31+00:00,MOTOR-001,50.49,1.31,8.84,1487.6,229.2,4.22,running,normal,normal
2026-01-15T08:03:32+00:00,MOTOR-001,50.51,1.34,8.81,1487.7,229.3,4.22,running,normal,normal
2026-01-15T08:03:33+00:00,MOTOR-001,50.5,1.28,8.82,1487.3,229.6,4.21,running,normal,normal
2026-01-15T08:03:34+00:00,MOTOR-001,50.46,1.24,8.88,1486.3,229.5,4.22,running,normal,normal
2026-01-15T08:03:35+00:00,MOTOR-001,50.48,1.29,8.91,1486.3,229.3,4.22,running,normal,normal
2026-01-15T08:03:36+00:00,MOTOR-001,50.51,1.28,8.78,1487.2,230.0,4.2,running,normal,normal
2026-01-15T08:03:37+00:00,MOTOR-001,50.52,1.24,8.75,1486.3,229.7,4.19,running,normal,normal
2026-01-15T08:03:38+00:00,MOTOR-001,50.44,1.29,8.78,1486.8,230.4,4.19,running,normal,normal
2026-01-15T08:03:39+00:00,MOTOR-001,50.43,1.31,8.86,1487.3,230.8,4.2,running,normal,normal
2026-01-15T08:03:40+00:00,MOTOR-001,50.47,1.25,8.86,1487.1,230.4,4.2,running,normal,normal
2026-01-15T08:03:41+00:00,MOTOR-001,50.42,1.28,8.85,1485.9,230.2,4.19,running,normal,normal
2026-01-15T08:03:42+00:00,MOTOR-001,50.34,1.3,8.79,1485.9,229.7,4.2,running,normal,normal
2026-01-15T08:03:43+00:00,MOTOR-001,50.34,1.27,8.73,1486.1,230.1,4.19,running,normal,normal
2026-01-15T08:03:44+00:00,MOTOR-001,50.36,1.26,8.88,1485.8,229.7,4.19,running,normal,normal
2026-01-15T08:03:45+00:00,MOTOR-001,50.3,1.3,8.9,1485.9,229.9,4.19,running,normal,normal
2026-01-15T08:03:46+00:00,MOTOR-001,50.3,1.35,8.87,1485.7,230.7,4.2,running,normal,normal
2026-01-15T08:03:47+00:00,MOTOR-001,50.34,1.31,8.81,1485.6,230.5,4.2,running,normal,normal
2026-01-15T08:03:48+00:00,MOTOR-001,50.19,1.34,8.79,1486.7,230.1,4.2,running,normal,normal
2026-01-15T08:03:49+00:00,MOTOR-001,50.29,1.35,8.78,1488.5,230.0,4.2,running,normal,normal
2026-01-15T08:03:50+00:00,MOTOR-001,50.4,1.31,8.7,1486.6,230.2,4.21,running,normal,normal
2026-01-15T08:03:51+00:00,MOTOR-001,50.42,1.27,8.77,1487.3,230.1,4.21,running,normal,normal
2026-01-15T08:03:52+00:00,MOTOR-001,50.43,1.31,8.78,1486.2,229.9,4.19,running,normal,normal
2026-01-15T08:03:53+00:00,MOTOR-001,50.44,1.34,8.75,1486.5,229.2,4.2,running,normal,normal
2026-01-15T08:03:54+00:00,MOTOR-001,50.38,1.34,8.79,1486.0,230.3,4.2,running,normal,normal
2026-01-15T08:03:55+00:00,MOTOR-001,50.36,1.36,8.7,1486.6,230.1,4.21,running,normal,normal
2026-01-15T08:03:56+00:00,MOTOR-001,50.33,1.35,8.73,1486.4,229.5,4.21,running,normal,normal
2026-01-15T08:03:57+00:00,MOTOR-001,50.4,1.35,8.68,1486.8,228.9,4.19,running,normal,normal
2026-01-15T08:03:58+00:00,MOTOR-001,50.38,1.36,8.71,1486.1,229.5,4.18,running,normal,normal
2026-01-15T08:03:59+00:00,MOTOR-001,50.37,1.31,8.7,1486.4,229.0,4.18,running,normal,normal
2026-01-15T08:04:00+00:00,MOTOR-001,50.41,1.39,8.63,1486.6,229.0,4.17,running,normal,normal
2026-01-15T08:04:01+00:00,MOTOR-001,50.48,1.41,8.63,1486.6,229.9,4.18,running,normal,normal
2026-01-15T08:04:02+00:00,MOTOR-001,50.58,1.42,8.52,1486.3,229.6,4.19,running,normal,normal
2026-01-15T08:04:03+00:00,MOTOR-001,50.51,1.39,8.55,1487.1,230.1,4.18,running,normal,normal
2026-01-15T08:04:04+00:00,MOTOR-001,50.51,1.42,8.69,1486.1,230.4,4.18,running,normal,normal
2026-01-15T08:04:05+00:00,MOTOR-001,50.54,1.41,8.58,1486.2,229.3,4.19,running,normal,normal
2026-01-15T08:04:06+00:00,MOTOR-001,50.48,1.4,8.56,1485.5,229.3,4.19,running,normal,normal
2026-01-15T08:04:07+00:00,MOTOR-001,50.53,1.43,8.6,1486.6,229.1,4.2,running,normal,normal
2026-01-15T08:04:08+00:00,MOTOR-001,50.47,1.44,8.68,1486.0,230.0,4.2,running,normal,normal
2026-01-15T08:04:09+00:00,MOTOR-001,50.59,1.43,8.74,1486.5,229.4,4.21,running,normal,normal
2026-01-15T08:04:10+00:00,MOTOR-001,50.46,1.37,8.76,1487.0,229.8,4.21,running,normal,normal
2026-01-15T08:04:11+00:00,MOTOR-001,50.54,1.42,8.69,1487.0,229.3,4.2,running,normal,normal
2026-01-15T08:04:12+00:00,MOTOR-001,50.43,1.37,8.62,1487.3,229.2,4.19,running,normal,normal
2026-01-15T08:04:13+00:00,MOTOR-001,50.35,1.44,8.65,1487.0,229.6,4.19,running,normal,normal
2026-01-15T08:04:14+00:00,MOTOR-001,50.3,1.48,8.66,1487.0,228.3,4.2,running,normal,normal
2026-01-15T08:04:15+00:00,MOTOR-001,50.29,1.55,8.64,1486.6,229.7,4.19,running,normal,normal
2026-01-15T08:04:16+00:00,MOTOR-001,50.37,1.51,8.72,1486.8,230.1,4.19,running,normal,normal
2026-01-15T08:04:17+00:00,MOTOR-001,50.37,1.51,8.59,1486.1,230.5,4.18,running,normal,normal
2026-01-15T08:04:18+00:00,MOTOR-001,50.47,1.49,8.64,1485.4,230.4,4.19,running,normal,normal
2026-01-15T08:04:19+00:00,MOTOR-001,50.53,1.54,8.72,1485.8,229.6,4.21,running,normal,normal
2026-01-15T08:04:20+00:00,MOTOR-001,50.43,1.52,8.72,1486.2,230.6,4.2,running,normal,normal
2026-01-15T08:04:21+00:00,MOTOR-001,50.33,1.51,8.7,1485.9,230.9,4.2,running,normal,normal
2026-01-15T08:04:22+00:00,MOTOR-001,50.28,1.54,8.62,1487.0,230.5,4.19,running,normal,normal
2026-01-15T08:04:23+00:00,MOTOR-001,50.4,1.61,8.54,1487.0,230.4,4.19,running,normal,normal
2026-01-15T08:04:24+00:00,MOTOR-001,50.45,1.6,8.56,1487.3,229.5,4.21,running,normal,normal
2026-01-15T08:04:25+00:00,MOTOR-001,50.56,1.54,8.6,1487.5,229.6,4.21,running,normal,normal
2026-01-15T08:04:26+00:00,MOTOR-001,50.53,1.59,8.6,1486.7,230.1,4.2,running,normal,normal
2026-01-15T08:04:27+00:00,MOTOR-001,50.48,1.53,8.55,1485.6,229.2,4.2,running,normal,normal
2026-01-15T08:04:28+00:00,MOTOR-001,50.52,1.55,8.55,1485.1,229.2,4.18,running,normal,normal
2026-01-15T08:04:29+00:00,MOTOR-001,50.45,1.58,8.53,1485.5,229.4,4.21,running,normal,normal
2026-01-15T08:04:30+00:00,MOTOR-001,50.37,1.58,8.57,1485.2,229.9,4.21,running,normal,normal
2026-01-15T08:04:31+00:00,MOTOR-001,50.36,1.6,8.62,1486.3,229.7,4.22,running,normal,normal
2026-01-15T08:04:32+00:00,MOTOR-001,50.42,1.53,8.66,1486.0,229.4,4.22,running,normal,normal
2026-01-15T08:04:33+00:00,MOTOR-001,50.44,1.58,8.64,1486.3,230.1,4.22,running,normal,normal
2026-01-15T08:04:34+00:00,MOTOR-001,50.43,1.61,8.64,1487.3,230.3,4.22,running,normal,normal
2026-01-15T08:04:35+00:00,MOTOR-001,50.44,1.59,8.64,1485.8,229.5,4.21,running,normal,normal
2026-01-15T08:04:36+00:00,MOTOR-001,50.5,1.6,8.69,1485.5,230.1,4.21,running,normal,normal
2026-01-15T08:04:37+00:00,MOTOR-001,50.54,1.61,8.56,1485.7,229.8,4.2,running,normal,normal
2026-01-15T08:04:38+00:00,MOTOR-001,50.47,1.59,8.5,1486.2,229.8,4.18,running,normal,normal
2026-01-15T08:04:39+00:00,MOTOR-001,50.49,1.62,8.53,1485.8,229.7,4.19,running,normal,normal
2026-01-15T08:04:40+00:00,MOTOR-001,50.45,1.61,8.55,1487.5,229.8,4.19,running,normal,normal
2026-01-15T08:04:41+00:00,MOTOR-001,50.6,1.6,8.6,1486.0,230.7,4.19,running,normal,normal
2026-01-15T08:04:42+00:00,MOTOR-001,50.67,1.64,8.6,1485.8,230.5,4.2,running,normal,normal
2026-01-15T08:04:43+00:00,MOTOR-001,50.64,1.63,8.56,1485.3,229.9,4.21,running,normal,normal
2026-01-15T08:04:44+00:00,MOTOR-001,50.79,1.7,8.59,1484.9,229.5,4.22,running,normal,normal
2026-01-15T08:04:45+00:00,MOTOR-001,50.71,1.65,8.57,1486.3,229.3,4.22,running,normal,normal
2026-01-15T08:04:46+00:00,MOTOR-001,50.84,1.62,8.62,1485.0,229.7,4.21,running,normal,normal
2026-01-15T08:04:47+00:00,MOTOR-001,50.69,1.62,8.63,1484.2,229.2,4.2,running,normal,normal
2026-01-15T08:04:48+00:00,MOTOR-001,50.72,1.6,8.58,1484.3,229.8,4.2,running,normal,normal
2026-01-15T08:04:49+00:00,MOTOR-001,50.77,1.59,8.62,1484.8,230.3,4.2,running,normal,normal
2026-01-15T08:04:50+00:00,MOTOR-001,50.87,1.63,8.54,1485.7,231.0,4.19,running,normal,normal
2026-01-15T08:04:51+00:00,MOTOR-001,50.9,1.6,8.6,1485.9,230.1,4.21,running,normal,normal
2026-01-15T08:04:52+00:00,MOTOR-001,50.87,1.59,8.66,1486.8,229.8,4.21,running,normal,normal
2026-01-15T08:04:53+00:00,MOTOR-001,50.92,1.53,8.58,1485.4,229.7,4.2,running,normal,normal
2026-01-15T08:04:54+00:00,MOTOR-001,50.96,1.59,8.62,1487.0,229.8,4.21,running,normal,normal
2026-01-15T08:04:55+00:00,MOTOR-001,51.01,1.63,8.59,1486.7,230.7,4.2,running,normal,normal
2026-01-15T08:04:56+00:00,MOTOR-001,51.03,1.62,8.58,1485.5,231.2,4.2,running,normal,normal
2026-01-15T08:04:57+00:00,MOTOR-001,51.16,1.58,8.58,1485.9,230.4,4.19,running,normal,normal
2026-01-15T08:04:58+00:00,MOTOR-001,51.11,1.58,8.56,1485.6,229.1,4.19,running,normal,normal
2026-01-15T08:04:59+00:00,MOTOR-001,51.11,1.55,8.53,1484.9,229.7,4.21,running,normal,normal
2026-01-15T08:05:00+00:00,MOTOR-001,51.04,1.54,8.62,1485.3,229.8,4.2,running,normal,normal
2026-01-15T08:05:01+00:00,MOTOR-001,51.09,1.53,8.5,1484.8,229.0,4.21,running,normal,normal
2026-01-15T08:05:02+00:00,MOTOR-001,51.17,1.51,8.59,1486.5,229.3,4.22,running,normal,normal
2026-01-15T08:05:03+00:00,MOTOR-001,51.22,1.51,8.54,1485.5,229.5,4.19,running,normal,normal
2026-01-15T08:05:04+00:00,MOTOR-001,51.27,1.5,8.59,1485.1,231.3,4.18,running,normal,normal
2026-01-15T08:05:05+00:00,MOTOR-001,51.22,1.53,8.72,1484.5,231.4,4.18,running,normal,normal
2026-01-15T08:05:06+00:00,MOTOR-001,51.33,1.52,8.77,1485.9,230.2,4.21,running,normal,normal
2026-01-15T08:05:07+00:00,MOTOR-001,51.26,1.5,8.78,1485.1,229.8,4.21,running,normal,normal
2026-01-15T08:05:08+00:00,MOTOR-001,51.32,1.51,8.65,1485.2,230.2,4.22,running,normal,normal
2026-01-15T08:05:09+00:00,MOTOR-001,51.36,1.46,8.63,1484.8,230.7,4.2,running,normal,normal
2026-01-15T08:05:10+00:00,MOTOR-001,51.41,1.43,8.68,1485.4,230.4,4.2,running,normal,normal
2026-01-15T08:05:11+00:00,MOTOR-001,51.4,1.47,8.64,1485.7,230.2,4.18,running,normal,normal
2026-01-15T08:05:12+00:00,MOTOR-001,51.39,1.51,8.69,1485.4,230.0,4.18,running,normal,normal
2026-01-15T08:05:13+00:00,MOTOR-001,51.45,1.51,8.6,1485.6,230.6,4.18,running,normal,normal
2026-01-15T08:05:14+00:00,MOTOR-001,51.46,1.5,8.63,1485.0,230.0,4.18,running,normal,normal
2026-01-15T08:05:15+00:00,MOTOR-001,51.5,1.49,8.62,1484.2,229.5,4.19,running,normal,normal
2026-01-15T08:05:16+00:00,MOTOR-001,51.44,1.47,8.59,1484.2,229.8,4.21,running,normal,normal
2026-01-15T08:05:17+00:00,MOTOR-001,51.5,1.44,8.52,1484.9,230.5,4.21,running,normal,normal
2026-01-15T08:05:18+00:00,MOTOR-001,51.6,1.45,8.5,1484.9,230.4,4.22,running,normal,normal
2026-01-15T08:05:19+00:00,MOTOR-001,51.58,1.43,8.57,1485.6,230.7,4.22,running,normal,normal
2026-01-15T08:05:20+00:00,MOTOR-001,51.63,1.38,8.53,1485.2,230.8,4.22,running,normal,normal
2026-01-15T08:05:21+00:00,MOTOR-001,51.68,1.34,8.49,1485.7,230.3,4.2,running,normal,normal
2026-01-15T08:05:22+00:00,MOTOR-001,51.74,1.37,8.69,1486.0,230.3,4.2,running,normal,normal
2026-01-15T08:05:23+00:00,MOTOR-001,51.75,1.37,8.58,1486.0,230.2,4.17,running,normal,normal
2026-01-15T08:05:24+00:00,MOTOR-001,51.71,1.34,8.64,1485.3,230.8,4.17,running,normal,normal
2026-01-15T08:05:25+00:00,MOTOR-001,51.66,1.39,8.59,1484.4,230.1,4.17,running,normal,normal
2026-01-15T08:05:26+00:00,MOTOR-001,51.73,1.41,8.52,1484.4,230.0,4.18,running,normal,normal
2026-01-15T08:05:27+00:00,MOTOR-001,51.81,1.39,8.53,1483.9,229.1,4.18,running,normal,normal
2026-01-15T08:05:28+00:00,MOTOR-001,51.82,1.4,8.55,1485.7,229.6,4.18,running,normal,normal
2026-01-15T08:05:29+00:00,MOTOR-001,51.86,1.35,8.59,1484.0,230.2,4.19,running,normal,normal
2026-01-15T08:05:30+00:00,MOTOR-001,51.88,1.35,8.53,1483.8,230.8,4.2,running,normal,normal
2026-01-15T08:05:31+00:00,MOTOR-001,51.85,1.36,8.59,1485.4,230.9,4.2,running,normal,normal
2026-01-15T08:05:32+00:00,MOTOR-001,51.85,1.4,8.59,1484.5,229.8,4.19,running,normal,normal
2026-01-15T08:05:33+00:00,MOTOR-001,51.85,1.4,8.65,1485.2,230.0,4.2,running,normal,normal
2026-01-15T08:05:34+00:00,MOTOR-001,52.03,1.39,8.71,1484.0,229.6,4.2,running,normal,normal
2026-01-15T08:05:35+00:00,MOTOR-001,51.86,1.37,8.73,1484.0,229.9,4.19,running,normal,normal
2026-01-15T08:05:36+00:00,MOTOR-001,51.87,1.35,8.61,1485.0,229.1,4.2,running,normal,normal
2026-01-15T08:05:37+00:00,MOTOR-001,51.88,1.38,8.65,1483.5,228.5,4.19,running,normal,normal
2026-01-15T08:05:38+00:00,MOTOR-001,51.9,1.35,8.63,1484.4,228.7,4.18,running,normal,normal
2026-01-15T08:05:39+00:00,MOTOR-001,51.96,1.32,8.62,1484.1,229.4,4.2,running,normal,normal
2026-01-15T08:05:40+00:00,MOTOR-001,51.9,1.27,8.65,1485.2,229.7,4.19,running,normal,normal
2026-01-15T08:05:41+00:00,MOTOR-001,51.83,1.29,8.57,1486.1,231.0,4.19,running,normal,normal
2026-01-15T08:05:42+00:00,MOTOR-001,51.94,1.29,8.65,1485.3,230.4,4.21,running,normal,normal
2026-01-15T08:05:43+00:00,MOTOR-001,52.04,1.36,8.55,1484.5,229.7,4.21,running,normal,normal
2026-01-15T08:05:44+00:00,MOTOR-001,52.05,1.36,8.53,1484.4,231.0,4.22,running,normal,normal
2026-01-15T08:05:45+00:00,MOTOR-001,51.97,1.35,8.62,1484.1,229.9,4.22,running,normal,normal
2026-01-15T08:05:46+00:00,MOTOR-001,52.04,1.35,8.61,1485.6,229.5,4.21,running,normal,normal
2026-01-15T08:05:47+00:00,MOTOR-001,52.13,1.35,8.55,1485.8,229.1,4.21,running,normal,normal
2026-01-15T08:05:48+00:00,MOTOR-001,52.14,1.31,8.64,1483.6,229.3,4.2,running,normal,normal
2026-01-15T08:05:49+00:00,MOTOR-001,52.23,1.36,8.68,1484.8,228.6,4.2,running,normal,normal
2026-01-15T08:05:50+00:00,MOTOR-001,52.17,1.32,8.66,1484.6,230.1,4.18,running,normal,normal
2026-01-15T08:05:51+00:00,MOTOR-001,52.15,1.27,8.57,1485.0,230.1,4.2,running,normal,normal
2026-01-15T08:05:52+00:00,MOTOR-001,52.27,1.29,8.55,1485.2,229.7,4.19,running,normal,normal
2026-01-15T08:05:53+00:00,MOTOR-001,52.22,1.3,8.66,1484.8,230.5,4.19,running,normal,normal
2026-01-15T08:05:54+00:00,MOTOR-001,52.23,1.39,8.74,1484.6,229.8,4.18,running,normal,normal
2026-01-15T08:05:55+00:00,MOTOR-001,52.3,1.36,8.71,1484.6,230.1,4.2,running,normal,normal
2026-01-15T08:05:56+00:00,MOTOR-001,52.35,1.32,8.64,1484.7,229.5,4.2,running,normal,normal
2026-01-15T08:05:57+00:00,MOTOR-001,52.41,1.32,8.6,1483.4,229.3,4.19,running,normal,normal
2026-01-15T08:05:58+00:00,MOTOR-001,52.42,1.31,8.58,1484.3,229.8,4.19,running,normal,normal
2026-01-15T08:05:59+00:00,MOTOR-001,52.46,1.36,8.53,1484.6,229.0,4.19,running,normal,normal
2026-01-15T08:06:00+00:00,MOTOR-001,52.53,1.37,8.62,1484.5,230.3,4.18,running,normal,normal
2026-01-15T08:06:01+00:00,MOTOR-001,52.5,1.36,8.74,1484.9,230.6,4.18,running,normal,normal
2026-01-15T08:06:02+00:00,MOTOR-001,52.64,1.37,8.64,1485.9,229.6,4.18,running,normal,normal
2026-01-15T08:06:03+00:00,MOTOR-001,52.59,1.34,8.68,1485.1,229.9,4.2,running,normal,normal
2026-01-15T08:06:04+00:00,MOTOR-001,52.47,1.39,8.62,1485.5,230.9,4.22,running,normal,normal
2026-01-15T08:06:05+00:00,MOTOR-001,52.47,1.35,8.66,1484.7,229.5,4.22,running,normal,normal
2026-01-15T08:06:06+00:00,MOTOR-001,52.43,1.41,8.71,1484.2,229.8,4.21,running,normal,normal
2026-01-15T08:06:07+00:00,MOTOR-001,52.44,1.5,8.64,1484.1,230.4,4.21,running,normal,normal
2026-01-15T08:06:08+00:00,MOTOR-001,52.43,1.41,8.71,1484.5,230.4,4.19,running,normal,normal
2026-01-15T08:06:09+00:00,MOTOR-001,52.5,1.42,8.67,1483.4,230.1,4.19,running,normal,normal
2026-01-15T08:06:10+00:00,MOTOR-001,52.53,1.41,8.65,1484.2,230.0,4.19,running,normal,normal
2026-01-15T08:06:11+00:00,MOTOR-001,52.57,1.45,8.61,1483.8,230.5,4.2,running,normal,normal
2026-01-15T08:06:12+00:00,MOTOR-001,52.65,1.46,8.62,1484.4,230.1,4.21,running,normal,normal
2026-01-15T08:06:13+00:00,MOTOR-001,52.76,1.48,8.76,1483.2,229.8,4.2,running,normal,normal
2026-01-15T08:06:14+00:00,MOTOR-001,52.7,1.47,8.7,1484.2,230.4,4.21,running,normal,normal
2026-01-15T08:06:15+00:00,MOTOR-001,52.62,1.48,8.72,1484.2,230.2,4.22,running,normal,normal
2026-01-15T08:06:16+00:00,MOTOR-001,52.59,1.46,8.74,1484.3,230.5,4.21,running,normal,normal
2026-01-15T08:06:17+00:00,MOTOR-001,52.52,1.42,8.69,1484.6,230.6,4.19,running,normal,normal
2026-01-15T08:06:18+00:00,MOTOR-001,52.59,1.43,8.64,1485.5,230.4,4.2,running,normal,normal
2026-01-15T08:06:19+00:00,MOTOR-001,52.77,1.43,8.64,1485.5,229.5,4.2,running,normal,normal
2026-01-15T08:06:20+00:00,MOTOR-001,52.75,1.48,8.69,1484.1,230.3,4.21,running,normal,normal
2026-01-15T08:06:21+00:00,MOTOR-001,52.66,1.46,8.67,1483.2,230.6,4.2,running,normal,normal
2026-01-15T08:06:22+00:00,MOTOR-001,52.65,1.44,8.66,1484.4,230.6,4.19,running,normal,normal
2026-01-15T08:06:23+00:00,MOTOR-001,52.59,1.49,8.66,1483.7,229.8,4.18,running,normal,normal
2026-01-15T08:06:24+00:00,MOTOR-001,52.62,1.48,8.74,1483.7,229.5,4.19,running,normal,normal
2026-01-15T08:06:25+00:00,MOTOR-001,52.72,1.47,8.64,1483.4,229.1,4.21,running,normal,normal
2026-01-15T08:06:26+00:00,MOTOR-001,52.63,1.48,8.75,1484.1,229.4,4.2,running,normal,normal
2026-01-15T08:06:27+00:00,MOTOR-001,52.63,1.49,8.8,1483.8,229.1,4.21,running,normal,normal
2026-01-15T08:06:28+00:00,MOTOR-001,52.71,1.5,8.8,1483.7,229.1,4.21,running,normal,normal
2026-01-15T08:06:29+00:00,MOTOR-001,52.64,1.5,8.71,1483.9,229.7,4.19,running,normal,normal
2026-01-15T08:06:30+00:00,MOTOR-001,52.6,1.52,8.74,1483.8,228.8,4.21,running,normal,normal
2026-01-15T08:06:31+00:00,MOTOR-001,52.73,1.58,8.76,1484.1,229.2,4.21,running,normal,normal
2026-01-15T08:06:32+00:00,MOTOR-001,52.65,1.58,8.67,1484.2,229.5,4.21,running,normal,normal
2026-01-15T08:06:33+00:00,MOTOR-001,52.68,1.56,8.74,1483.2,229.7,4.2,running,normal,normal
2026-01-15T08:06:34+00:00,MOTOR-001,52.73,1.56,8.75,1483.7,228.7,4.19,running,normal,normal
2026-01-15T08:06:35+00:00,MOTOR-001,52.73,1.6,8.77,1484.4,229.4,4.2,running,normal,normal
2026-01-15T08:06:36+00:00,MOTOR-001,52.69,1.57,8.71,1483.6,229.7,4.19,running,normal,normal
2026-01-15T08:06:37+00:00,MOTOR-001,52.69,1.52,8.75,1483.7,230.1,4.19,running,normal,normal
2026-01-15T08:06:38+00:00,MOTOR-001,52.66,1.58,8.74,1484.8,229.4,4.19,running,normal,normal
2026-01-15T08:06:39+00:00,MOTOR-001,52.6,1.56,8.7,1483.8,230.1,4.18,running,normal,normal
2026-01-15T08:06:40+00:00,MOTOR-001,52.66,1.52,8.7,1484.5,230.3,4.19,running,normal,normal
2026-01-15T08:06:41+00:00,MOTOR-001,52.7,1.57,8.76,1484.8,229.6,4.19,running,normal,normal
2026-01-15T08:06:42+00:00,MOTOR-001,52.73,1.6,8.78,1484.9,229.6,4.18,running,normal,normal
2026-01-15T08:06:43+00:00,MOTOR-001,52.8,1.6,8.74,1484.2,229.6,4.2,running,normal,normal
2026-01-15T08:06:44+00:00,MOTOR-001,52.82,1.61,8.78,1483.8,230.3,4.18,running,normal,normal
2026-01-15T08:06:45+00:00,MOTOR-001,52.71,1.6,8.75,1483.0,230.4,4.17,running,normal,normal
2026-01-15T08:06:46+00:00,MOTOR-001,52.71,1.61,8.76,1482.7,230.1,4.19,running,normal,normal
2026-01-15T08:06:47+00:00,MOTOR-001,52.72,1.63,8.76,1482.0,229.8,4.19,running,normal,normal
2026-01-15T08:06:48+00:00,MOTOR-001,52.78,1.66,8.79,1482.2,230.0,4.19,running,normal,normal
2026-01-15T08:06:49+00:00,MOTOR-001,52.73,1.59,8.8,1482.8,230.4,4.18,running,normal,normal
2026-01-15T08:06:50+00:00,MOTOR-001,52.63,1.71,8.75,1483.2,230.4,4.18,running,normal,normal
2026-01-15T08:06:51+00:00,MOTOR-001,52.74,1.66,8.77,1484.4,229.8,4.18,running,normal,normal
2026-01-15T08:06:52+00:00,MOTOR-001,52.68,1.59,8.79,1484.1,230.0,4.19,running,normal,normal
2026-01-15T08:06:53+00:00,MOTOR-001,52.71,1.6,8.78,1484.5,229.7,4.21,running,normal,normal
2026-01-15T08:06:54+00:00,MOTOR-001,52.67,1.62,8.87,1482.5,229.8,4.2,running,normal,normal
2026-01-15T08:06:55+00:00,MOTOR-001,52.75,1.6,8.97,1482.0,230.1,4.2,running,normal,normal
2026-01-15T08:06:56+00:00,MOTOR-001,52.73,1.57,8.86,1481.5,230.1,4.18,running,normal,normal
2026-01-15T08:06:57+00:00,MOTOR-001,52.61,1.58,8.82,1483.0,229.4,4.19,running,normal,normal
2026-01-15T08:06:58+00:00,MOTOR-001,52.61,1.57,8.77,1483.1,230.2,4.19,running,normal,normal
2026-01-15T08:06:59+00:00,MOTOR-001,52.64,1.56,8.87,1483.2,230.0,4.18,running,normal,normal
2026-01-15T08:07:00+00:00,MOTOR-001,52.52,1.58,8.83,1483.4,229.7,4.18,running,normal,normal
2026-01-15T08:07:01+00:00,MOTOR-001,52.48,1.58,8.81,1484.4,229.5,4.2,running,normal,normal
2026-01-15T08:07:02+00:00,MOTOR-001,52.41,1.56,8.77,1484.6,230.0,4.2,running,normal,normal
2026-01-15T08:07:03+00:00,MOTOR-001,52.44,1.52,8.86,1484.7,230.0,4.2,running,normal,normal
2026-01-15T08:07:04+00:00,MOTOR-001,52.49,1.53,8.83,1483.7,229.8,4.2,running,normal,normal
2026-01-15T08:07:05+00:00,MOTOR-001,52.52,1.53,8.8,1483.1,229.2,4.21,running,normal,normal
2026-01-15T08:07:06+00:00,MOTOR-001,52.53,1.56,8.79,1484.0,229.8,4.22,running,normal,normal
2026-01-15T08:07:07+00:00,MOTOR-001,52.5,1.55,8.78,1483.6,230.0,4.23,running,normal,normal
2026-01-15T08:07:08+00:00,MOTOR-001,52.57,1.54,8.87,1481.8,229.8,4.22,running,normal,normal
2026-01-15T08:07:09+00:00,MOTOR-001,52.58,1.55,8.85,1482.2,229.5,4.23,running,normal,normal
2026-01-15T08:07:10+00:00,MOTOR-001,52.6,1.58,8.84,1482.4,230.1,4.22,running,normal,normal
2026-01-15T08:07:11+00:00,MOTOR-001,52.53,1.55,8.81,1482.2,229.9,4.2,running,normal,normal
2026-01-15T08:07:12+00:00,MOTOR-001,52.51,1.56,8.79,1481.6,230.2,4.2,running,normal,normal
2026-01-15T08:07:13+00:00,MOTOR-001,52.47,1.49,8.72,1483.4,230.0,4.21,running,normal,normal
2026-01-15T08:07:14+00:00,MOTOR-001,52.42,1.5,8.72,1483.0,229.3,4.2,running,normal,normal
2026-01-15T08:07:15+00:00,MOTOR-001,52.34,1.43,8.76,1482.6,229.2,4.2,running,normal,normal
2026-01-15T08:07:16+00:00,MOTOR-001,52.32,1.42,8.91,1483.3,230.2,4.19,running,normal,normal
2026-01-15T08:07:17+00:00,MOTOR-001,52.35,1.46,8.83,1482.8,231.5,4.19,running,normal,normal
2026-01-15T08:07:18+00:00,MOTOR-001,52.35,1.45,8.89,1482.4,230.1,4.2,running,normal,normal
2026-01-15T08:07:19+00:00,MOTOR-001,52.33,1.37,8.88,1482.6,230.4,4.21,running,normal,normal
2026-01-15T08:07:20+00:00,MOTOR-001,52.31,1.4,8.89,1482.2,229.8,4.2,running,normal,normal
2026-01-15T08:07:21+00:00,MOTOR-001,52.19,1.44,8.93,1483.0,229.6,4.19,running,normal,normal
2026-01-15T08:07:22+00:00,MOTOR-001,52.15,1.47,8.93,1484.1,229.4,4.19,running,normal,normal
2026-01-15T08:07:23+00:00,MOTOR-001,52.07,1.4,8.89,1483.4,229.5,4.18,running,normal,normal
2026-01-15T08:07:24+00:00,MOTOR-001,52.09,1.4,8.93,1483.6,229.2,4.19,running,normal,normal
2026-01-15T08:07:25+00:00,MOTOR-001,52.05,1.45,8.9,1483.0,229.5,4.18,running,normal,normal
2026-01-15T08:07:26+00:00,MOTOR-001,52.13,1.5,8.81,1482.9,229.7,4.18,running,normal,normal
2026-01-15T08:07:27+00:00,MOTOR-001,52.18,1.49,8.83,1484.2,229.9,4.18,running,normal,normal
2026-01-15T08:07:28+00:00,MOTOR-001,52.16,1.43,8.93,1484.0,229.8,4.19,running,normal,normal
2026-01-15T08:07:29+00:00,MOTOR-001,52.06,1.41,8.85,1483.5,229.7,4.2,running,normal,normal
2026-01-15T08:07:30+00:00,MOTOR-001,52.1,1.42,8.86,1482.9,229.7,4.2,running,normal,normal
2026-01-15T08:07:31+00:00,MOTOR-001,52.1,1.38,8.83,1483.1,230.5,4.21,running,normal,normal
2026-01-15T08:07:32+00:00,MOTOR-001,52.1,1.34,8.93,1482.5,229.8,4.21,running,normal,normal
2026-01-15T08:07:33+00:00,MOTOR-001,51.97,1.37,8.92,1483.0,229.5,4.22,running,normal,normal
2026-01-15T08:07:34+00:00,MOTOR-001,51.98,1.35,8.96,1481.4,230.0,4.21,running,normal,normal
2026-01-15T08:07:35+00:00,MOTOR-001,51.9,1.35,8.96,1481.8,229.9,4.21,running,normal,normal
2026-01-15T08:07:36+00:00,MOTOR-001,51.91,1.38,8.91,1483.2,229.3,4.21,running,normal,normal
2026-01-15T08:07:37+00:00,MOTOR-001,51.78,1.37,8.95,1484.3,229.8,4.2,running,normal,normal
2026-01-15T08:07:38+00:00,MOTOR-001,51.84,1.35,8.93,1484.2,230.4,4.18,running,normal,normal
2026-01-15T08:07:39+00:00,MOTOR-001,51.83,1.34,8.87,1482.6,230.1,4.18,running,normal,normal
2026-01-15T08:07:40+00:00,MOTOR-001,51.76,1.33,8.88,1482.8,230.8,4.19,running,normal,normal
2026-01-15T08:07:41+00:00,MOTOR-001,51.87,1.36,8.95,1482.5,230.2,4.18,running,normal,normal
2026-01-15T08:07:42+00:00,MOTOR-001,51.85,1.34,8.96,1482.9,230.2,4.19,running,normal,normal
2026-01-15T08:07:43+00:00,MOTOR-001,51.75,1.31,8.98,1482.9,230.0,4.2,running,normal,normal
2026-01-15T08:07:44+00:00,MOTOR-001,51.75,1.26,8.95,1482.4,230.0,4.2,running,normal,normal
2026-01-15T08:07:45+00:00,MOTOR-001,51.75,1.33,8.91,1482.5,230.3,4.21,running,normal,normal
2026-01-15T08:07:46+00:00,MOTOR-001,51.65,1.34,8.96,1482.7,230.0,4.21,running,normal,normal
2026-01-15T08:07:47+00:00,MOTOR-001,51.66,1.34,8.91,1481.8,229.9,4.21,running,normal,normal
2026-01-15T08:07:48+00:00,MOTOR-001,51.66,1.3,8.95,1482.6,229.6,4.21,running,normal,normal
2026-01-15T08:07:49+00:00,MOTOR-001,51.61,1.28,8.96,1482.8,229.4,4.21,running,normal,normal
2026-01-15T08:07:50+00:00,MOTOR-001,51.58,1.26,8.86,1483.2,229.8,4.21,running,normal,normal
2026-01-15T08:07:51+00:00,MOTOR-001,51.64,1.2,8.97,1483.9,229.5,4.22,running,normal,normal
2026-01-15T08:07:52+00:00,MOTOR-001,51.55,1.21,8.95,1484.5,230.0,4.21,running,normal,normal
2026-01-15T08:07:53+00:00,MOTOR-001,51.57,1.22,9.02,1484.7,230.2,4.2,running,normal,normal
2026-01-15T08:07:54+00:00,MOTOR-001,51.6,1.26,9.02,1484.5,230.3,4.19,running,normal,normal
2026-01-15T08:07:55+00:00,MOTOR-001,51.64,1.29,9.0,1484.1,230.3,4.2,running,normal,normal
2026-01-15T08:07:56+00:00,MOTOR-001,51.58,1.29,8.95,1483.3,230.0,4.21,running,normal,normal
2026-01-15T08:07:57+00:00,MOTOR-001,51.5,1.29,8.95,1483.5,230.3,4.22,running,normal,normal
2026-01-15T08:07:58+00:00,MOTOR-001,51.37,1.29,8.98,1482.2,231.0,4.22,running,normal,normal
2026-01-15T08:07:59+00:00,MOTOR-001,51.3,1.33,8.86,1482.7,229.9,4.21,running,normal,normal
2026-01-15T08:08:00+00:00,MOTOR-001,51.31,1.35,8.93,1484.1,230.0,4.2,running,normal,normal
2026-01-15T08:08:01+00:00,MOTOR-001,51.37,1.34,8.97,1481.2,230.2,4.2,running,normal,normal
2026-01-15T08:08:02+00:00,MOTOR-001,51.31,1.31,9.01,1480.9,231.6,4.21,running,normal,normal
2026-01-15T08:08:03+00:00,MOTOR-001,51.3,1.38,9.0,1481.4,231.1,4.19,running,normal,normal
2026-01-15T08:08:04+00:00,MOTOR-001,51.31,1.4,9.01,1481.3,230.6,4.19,running,normal,normal
2026-01-15T08:08:05+00:00,MOTOR-001,51.22,1.3,8.93,1481.9,230.8,4.22,running,normal,normal
2026-01-15T08:08:06+00:00,MOTOR-001,51.25,1.29,8.93,1483.1,230.6,4.22,running,normal,normal
2026-01-15T08:08:07+00:00,MOTOR-001,51.23,1.35,9.06,1483.1,230.3,4.22,running,normal,normal
2026-01-15T08:08:08+00:00,MOTOR-001,51.16,1.28,9.04,1482.6,230.8,4.21,running,normal,normal
2026-01-15T08:08:09+00:00,MOTOR-001,51.23,1.29,9.07,1481.8,230.8,4.21,running,normal,normal
2026-01-15T08:08:10+00:00,MOTOR-001,51.24,1.31,9.06,1482.7,230.5,4.21,running,normal,normal
2026-01-15T08:08:11+00:00,MOTOR-001,51.29,1.32,9.09,1482.7,230.8,4.23,running,normal,normal
2026-01-15T08:08:12+00:00,MOTOR-001,51.17,1.27,9.04,1482.4,230.1,4.22,running,normal,normal
2026-01-15T08:08:13+00:00,MOTOR-001,51.08,1.36,9.07,1483.4,231.1,4.2,running,normal,normal
2026-01-15T08:08:14+00:00,MOTOR-001,50.9,1.44,9.04,1483.2,229.6,4.19,running,normal,normal
2026-01-15T08:08:15+00:00,MOTOR-001,50.95,1.42,8.9,1482.6,230.3,4.21,running,normal,normal
2026-01-15T08:08:16+00:00,MOTOR-001,50.95,1.51,8.99,1483.9,230.8,4.21,running,normal,normal
2026-01-15T08:08:17+00:00,MOTOR-001,50.85,1.42,8.95,1483.6,230.3,4.21,running,normal,normal
2026-01-15T08:08:18+00:00,MOTOR-001,50.85,1.44,9.02,1483.4,230.0,4.18,running,normal,normal
2026-01-15T08:08:19+00:00,MOTOR-001,50.91,1.41,8.96,1483.7,230.4,4.2,running,normal,normal
2026-01-15T08:08:20+00:00,MOTOR-001,50.95,1.39,8.96,1483.1,231.0,4.2,running,normal,normal
2026-01-15T08:08:21+00:00,MOTOR-001,50.9,1.44,8.99,1483.0,230.6,4.21,running,normal,normal
2026-01-15T08:08:22+00:00,MOTOR-001,50.86,1.4,9.01,1482.9,229.7,4.2,running,normal,normal
2026-01-15T08:08:23+00:00,MOTOR-001,50.82,1.43,9.03,1482.9,230.1,4.2,running,normal,normal
2026-01-15T08:08:24+00:00,MOTOR-001,50.84,1.46,9.04,1483.9,229.9,4.18,running,normal,normal
2026-01-15T08:08:25+00:00,MOTOR-001,50.81,1.49,9.02,1483.7,229.1,4.18,running,normal,normal
2026-01-15T08:08:26+00:00,MOTOR-001,50.82,1.51,8.97,1483.6,229.3,4.18,running,normal,normal
2026-01-15T08:08:27+00:00,MOTOR-001,50.79,1.51,9.0,1483.8,230.5,4.19,running,normal,normal
2026-01-15T08:08:28+00:00,MOTOR-001,50.74,1.53,8.92,1483.5,230.7,4.2,running,normal,normal
2026-01-15T08:08:29+00:00,MOTOR-001,50.77,1.58,8.92,1483.8,230.2,4.21,running,normal,normal
2026-01-15T08:08:30+00:00,MOTOR-001,50.75,1.58,9.04,1483.9,230.0,4.2,running,normal,normal
2026-01-15T08:08:31+00:00,MOTOR-001,50.67,1.59,9.08,1483.4,229.1,4.2,running,normal,normal
2026-01-15T08:08:32+00:00,MOTOR-001,50.68,1.53,8.94,1483.0,228.7,4.2,running,normal,normal
2026-01-15T08:08:33+00:00,MOTOR-001,50.64,1.53,9.03,1482.5,228.4,4.2,running,normal,normal
2026-01-15T08:08:34+00:00,MOTOR-001,50.65,1.49,9.0,1482.7,229.4,4.19,running,normal,normal
2026-01-15T08:08:35+00:00,MOTOR-001,50.8,1.5,9.01,1482.6,228.5,4.21,running,normal,normal
2026-01-15T08:08:36+00:00,MOTOR-001,50.54,1.56,8.94,1482.1,229.3,4.23,running,normal,normal
2026-01-15T08:08:37+00:00,MOTOR-001,50.56,1.55,8.93,1483.1,229.6,4.22,running,normal,normal
2026-01-15T08:08:38+00:00,MOTOR-001,50.42,1.57,8.98,1482.3,229.3,4.22,running,normal,normal
2026-01-15T08:08:39+00:00,MOTOR-001,50.41,1.58,8.92,1482.2,230.7,4.2,running,normal,normal
2026-01-15T08:08:40+00:00,MOTOR-001,50.41,1.57,8.95,1483.5,230.0,4.21,running,normal,normal
2026-01-15T08:08:41+00:00,MOTOR-001,50.37,1.6,8.96,1483.3,230.0,4.21,running,normal,normal
2026-01-15T08:08:42+00:00,MOTOR-001,50.32,1.56,9.08,1483.6,229.8,4.21,running,normal,normal
2026-01-15T08:08:43+00:00,MOTOR-001,50.35,1.49,9.05,1483.3,230.1,4.2,running,normal,normal
2026-01-15T08:08:44+00:00,MOTOR-001,50.36,1.57,9.02,1483.1,230.2,4.2,running,normal,normal
2026-01-15T08:08:45+00:00,MOTOR-001,50.45,1.57,9.03,1482.8,229.5,4.21,running,normal,normal
2026-01-15T08:08:46+00:00,MOTOR-001,50.46,1.6,9.05,1482.1,229.9,4.19,running,normal,normal
2026-01-15T08:08:47+00:00,MOTOR-001,50.48,1.56,9.05,1483.2,229.7,4.19,running,normal,normal
2026-01-15T08:08:48+00:00,MOTOR-001,50.54,1.52,9.06,1483.3,230.3,4.18,running,normal,normal
2026-01-15T08:08:49+00:00,MOTOR-001,50.5,1.59,9.1,1482.9,230.0,4.2,running,normal,normal
2026-01-15T08:08:50+00:00,MOTOR-001,50.38,1.59,9.06,1483.2,229.6,4.21,running,normal,normal
2026-01-15T08:08:51+00:00,MOTOR-001,50.44,1.65,8.99,1483.0,230.3,4.22,running,normal,normal
2026-01-15T08:08:52+00:00,MOTOR-001,50.42,1.58,8.98,1483.8,230.5,4.23,running,normal,normal
2026-01-15T08:08:53+00:00,MOTOR-001,50.52,1.58,8.94,1482.8,230.1,4.23,running,normal,normal
2026-01-15T08:08:54+00:00,MOTOR-001,50.59,1.59,8.97,1483.0,230.6,4.21,running,normal,normal
2026-01-15T08:08:55+00:00,MOTOR-001,50.52,1.59,8.98,1484.3,229.8,4.23,running,normal,normal
2026-01-15T08:08:56+00:00,MOTOR-001,50.43,1.57,8.96,1484.3,229.9,4.23,running,normal,normal
2026-01-15T08:08:57+00:00,MOTOR-001,50.36,1.53,8.96,1484.0,229.3,4.22,running,normal,normal
2026-01-15T08:08:58+00:00,MOTOR-001,50.38,1.53,8.93,1483.1,229.6,4.22,running,normal,normal
2026-01-15T08:08:59+00:00,MOTOR-001,50.54,1.59,8.9,1482.3,229.8,4.23,running,normal,normal
2026-01-15T08:09:00+00:00,MOTOR-001,50.53,1.57,9.0,1483.7,230.6,4.21,running,normal,normal
2026-01-15T08:09:01+00:00,MOTOR-001,50.5,1.54,8.95,1482.8,230.1,4.19,running,normal,normal
2026-01-15T08:09:02+00:00,MOTOR-001,50.5,1.56,8.93,1483.5,230.8,4.2,running,normal,normal
2026-01-15T08:09:03+00:00,MOTOR-001,50.42,1.56,8.96,1483.1,229.5,4.2,running,normal,normal
2026-01-15T08:09:04+00:00,MOTOR-001,50.47,1.54,8.88,1483.2,230.3,4.18,running,normal,normal
2026-01-15T08:09:05+00:00,MOTOR-001,50.44,1.57,8.96,1483.7,230.4,4.17,running,normal,normal
2026-01-15T08:09:06+00:00,MOTOR-001,50.44,1.61,8.96,1483.9,229.7,4.19,running,normal,normal
2026-01-15T08:09:07+00:00,MOTOR-001,50.37,1.65,8.96,1484.1,229.6,4.21,running,normal,normal
2026-01-15T08:09:08+00:00,MOTOR-001,50.23,1.62,8.87,1483.1,230.8,4.22,running,normal,normal
2026-01-15T08:09:09+00:00,MOTOR-001,50.12,1.6,8.89,1483.7,231.2,4.22,running,normal,normal
2026-01-15T08:09:10+00:00,MOTOR-001,50.19,1.59,8.88,1484.1,230.9,4.21,running,normal,normal
2026-01-15T08:09:11+00:00,MOTOR-001,50.18,1.62,8.94,1483.2,230.2,4.2,running,normal,normal
2026-01-15T08:09:12+00:00,MOTOR-001,50.21,1.58,8.95,1484.4,230.5,4.21,running,normal,normal
2026-01-15T08:09:13+00:00,MOTOR-001,50.12,1.57,9.02,1484.5,229.9,4.2,running,normal,normal
2026-01-15T08:09:14+00:00,MOTOR-001,50.23,1.54,9.03,1484.2,229.9,4.2,running,normal,normal
2026-01-15T08:09:15+00:00,MOTOR-001,50.2,1.59,9.03,1484.8,229.7,4.2,running,normal,normal
2026-01-15T08:09:16+00:00,MOTOR-001,50.21,1.53,9.04,1484.7,229.6,4.2,running,normal,normal
2026-01-15T08:09:17+00:00,MOTOR-001,50.26,1.5,8.99,1485.1,229.5,4.19,running,normal,normal
2026-01-15T08:09:18+00:00,MOTOR-001,50.43,1.43,8.92,1485.5,229.6,4.2,running,normal,normal
2026-01-15T08:09:19+00:00,MOTOR-001,50.54,1.43,8.92,1484.9,229.8,4.19,running,normal,normal
2026-01-15T08:09:20+00:00,MOTOR-001,50.48,1.41,8.97,1484.8,229.8,4.19,running,normal,normal
2026-01-15T08:09:21+00:00,MOTOR-001,50.48,1.42,8.95,1484.2,230.6,4.2,running,normal,normal
2026-01-15T08:09:22+00:00,MOTOR-001,50.43,1.43,8.94,1483.4,229.8,4.2,running,normal,normal
2026-01-15T08:09:23+00:00,MOTOR-001,50.38,1.45,8.93,1482.8,229.7,4.22,running,normal,normal
2026-01-15T08:09:24+00:00,MOTOR-001,50.35,1.43,8.92,1483.1,230.0,4.21,running,normal,normal
2026-01-15T08:09:25+00:00,MOTOR-001,50.34,1.42,8.96,1483.7,230.1,4.21,running,normal,normal
2026-01-15T08:09:26+00:00,MOTOR-001,50.34,1.47,8.98,1484.6,230.0,4.21,running,normal,normal
2026-01-15T08:09:27+00:00,MOTOR-001,50.31,1.45,9.01,1484.0,230.7,4.21,running,normal,normal
2026-01-15T08:09:28+00:00,MOTOR-001,50.43,1.41,8.97,1483.7,230.8,4.21,running,normal,normal
2026-01-15T08:09:29+00:00,MOTOR-001,50.42,1.4,8.96,1484.2,230.7,4.21,running,normal,normal
2026-01-15T08:09:30+00:00,MOTOR-001,50.39,1.4,8.96,1484.2,230.1,4.22,running,normal,normal
2026-01-15T08:09:31+00:00,MOTOR-001,50.35,1.45,9.03,1484.6,230.9,4.22,running,normal,normal
2026-01-15T08:09:32+00:00,MOTOR-001,50.35,1.41,8.95,1484.8,229.7,4.2,running,normal,normal
2026-01-15T08:09:33+00:00,MOTOR-001,50.47,1.44,8.97,1484.9,230.2,4.2,running,normal,normal
2026-01-15T08:09:34+00:00,MOTOR-001,50.37,1.45,8.98,1483.6,230.2,4.19,running,normal,normal
2026-01-15T08:09:35+00:00,MOTOR-001,50.39,1.41,8.99,1483.7,229.5,4.2,running,normal,normal
2026-01-15T08:09:36+00:00,MOTOR-001,50.44,1.35,8.98,1484.4,229.7,4.2,running,normal,normal
2026-01-15T08:09:37+00:00,MOTOR-001,50.4,1.3,8.99,1484.2,230.1,4.2,running,normal,normal
2026-01-15T08:09:38+00:00,MOTOR-001,50.41,1.33,8.96,1484.6,229.8,4.19,running,normal,normal
2026-01-15T08:09:39+00:00,MOTOR-001,50.45,1.29,8.82,1483.7,229.7,4.18,running,normal,normal
2026-01-15T08:09:40+00:00,MOTOR-001,50.37,1.31,8.94,1484.4,229.9,4.2,running,normal,normal
2026-01-15T08:09:41+00:00,MOTOR-001,50.38,1.29,8.97,1483.6,230.1,4.2,running,normal,normal
2026-01-15T08:09:42+00:00,MOTOR-001,50.4,1.29,9.0,1482.9,230.2,4.2,running,normal,normal
2026-01-15T08:09:43+00:00,MOTOR-001,50.4,1.31,8.98,1483.5,230.2,4.21,running,normal,normal
2026-01-15T08:09:44+00:00,MOTOR-001,50.41,1.33,8.86,1484.1,229.2,4.21,running,normal,normal
2026-01-15T08:09:45+00:00,MOTOR-001,50.43,1.33,8.82,1484.2,230.1,4.21,running,normal,normal
2026-01-15T08:09:46+00:00,MOTOR-001,50.47,1.33,8.92,1484.6,229.7,4.2,running,normal,normal
2026-01-15T08:09:47+00:00,MOTOR-001,50.47,1.32,8.86,1483.1,229.8,4.21,running,normal,normal
2026-01-15T08:09:48+00:00,MOTOR-001,50.53,1.35,8.82,1483.4,229.2,4.21,running,normal,normal
2026-01-15T08:09:49+00:00,MOTOR-001,50.56,1.32,8.87,1483.4,229.2,4.22,running,normal,normal
2026-01-15T08:09:50+00:00,MOTOR-001,50.64,1.31,8.81,1483.7,230.0,4.21,running,normal,normal
2026-01-15T08:09:51+00:00,MOTOR-001,50.72,1.35,8.85,1483.7,229.7,4.21,running,normal,normal
2026-01-15T08:09:52+00:00,MOTOR-001,50.78,1.32,8.79,1484.3,229.9,4.2,running,normal,normal
2026-01-15T08:09:53+00:00,MOTOR-001,50.64,1.35,8.88,1483.6,230.0,4.19,running,normal,normal
2026-01-15T08:09:54+00:00,MOTOR-001,50.59,1.26,8.93,1484.5,229.9,4.19,running,normal,normal
2026-01-15T08:09:55+00:00,MOTOR-001,50.74,1.25,8.85,1484.5,230.2,4.19,running,normal,normal
2026-01-15T08:09:56+00:00,MOTOR-001,50.67,1.25,8.9,1484.9,229.3,4.18,running,normal,normal
2026-01-15T08:09:57+00:00,MOTOR-001,50.64,1.27,9.01,1484.5,229.7,4.18,running,normal,normal
2026-01-15T08:09:58+00:00,MOTOR-001,50.85,1.26,8.92,1484.5,229.3,4.19,running,normal,normal
2026-01-15T08:09:59+00:00,MOTOR-001,50.85,1.25,8.87,1483.4,229.4,4.18,running,normal,normal
2026-01-15T08:10:00+00:00,MOTOR-001,60.48,4.37,10.48,1473.0,229.4,4.19,warning,bearing_degradation,high
2026-01-15T08:10:01+00:00,MOTOR-001,67.56,5.89,11.14,1461.3,229.1,4.2,warning,bearing_degradation,high
2026-01-15T08:10:02+00:00,MOTOR-001,72.92,6.84,11.47,1460.8,229.9,4.2,warning,bearing_degradation,high
2026-01-15T08:10:03+00:00,MOTOR-001,77.14,7.78,11.84,1467.7,229.7,4.21,warning,bearing_degradation,critical
2026-01-15T08:10:04+00:00,MOTOR-001,80.07,8.08,11.67,1458.5,230.0,4.23,warning,bearing_degradation,critical
2026-01-15T08:10:05+00:00,MOTOR-001,82.71,8.2,11.78,1453.8,229.9,4.22,warning,bearing_degradation,critical
2026-01-15T08:10:06+00:00,MOTOR-001,84.2,8.03,11.89,1458.7,230.0,4.2,warning,bearing_degradation,critical
2026-01-15T08:10:07+00:00,MOTOR-001,85.63,7.97,11.96,1465.7,229.5,4.2,warning,bearing_degradation,critical
2026-01-15T08:10:08+00:00,MOTOR-001,86.75,8.54,11.74,1461.4,230.1,4.21,warning,bearing_degradation,critical
2026-01-15T08:10:09+00:00,MOTOR-001,87.5,8.51,11.64,1463.1,229.9,4.21,warning,bearing_degradation,critical
2026-01-15T08:10:10+00:00,MOTOR-001,88.33,8.53,11.31,1461.5,229.7,4.21,warning,bearing_degradation,critical
2026-01-15T08:10:11+00:00,MOTOR-001,88.44,8.29,11.74,1461.7,228.9,4.22,warning,bearing_degradation,critical
2026-01-15T08:10:12+00:00,MOTOR-001,88.51,8.62,11.61,1468.4,229.2,4.21,warning,bearing_degradation,critical
2026-01-15T08:10:13+00:00,MOTOR-001,89.19,8.75,11.69,1466.6,228.5,4.21,warning,bearing_degradation,critical
2026-01-15T08:10:14+00:00,MOTOR-001,89.2,8.34,11.96,1464.8,229.2,4.21,warning,bearing_degradation,critical
2026-01-15T08:10:15+00:00,MOTOR-001,89.31,8.41,11.92,1460.0,229.3,4.21,warning,bearing_degradation,critical
2026-01-15T08:10:16+00:00,MOTOR-001,89.39,8.68,11.69,1461.2,229.4,4.2,warning,bearing_degradation,critical
2026-01-15T08:10:17+00:00,MOTOR-001,89.63,8.81,11.73,1464.7,230.7,4.21,warning,bearing_degradation,critical
2026-01-15T08:10:18+00:00,MOTOR-001,89.75,8.77,11.81,1460.1,229.7,4.21,warning,bearing_degradation,critical
2026-01-15T08:10:19+00:00,MOTOR-001,90.04,8.31,11.65,1460.9,230.1,4.19,warning,bearing_degradation,critical
2026-01-15T08:10:20+00:00,MOTOR-001,89.47,8.34,11.66,1466.4,230.4,4.19,warning,bearing_degradation,critical
2026-01-15T08:10:21+00:00,MOTOR-001,89.8,8.5,11.87,1459.4,230.3,4.19,warning,bearing_degradation,critical
2026-01-15T08:10:22+00:00,MOTOR-001,89.91,8.7,11.73,1462.5,230.1,4.2,warning,bearing_degradation,critical
2026-01-15T08:10:23+00:00,MOTOR-001,89.89,8.34,11.71,1468.7,230.4,4.19,warning,bearing_degradation,critical
2026-01-15T08:10:24+00:00,MOTOR-001,90.12,8.42,11.53,1469.9,230.5,4.19,warning,bearing_degradation,critical
2026-01-15T08:10:25+00:00,MOTOR-001,89.92,8.3,11.48,1462.7,229.9,4.2,warning,bearing_degradation,critical
2026-01-15T08:10:26+00:00,MOTOR-001,89.84,8.37,11.61,1463.8,230.1,4.2,warning,bearing_degradation,critical
2026-01-15T08:10:27+00:00,MOTOR-001,89.75,8.59,11.72,1460.6,229.5,4.2,warning,bearing_degradation,critical
2026-01-15T08:10:28+00:00,MOTOR-001,89.83,8.34,11.63,1456.2,229.2,4.2,warning,bearing_degradation,critical
2026-01-15T08:10:29+00:00,MOTOR-001,89.65,8.62,11.92,1459.3,229.4,4.2,warning,bearing_degradation,critical
2026-01-15T08:10:30+00:00,MOTOR-001,89.65,8.65,11.96,1460.1,230.2,4.2,warning,bearing_degradation,critical
2026-01-15T08:10:31+00:00,MOTOR-001,89.56,8.21,11.93,1459.8,229.7,4.22,warning,bearing_degradation,critical
2026-01-15T08:10:32+00:00,MOTOR-001,89.53,8.11,11.99,1459.8,229.4,4.2,warning,bearing_degradation,critical
2026-01-15T08:10:33+00:00,MOTOR-001,89.61,8.3,12.05,1465.1,229.3,4.19,warning,bearing_degradation,critical
2026-01-15T08:10:34+00:00,MOTOR-001,89.29,8.45,11.79,1465.6,230.0,4.2,warning,bearing_degradation,critical
2026-01-15T08:10:35+00:00,MOTOR-001,89.58,8.56,11.95,1466.5,230.6,4.2,warning,bearing_degradation,critical
2026-01-15T08:10:36+00:00,MOTOR-001,89.6,8.78,11.82,1463.0,229.7,4.19,warning,bearing_degradation,critical
2026-01-15T08:10:37+00:00,MOTOR-001,89.36,8.37,11.84,1461.7,230.3,4.21,warning,bearing_degradation,critical
2026-01-15T08:10:38+00:00,MOTOR-001,89.59,8.41,11.89,1465.1,229.5,4.21,warning,bearing_degradation,critical
2026-01-15T08:10:39+00:00,MOTOR-001,89.53,8.37,11.88,1460.4,230.3,4.21,warning,bearing_degradation,critical
2026-01-15T08:10:40+00:00,MOTOR-001,89.24,8.42,11.72,1462.2,230.6,4.19,warning,bearing_degradation,critical
2026-01-15T08:10:41+00:00,MOTOR-001,89.13,8.16,11.77,1457.4,230.3,4.19,warning,bearing_degradation,critical
2026-01-15T08:10:42+00:00,MOTOR-001,89.08,8.39,11.86,1467.0,230.4,4.18,warning,bearing_degradation,critical
2026-01-15T08:10:43+00:00,MOTOR-001,89.36,8.32,11.93,1470.8,229.7,4.18,warning,bearing_degradation,critical
2026-01-15T08:10:44+00:00,MOTOR-001,89.19,8.36,11.9,1463.4,229.8,4.2,warning,bearing_degradation,critical
2026-01-15T08:10:45+00:00,MOTOR-001,88.87,8.34,11.74,1458.6,229.5,4.21,warning,bearing_degradation,critical
2026-01-15T08:10:46+00:00,MOTOR-001,88.93,8.1,11.75,1459.5,229.4,4.21,warning,bearing_degradation,critical
2026-01-15T08:10:47+00:00,MOTOR-001,89.13,8.34,11.8,1462.8,230.2,4.2,warning,bearing_degradation,critical
2026-01-15T08:10:48+00:00,MOTOR-001,89.1,8.68,11.72,1460.6,229.9,4.19,warning,bearing_degradation,critical
2026-01-15T08:10:49+00:00,MOTOR-001,89.18,8.44,11.77,1463.7,230.6,4.2,warning,bearing_degradation,critical
2026-01-15T08:10:50+00:00,MOTOR-001,89.43,8.23,11.58,1463.6,230.3,4.19,warning,bearing_degradation,critical
2026-01-15T08:10:51+00:00,MOTOR-001,89.41,8.44,11.63,1462.7,230.5,4.19,warning,bearing_degradation,critical
2026-01-15T08:10:52+00:00,MOTOR-001,89.9,8.3,11.82,1454.4,230.4,4.19,warning,bearing_degradation,critical
2026-01-15T08:10:53+00:00,MOTOR-001,89.46,8.38,11.94,1458.6,230.7,4.19,warning,bearing_degradation,critical
2026-01-15T08:10:54+00:00,MOTOR-001,89.46,8.66,11.88,1465.3,230.9,4.2,warning,bearing_degradation,critical
2026-01-15T08:10:55+00:00,MOTOR-001,89.14,8.4,12.1,1469.4,230.4,4.2,warning,bearing_degradation,critical
2026-01-15T08:10:56+00:00,MOTOR-001,89.11,8.58,12.01,1473.4,230.8,4.2,warning,bearing_degradation,critical
2026-01-15T08:10:57+00:00,MOTOR-001,89.48,8.82,11.82,1463.9,230.1,4.2,warning,bearing_degradation,critical
2026-01-15T08:10:58+00:00,MOTOR-001,89.52,8.13,12.01,1459.6,229.4,4.2,warning,bearing_degradation,critical
2026-01-15T08:10:59+00:00,MOTOR-001,89.63,8.54,11.75,1463.0,229.9,4.21,warning,bearing_degradation,critical
2026-01-15T08:11:00+00:00,MOTOR-001,89.67,8.22,11.86,1464.2,230.7,4.21,warning,bearing_degradation,critical
2026-01-15T08:11:01+00:00,MOTOR-001,89.68,8.05,11.73,1468.1,229.9,4.2,warning,bearing_degradation,critical
2026-01-15T08:11:02+00:00,MOTOR-001,89.83,8.35,11.77,1468.4,229.9,4.21,warning,bearing_degradation,critical
2026-01-15T08:11:03+00:00,MOTOR-001,90.04,8.56,11.85,1470.9,230.7,4.22,warning,bearing_degradation,critical
2026-01-15T08:11:04+00:00,MOTOR-001,89.8,8.28,11.67,1471.6,230.4,4.21,warning,bearing_degradation,critical
2026-01-15T08:11:05+00:00,MOTOR-001,89.93,8.18,11.82,1467.0,229.7,4.21,warning,bearing_degradation,critical
2026-01-15T08:11:06+00:00,MOTOR-001,89.72,8.2,11.83,1462.3,230.1,4.22,warning,bearing_degradation,critical
2026-01-15T08:11:07+00:00,MOTOR-001,89.58,8.21,11.93,1470.0,229.7,4.22,warning,bearing_degradation,critical
2026-01-15T08:11:08+00:00,MOTOR-001,89.73,8.31,11.84,1470.5,230.2,4.21,warning,bearing_degradation,critical
2026-01-15T08:11:09+00:00,MOTOR-001,89.63,8.53,11.83,1468.6,229.6,4.22,warning,bearing_degradation,critical
2026-01-15T08:11:10+00:00,MOTOR-001,89.64,8.53,11.93,1463.3,230.1,4.22,warning,bearing_degradation,critical
2026-01-15T08:11:11+00:00,MOTOR-001,89.26,8.27,11.83,1467.0,230.0,4.22,warning,bearing_degradation,critical
2026-01-15T08:11:12+00:00,MOTOR-001,89.19,8.42,11.48,1467.6,230.7,4.21,warning,bearing_degradation,critical
2026-01-15T08:11:13+00:00,MOTOR-001,89.1,8.21,11.53,1462.4,230.2,4.2,warning,bearing_degradation,critical
2026-01-15T08:11:14+00:00,MOTOR-001,89.27,8.12,11.66,1467.1,229.2,4.2,warning,bearing_degradation,critical
2026-01-15T08:11:15+00:00,MOTOR-001,89.1,8.62,11.71,1466.1,229.6,4.2,warning,bearing_degradation,critical
2026-01-15T08:11:16+00:00,MOTOR-001,89.12,8.36,11.86,1471.2,229.5,4.21,warning,bearing_degradation,critical
2026-01-15T08:11:17+00:00,MOTOR-001,89.02,8.65,11.79,1465.1,229.9,4.22,warning,bearing_degradation,critical
2026-01-15T08:11:18+00:00,MOTOR-001,88.93,8.39,11.77,1470.6,230.1,4.22,warning,bearing_degradation,critical
2026-01-15T08:11:19+00:00,MOTOR-001,89.39,8.36,11.77,1464.9,230.1,4.22,warning,bearing_degradation,critical
2026-01-15T08:11:20+00:00,MOTOR-001,89.5,8.07,11.67,1471.7,230.6,4.18,warning,bearing_degradation,critical
2026-01-15T08:11:21+00:00,MOTOR-001,89.19,8.38,11.77,1466.6,229.9,4.19,warning,bearing_degradation,critical
2026-01-15T08:11:22+00:00,MOTOR-001,89.35,8.09,11.43,1464.3,230.0,4.19,warning,bearing_degradation,critical
2026-01-15T08:11:23+00:00,MOTOR-001,89.29,8.41,11.61,1470.3,229.9,4.19,warning,bearing_degradation,critical
2026-01-15T08:11:24+00:00,MOTOR-001,89.45,8.36,11.7,1469.7,230.5,4.2,warning,bearing_degradation,critical
2026-01-15T08:11:25+00:00,MOTOR-001,89.53,8.32,11.78,1468.8,229.5,4.2,warning,bearing_degradation,critical
2026-01-15T08:11:26+00:00,MOTOR-001,89.18,8.26,11.85,1469.0,230.5,4.21,warning,bearing_degradation,critical
2026-01-15T08:11:27+00:00,MOTOR-001,89.09,8.25,12.0,1473.4,229.9,4.21,warning,bearing_degradation,critical
2026-01-15T08:11:28+00:00,MOTOR-001,89.46,8.14,11.86,1476.6,230.1,4.21,warning,bearing_degradation,critical
2026-01-15T08:11:29+00:00,MOTOR-001,89.47,8.24,11.75,1467.8,229.9,4.21,warning,bearing_degradation,critical
2026-01-15T08:11:30+00:00,MOTOR-001,89.27,8.18,11.66,1469.6,230.0,4.22,warning,bearing_degradation,critical
2026-01-15T08:11:31+00:00,MOTOR-001,89.32,8.2,11.76,1465.5,229.9,4.21,warning,bearing_degradation,critical
2026-01-15T08:11:32+00:00,MOTOR-001,89.16,8.16,11.75,1462.3,229.1,4.2,warning,bearing_degradation,critical
2026-01-15T08:11:33+00:00,MOTOR-001,89.19,8.31,11.79,1462.3,229.8,4.21,warning,bearing_degradation,critical
2026-01-15T08:11:34+00:00,MOTOR-001,89.33,8.34,11.89,1465.1,229.7,4.19,warning,bearing_degradation,critical
2026-01-15T08:11:35+00:00,MOTOR-001,89.34,8.23,11.79,1463.3,229.6,4.19,warning,bearing_degradation,critical
2026-01-15T08:11:36+00:00,MOTOR-001,89.03,8.11,11.83,1466.3,229.5,4.2,warning,bearing_degradation,critical
2026-01-15T08:11:37+00:00,MOTOR-001,89.71,8.0,11.76,1469.1,229.4,4.21,warning,bearing_degradation,critical
2026-01-15T08:11:38+00:00,MOTOR-001,89.2,8.2,11.77,1477.3,229.4,4.2,warning,bearing_degradation,critical
2026-01-15T08:11:39+00:00,MOTOR-001,89.27,8.43,11.76,1473.8,229.3,4.19,warning,bearing_degradation,critical
2026-01-15T08:11:40+00:00,MOTOR-001,89.17,8.04,11.8,1470.3,229.6,4.21,warning,bearing_degradation,critical
2026-01-15T08:11:41+00:00,MOTOR-001,89.36,8.33,11.98,1464.5,229.9,4.22,warning,bearing_degradation,critical
2026-01-15T08:11:42+00:00,MOTOR-001,89.25,8.56,11.83,1470.9,229.7,4.2,warning,bearing_degradation,critical
2026-01-15T08:11:43+00:00,MOTOR-001,89.51,8.18,11.87,1465.8,229.4,4.22,warning,bearing_degradation,critical
2026-01-15T08:11:44+00:00,MOTOR-001,89.57,8.49,11.92,1469.2,229.5,4.22,warning,bearing_degradation,critical
2026-01-15T08:11:45+00:00,MOTOR-001,89.55,8.32,11.83,1471.0,229.2,4.22,warning,bearing_degradation,critical
2026-01-15T08:11:46+00:00,MOTOR-001,89.53,8.04,11.86,1469.6,229.5,4.21,warning,bearing_degradation,critical
2026-01-15T08:11:47+00:00,MOTOR-001,89.6,8.19,11.85,1463.8,229.2,4.2,warning,bearing_degradation,critical
2026-01-15T08:11:48+00:00,MOTOR-001,89.55,8.24,11.7,1475.6,229.4,4.21,warning,bearing_degradation,critical
2026-01-15T08:11:49+00:00,MOTOR-001,89.72,8.36,11.76,1462.5,230.6,4.21,warning,bearing_degradation,critical
2026-01-15T08:11:50+00:00,MOTOR-001,89.69,8.65,11.89,1466.5,230.9,4.19,warning,bearing_degradation,critical
2026-01-15T08:11:51+00:00,MOTOR-001,89.68,8.26,11.96,1470.6,230.0,4.19,warning,bearing_degradation,critical
2026-01-15T08:11:52+00:00,MOTOR-001,89.37,8.38,12.05,1469.7,230.2,4.2,warning,bearing_degradation,critical
2026-01-15T08:11:53+00:00,MOTOR-001,89.45,8.75,11.87,1465.0,229.6,4.19,warning,bearing_degradation,critical
2026-01-15T08:11:54+00:00,MOTOR-001,89.68,8.69,11.56,1467.4,230.2,4.18,warning,bearing_degradation,critical
2026-01-15T08:11:55+00:00,MOTOR-001,89.79,8.48,11.62,1464.1,229.9,4.19,warning,bearing_degradation,critical
2026-01-15T08:11:56+00:00,MOTOR-001,89.67,8.46,11.61,1463.5,230.7,4.18,warning,bearing_degradation,critical
2026-01-15T08:11:57+00:00,MOTOR-001,89.45,8.25,11.72,1467.2,229.4,4.2,warning,bearing_degradation,critical
2026-01-15T08:11:58+00:00,MOTOR-001,89.65,8.45,11.84,1458.5,229.4,4.2,warning,bearing_degradation,critical
2026-01-15T08:11:59+00:00,MOTOR-001,89.98,8.69,11.91,1460.0,231.1,4.2,warning,bearing_degradation,critical
2026-01-15T08:12:00+00:00,MOTOR-001,89.45,8.61,11.75,1464.6,231.0,4.19,warning,bearing_degradation,critical
2026-01-15T08:12:01+00:00,MOTOR-001,89.54,8.62,11.79,1459.3,230.3,4.21,warning,bearing_degradation,critical
2026-01-15T08:12:02+00:00,MOTOR-001,89.32,8.45,11.62,1462.1,229.9,4.2,warning,bearing_degradation,critical
2026-01-15T08:12:03+00:00,MOTOR-001,89.43,8.73,11.81,1463.8,230.2,4.2,warning,bearing_degradation,critical
2026-01-15T08:12:04+00:00,MOTOR-001,89.41,8.96,11.69,1464.6,231.1,4.21,warning,bearing_degradation,critical
2026-01-15T08:12:05+00:00,MOTOR-001,89.69,8.64,11.74,1459.5,230.4,4.2,warning,bearing_degradation,critical
2026-01-15T08:12:06+00:00,MOTOR-001,89.82,9.12,11.65,1461.8,229.3,4.2,warning,bearing_degradation,critical
2026-01-15T08:12:07+00:00,MOTOR-001,89.84,8.71,11.79,1459.4,230.1,4.21,warning,bearing_degradation,critical
2026-01-15T08:12:08+00:00,MOTOR-001,89.85,8.31,11.96,1466.8,230.6,4.22,warning,bearing_degradation,critical
2026-01-15T08:12:09+00:00,MOTOR-001,89.59,8.11,11.92,1470.1,230.0,4.21,warning,bearing_degradation,critical
2026-01-15T08:12:10+00:00,MOTOR-001,89.71,8.37,11.76,1471.2,229.9,4.2,warning,bearing_degradation,critical
2026-01-15T08:12:11+00:00,MOTOR-001,89.22,8.43,11.61,1465.8,229.6,4.21,warning,bearing_degradation,critical
2026-01-15T08:12:12+00:00,MOTOR-001,89.08,8.44,11.66,1464.0,229.5,4.21,warning,bearing_degradation,critical
2026-01-15T08:12:13+00:00,MOTOR-001,89.18,8.41,11.8,1462.5,228.9,4.21,warning,bearing_degradation,critical
2026-01-15T08:12:14+00:00,MOTOR-001,89.18,8.16,11.58,1461.1,229.3,4.2,warning,bearing_degradation,critical
2026-01-15T08:12:15+00:00,MOTOR-001,89.11,8.34,11.73,1462.4,230.1,4.19,warning,bearing_degradation,critical
2026-01-15T08:12:16+00:00,MOTOR-001,89.09,8.39,11.6,1465.2,229.8,4.18,warning,bearing_degradation,critical
2026-01-15T08:12:17+00:00,MOTOR-001,89.3,8.19,11.68,1467.2,229.8,4.19,warning,bearing_degradation,critical
2026-01-15T08:12:18+00:00,MOTOR-001,89.56,8.5,11.49,1457.5,229.7,4.18,warning,bearing_degradation,critical
2026-01-15T08:12:19+00:00,MOTOR-001,89.77,8.37,11.76,1461.1,229.7,4.2,warning,bearing_degradation,critical
2026-01-15T08:12:20+00:00,MOTOR-001,89.5,8.16,11.79,1463.0,229.6,4.2,warning,bearing_degradation,critical
2026-01-15T08:12:21+00:00,MOTOR-001,89.59,8.12,11.63,1461.9,230.4,4.17,warning,bearing_degradation,critical
2026-01-15T08:12:22+00:00,MOTOR-001,89.59,8.22,11.67,1460.1,230.0,4.19,warning,bearing_degradation,critical
2026-01-15T08:12:23+00:00,MOTOR-001,89.17,8.11,11.79,1457.0,229.8,4.2,warning,bearing_degradation,critical
2026-01-15T08:12:24+00:00,MOTOR-001,89.42,7.97,11.85,1458.1,229.5,4.21,warning,bearing_degradation,critical
2026-01-15T08:12:25+00:00,MOTOR-001,89.32,8.27,11.92,1460.9,229.5,4.19,warning,bearing_degradation,critical
2026-01-15T08:12:26+00:00,MOTOR-001,89.14,8.02,11.86,1456.7,229.4,4.19,warning,bearing_degradation,critical
2026-01-15T08:12:27+00:00,MOTOR-001,89.19,8.29,11.81,1462.7,229.8,4.2,warning,bearing_degradation,critical
2026-01-15T08:12:28+00:00,MOTOR-001,89.27,8.22,11.99,1460.9,230.5,4.2,warning,bearing_degradation,critical
2026-01-15T08:12:29+00:00,MOTOR-001,89.23,8.25,11.87,1458.5,230.7,4.18,warning,bearing_degradation,critical
2026-01-15T08:12:30+00:00,MOTOR-001,89.41,8.48,11.98,1463.2,230.0,4.18,warning,bearing_degradation,critical
2026-01-15T08:12:31+00:00,MOTOR-001,89.59,8.5,11.83,1468.0,230.3,4.18,warning,bearing_degradation,critical
2026-01-15T08:12:32+00:00,MOTOR-001,89.74,8.51,11.79,1468.5,229.7,4.18,warning,bearing_degradation,critical
2026-01-15T08:12:33+00:00,MOTOR-001,89.72,8.37,11.61,1467.9,229.6,4.18,warning,bearing_degradation,critical
2026-01-15T08:12:34+00:00,MOTOR-001,89.4,8.53,11.62,1464.1,229.3,4.18,warning,bearing_degradation,critical
2026-01-15T08:12:35+00:00,MOTOR-001,89.45,8.38,11.82,1456.3,230.5,4.18,warning,bearing_degradation,critical
2026-01-15T08:12:36+00:00,MOTOR-001,89.85,8.45,11.61,1454.7,229.9,4.19,warning,bearing_degradation,critical
2026-01-15T08:12:37+00:00,MOTOR-001,89.81,8.63,11.62,1463.4,230.3,4.19,warning,bearing_degradation,critical
2026-01-15T08:12:38+00:00,MOTOR-001,89.56,8.58,11.58,1458.5,230.8,4.2,warning,bearing_degradation,critical
2026-01-15T08:12:39+00:00,MOTOR-001,89.67,8.39,11.75,1456.8,229.1,4.19,warning,bearing_degradation,critical
2026-01-15T08:12:40+00:00,MOTOR-001,89.84,8.76,11.65,1458.8,229.7,4.21,warning,bearing_degradation,critical
2026-01-15T08:12:41+00:00,MOTOR-001,89.8,8.69,11.81,1455.6,230.4,4.23,warning,bearing_degradation,critical
2026-01-15T08:12:42+00:00,MOTOR-001,89.56,8.79,11.87,1460.3,230.6,4.2,warning,bearing_degradation,critical
2026-01-15T08:12:43+00:00,MOTOR-001,89.78,8.54,11.93,1460.9,230.5,4.21,warning,bearing_degradation,critical
2026-01-15T08:12:44+00:00,MOTOR-001,89.69,8.66,11.94,1465.3,230.2,4.21,warning,bearing_degradation,critical
2026-01-15T08:12:45+00:00,MOTOR-001,89.34,8.79,11.89,1471.4,230.3,4.2,warning,bearing_degradation,critical
2026-01-15T08:12:46+00:00,MOTOR-001,89.4,8.52,11.63,1474.2,229.4,4.2,warning,bearing_degradation,critical
2026-01-15T08:12:47+00:00,MOTOR-001,89.46,8.76,11.58,1470.0,229.9,4.2,warning,bearing_degradation,critical
2026-01-15T08:12:48+00:00,MOTOR-001,89.34,8.46,11.75,1471.8,229.1,4.2,warning,bearing_degradation,critical
2026-01-15T08:12:49+00:00,MOTOR-001,89.26,8.51,11.65,1468.4,229.2,4.2,warning,bearing_degradation,critical
2026-01-15T08:12:50+00:00,MOTOR-001,89.35,8.19,11.85,1471.7,229.6,4.19,warning,bearing_degradation,critical
2026-01-15T08:12:51+00:00,MOTOR-001,89.51,8.45,11.81,1458.2,230.7,4.2,warning,bearing_degradation,critical
2026-01-15T08:12:52+00:00,MOTOR-001,89.29,8.47,11.66,1461.2,230.7,4.21,warning,bearing_degradation,critical
2026-01-15T08:12:53+00:00,MOTOR-001,89.18,8.7,11.71,1458.0,230.3,4.21,warning,bearing_degradation,critical
2026-01-15T08:12:54+00:00,MOTOR-001,89.15,8.48,11.88,1463.9,231.0,4.2,warning,bearing_degradation,critical
2026-01-15T08:12:55+00:00,MOTOR-001,89.32,8.53,11.78,1463.2,230.4,4.2,warning,bearing_degradation,critical
2026-01-15T08:12:56+00:00,MOTOR-001,89.22,8.59,11.85,1465.2,229.3,4.2,warning,bearing_degradation,critical
2026-01-15T08:12:57+00:00,MOTOR-001,89.4,8.27,11.88,1471.4,229.8,4.2,warning,bearing_degradation,critical
2026-01-15T08:12:58+00:00,MOTOR-001,89.74,8.23,11.84,1463.3,230.1,4.2,warning,bearing_degradation,critical
2026-01-15T08:12:59+00:00,MOTOR-001,89.58,8.47,11.68,1454.9,230.1,4.2,warning,bearing_degradation,critical
2026-01-15T08:13:00+00:00,MOTOR-001,89.37,8.75,11.69,1462.7,230.5,4.2,warning,bearing_degradation,critical
2026-01-15T08:13:01+00:00,MOTOR-001,89.33,8.51,11.65,1469.1,230.2,4.18,warning,bearing_degradation,critical
2026-01-15T08:13:02+00:00,MOTOR-001,89.5,8.62,11.74,1470.2,230.3,4.19,warning,bearing_degradation,critical
2026-01-15T08:13:03+00:00,MOTOR-001,89.42,8.78,11.75,1465.7,229.6,4.18,warning,bearing_degradation,critical
2026-01-15T08:13:04+00:00,MOTOR-001,89.25,8.85,11.77,1469.8,228.7,4.18,warning,bearing_degradation,critical
2026-01-15T08:13:05+00:00,MOTOR-001,89.14,8.69,11.81,1468.7,228.5,4.19,warning,bearing_degradation,critical
2026-01-15T08:13:06+00:00,MOTOR-001,89.31,8.38,11.96,1464.5,229.8,4.19,warning,bearing_degradation,critical
2026-01-15T08:13:07+00:00,MOTOR-001,89.19,8.63,11.92,1465.7,230.0,4.21,warning,bearing_degradation,critical
2026-01-15T08:13:08+00:00,MOTOR-001,89.15,8.78,11.84,1471.5,230.4,4.22,warning,bearing_degradation,critical
2026-01-15T08:13:09+00:00,MOTOR-001,88.95,8.8,11.85,1463.4,229.7,4.21,warning,bearing_degradation,critical
2026-01-15T08:13:10+00:00,MOTOR-001,89.32,8.47,11.68,1467.5,228.8,4.2,warning,bearing_degradation,critical
2026-01-15T08:13:11+00:00,MOTOR-001,89.08,8.47,11.76,1467.3,230.0,4.2,warning,bearing_degradation,critical
2026-01-15T08:13:12+00:00,MOTOR-001,89.33,8.66,11.77,1463.9,229.7,4.2,warning,bearing_degradation,critical
2026-01-15T08:13:13+00:00,MOTOR-001,89.6,8.48,11.86,1460.7,230.4,4.2,warning,bearing_degradation,critical
2026-01-15T08:13:14+00:00,MOTOR-001,89.3,8.54,11.65,1464.4,230.4,4.2,warning,bearing_degradation,critical
2026-01-15T08:13:15+00:00,MOTOR-001,89.16,8.37,11.76,1464.1,230.4,4.2,warning,bearing_degradation,critical
2026-01-15T08:13:16+00:00,MOTOR-001,89.28,8.28,11.58,1460.6,229.9,4.22,warning,bearing_degradation,critical
2026-01-15T08:13:17+00:00,MOTOR-001,88.81,8.52,11.64,1459.6,230.1,4.2,warning,bearing_degradation,critical
2026-01-15T08:13:18+00:00,MOTOR-001,88.88,8.33,11.77,1463.8,230.3,4.19,warning,bearing_degradation,critical
2026-01-15T08:13:19+00:00,MOTOR-001,89.26,8.64,11.62,1459.9,230.2,4.19,warning,bearing_degradation,critical
2026-01-15T08:13:20+00:00,MOTOR-001,89.19,8.69,11.79,1456.0,230.7,4.2,warning,bearing_degradation,critical
2026-01-15T08:13:21+00:00,MOTOR-001,89.23,8.53,11.86,1464.8,229.3,4.21,warning,bearing_degradation,critical
2026-01-15T08:13:22+00:00,MOTOR-001,89.46,8.64,11.93,1467.0,230.1,4.21,warning,bearing_degradation,critical
2026-01-15T08:13:23+00:00,MOTOR-001,89.81,8.66,11.73,1456.4,229.8,4.2,warning,bearing_degradation,critical
2026-01-15T08:13:24+00:00,MOTOR-001,89.8,8.41,11.84,1454.3,229.7,4.19,warning,bearing_degradation,critical
2026-01-15T08:13:25+00:00,MOTOR-001,90.01,8.69,11.79,1454.4,230.0,4.19,warning,bearing_degradation,critical
2026-01-15T08:13:26+00:00,MOTOR-001,90.07,8.81,11.88,1456.9,230.1,4.18,warning,bearing_degradation,critical
2026-01-15T08:13:27+00:00,MOTOR-001,89.98,8.48,11.97,1465.8,230.7,4.2,warning,bearing_degradation,critical
2026-01-15T08:13:28+00:00,MOTOR-001,90.16,8.68,11.81,1466.0,230.2,4.2,warning,bearing_degradation,critical
2026-01-15T08:13:29+00:00,MOTOR-001,90.46,8.8,11.84,1464.2,229.7,4.19,warning,bearing_degradation,critical
2026-01-15T08:13:30+00:00,MOTOR-001,89.89,8.6,11.82,1468.1,230.1,4.19,warning,bearing_degradation,critical
2026-01-15T08:13:31+00:00,MOTOR-001,89.79,8.57,11.6,1467.8,230.0,4.19,warning,bearing_degradation,critical
2026-01-15T08:13:32+00:00,MOTOR-001,89.97,8.52,11.9,1466.9,230.2,4.18,warning,bearing_degradation,critical
2026-01-15T08:13:33+00:00,MOTOR-001,90.15,8.38,11.98,1460.8,230.6,4.19,warning,bearing_degradation,critical
2026-01-15T08:13:34+00:00,MOTOR-001,90.15,8.25,11.72,1457.0,229.5,4.21,warning,bearing_degradation,critical
2026-01-15T08:13:35+00:00,MOTOR-001,89.9,8.52,11.82,1454.2,229.5,4.21,warning,bearing_degradation,critical
2026-01-15T08:13:36+00:00,MOTOR-001,89.74,8.54,11.7,1463.8,230.5,4.2,warning,bearing_degradation,critical
2026-01-15T08:13:37+00:00,MOTOR-001,89.66,8.62,11.86,1467.4,230.1,4.19,warning,bearing_degradation,critical
2026-01-15T08:13:38+00:00,MOTOR-001,89.75,8.44,11.79,1463.3,230.0,4.19,warning,bearing_degradation,critical
2026-01-15T08:13:39+00:00,MOTOR-001,89.46,8.33,11.75,1469.5,230.6,4.2,warning,bearing_degradation,critical
2026-01-15T08:13:40+00:00,MOTOR-001,89.49,8.29,11.86,1465.3,231.1,4.21,warning,bearing_degradation,critical
2026-01-15T08:13:41+00:00,MOTOR-001,89.46,8.08,11.74,1475.3,229.5,4.21,warning,bearing_degradation,critical
2026-01-15T08:13:42+00:00,MOTOR-001,89.63,8.55,11.8,1479.8,229.5,4.2,warning,bearing_degradation,critical
2026-01-15T08:13:43+00:00,MOTOR-001,89.23,8.37,11.7,1473.6,229.5,4.21,warning,bearing_degradation,critical
2026-01-15T08:13:44+00:00,MOTOR-001,89.24,8.39,11.67,1472.8,228.5,4.21,warning,bearing_degradation,critical
2026-01-15T08:13:45+00:00,MOTOR-001,89.03,8.3,11.79,1471.3,230.3,4.2,warning,bearing_degradation,critical
2026-01-15T08:13:46+00:00,MOTOR-001,89.18,8.49,11.73,1471.4,230.4,4.21,warning,bearing_degradation,critical
2026-01-15T08:13:47+00:00,MOTOR-001,89.44,8.58,11.76,1468.5,229.7,4.22,warning,bearing_degradation,critical
2026-01-15T08:13:48+00:00,MOTOR-001,89.26,8.98,11.72,1465.8,229.5,4.21,warning,bearing_degradation,critical
2026-01-15T08:13:49+00:00,MOTOR-001,89.51,8.89,11.71,1469.2,229.7,4.19,warning,bearing_degradation,critical
2026-01-15T08:13:50+00:00,MOTOR-001,89.97,8.77,11.75,1467.9,229.5,4.18,warning,bearing_degradation,critical
2026-01-15T08:13:51+00:00,MOTOR-001,90.1,8.52,12.03,1463.4,229.5,4.19,warning,bearing_degradation,critical
2026-01-15T08:13:52+00:00,MOTOR-001,90.39,8.18,11.95,1463.0,229.5,4.2,warning,bearing_degradation,critical
2026-01-15T08:13:53+00:00,MOTOR-001,90.13,8.45,11.93,1462.7,229.6,4.21,warning,bearing_degradation,critical
2026-01-15T08:13:54+00:00,MOTOR-001,90.18,8.85,11.87,1462.1,230.8,4.19,warning,bearing_degradation,critical
2026-01-15T08:13:55+00:00,MOTOR-001,90.11,8.74,11.72,1467.0,230.1,4.18,warning,bearing_degradation,critical
2026-01-15T08:13:56+00:00,MOTOR-001,89.96,8.62,11.73,1476.0,229.5,4.18,warning,bearing_degradation,critical
2026-01-15T08:13:57+00:00,MOTOR-001,89.7,8.48,11.84,1472.7,229.3,4.19,warning,bearing_degradation,critical
2026-01-15T08:13:58+00:00,MOTOR-001,89.49,8.31,11.8,1466.9,228.8,4.19,warning,bearing_degradation,critical
2026-01-15T08:13:59+00:00,MOTOR-001,89.42,8.41,11.85,1468.7,229.9,4.19,warning,bearing_degradation,critical
2026-01-15T08:14:00+00:00,MOTOR-001,89.41,8.1,11.85,1468.5,228.9,4.19,warning,bearing_degradation,critical
2026-01-15T08:14:01+00:00,MOTOR-001,89.15,8.11,11.96,1469.7,229.4,4.19,warning,bearing_degradation,critical
2026-01-15T08:14:02+00:00,MOTOR-001,89.19,8.3,11.93,1469.7,229.3,4.19,warning,bearing_degradation,critical
2026-01-15T08:14:03+00:00,MOTOR-001,89.16,8.05,11.97,1470.3,229.1,4.19,warning,bearing_degradation,critical
2026-01-15T08:14:04+00:00,MOTOR-001,88.86,8.35,11.71,1463.7,229.5,4.2,warning,bearing_degradation,critical
2026-01-15T08:14:05+00:00,MOTOR-001,89.13,8.45,11.8,1465.9,230.0,4.22,warning,bearing_degradation,critical
2026-01-15T08:14:06+00:00,MOTOR-001,89.25,8.51,11.84,1460.8,230.1,4.2,warning,bearing_degradation,critical
2026-01-15T08:14:07+00:00,MOTOR-001,88.87,8.55,11.89,1471.2,229.6,4.19,warning,bearing_degradation,critical
2026-01-15T08:14:08+00:00,MOTOR-001,89.13,8.43,11.65,1468.1,231.0,4.18,warning,bearing_degradation,critical
2026-01-15T08:14:09+00:00,MOTOR-001,89.37,8.47,11.85,1463.7,230.7,4.19,warning,bearing_degradation,critical
2026-01-15T08:14:10+00:00,MOTOR-001,89.29,8.28,11.9,1463.7,230.2,4.18,warning,bearing_degradation,critical
2026-01-15T08:14:11+00:00,MOTOR-001,89.41,8.39,11.99,1469.4,231.1,4.21,warning,bearing_degradation,critical
2026-01-15T08:14:12+00:00,MOTOR-001,89.33,8.27,12.03,1466.6,230.7,4.21,warning,bearing_degradation,critical
2026-01-15T08:14:13+00:00,MOTOR-001,89.42,8.05,12.11,1479.0,231.1,4.21,warning,bearing_degradation,critical
2026-01-15T08:14:14+00:00,MOTOR-001,89.6,8.0,12.18,1477.4,230.7,4.21,warning,bearing_degradation,critical
2026-01-15T08:14:15+00:00,MOTOR-001,89.84,8.4,11.98,1468.0,229.1,4.19,warning,bearing_degradation,critical
2026-01-15T08:14:16+00:00,MOTOR-001,89.79,8.16,11.77,1469.1,229.3,4.19,warning,bearing_degradation,critical
2026-01-15T08:14:17+00:00,MOTOR-001,89.79,8.31,11.83,1467.5,229.1,4.19,warning,bearing_degradation,critical
2026-01-15T08:14:18+00:00,MOTOR-001,89.76,8.41,11.82,1459.4,230.0,4.2,warning,bearing_degradation,critical
2026-01-15T08:14:19+00:00,MOTOR-001,89.5,8.55,11.84,1461.9,230.0,4.21,warning,bearing_degradation,critical
2026-01-15T08:14:20+00:00,MOTOR-001,89.55,8.71,11.89,1460.8,229.6,4.21,warning,bearing_degradation,critical
2026-01-15T08:14:21+00:00,MOTOR-001,89.28,8.47,11.78,1458.1,229.6,4.21,warning,bearing_degradation,critical
2026-01-15T08:14:22+00:00,MOTOR-001,89.21,8.32,11.9,1461.1,228.6,4.21,warning,bearing_degradation,critical
2026-01-15T08:14:23+00:00,MOTOR-001,89.17,8.48,11.94,1465.2,229.4,4.2,warning,bearing_degradation,critical
2026-01-15T08:14:24+00:00,MOTOR-001,89.21,8.5,11.83,1468.5,229.4,4.19,warning,bearing_degradation,critical
2026-01-15T08:14:25+00:00,MOTOR-001,89.59,8.43,11.51,1460.6,228.8,4.19,warning,bearing_degradation,critical
2026-01-15T08:14:26+00:00,MOTOR-001,89.77,8.31,11.66,1459.2,230.1,4.2,warning,bearing_degradation,critical
2026-01-15T08:14:27+00:00,MOTOR-001,89.49,8.47,11.72,1463.3,230.5,4.19,warning,bearing_degradation,critical
2026-01-15T08:14:28+00:00,MOTOR-001,89.6,8.57,11.97,1467.1,231.0,4.2,warning,bearing_degradation,critical
2026-01-15T08:14:29+00:00,MOTOR-001,89.67,8.3,11.92,1469.9,230.1,4.22,warning,bearing_degradation,critical
2026-01-15T08:14:30+00:00,MOTOR-001,89.43,8.49,11.93,1477.4,230.8,4.21,warning,bearing_degradation,critical
2026-01-15T08:14:31+00:00,MOTOR-001,89.55,8.24,11.76,1467.7,229.7,4.2,warning,bearing_degradation,critical
2026-01-15T08:14:32+00:00,MOTOR-001,89.88,8.16,11.86,1467.4,229.7,4.21,warning,bearing_degradation,critical
2026-01-15T08:14:33+00:00,MOTOR-001,89.87,8.35,11.84,1473.7,229.5,4.2,warning,bearing_degradation,critical
2026-01-15T08:14:34+00:00,MOTOR-001,89.9,8.46,11.88,1463.8,230.1,4.2,warning,bearing_degradation,critical
2026-01-15T08:14:35+00:00,MOTOR-001,89.93,8.65,12.02,1458.0,231.0,4.2,warning,bearing_degradation,critical
2026-01-15T08:14:36+00:00,MOTOR-001,89.9,8.6,11.88,1452.3,231.1,4.2,warning,bearing_degradation,critical
2026-01-15T08:14:37+00:00,MOTOR-001,89.9,8.53,11.88,1455.3,230.4,4.22,warning,bearing_degradation,critical
2026-01-15T08:14:38+00:00,MOTOR-001,90.27,8.69,11.75,1461.3,229.9,4.21,warning,bearing_degradation,critical
2026-01-15T08:14:39+00:00,MOTOR-001,89.61,8.39,11.99,1456.7,229.8,4.22,warning,bearing_degradation,critical
2026-01-15T08:14:40+00:00,MOTOR-001,89.34,8.54,12.07,1458.6,230.5,4.21,warning,bearing_degradation,critical
2026-01-15T08:14:41+00:00,MOTOR-001,89.28,8.52,12.1,1455.9,230.7,4.21,warning,bearing_degradation,critical
2026-01-15T08:14:42+00:00,MOTOR-001,89.21,8.53,12.02,1468.6,230.3,4.21,warning,bearing_degradation,critical
2026-01-15T08:14:43+00:00,MOTOR-001,89.0,8.7,12.04,1465.2,230.0,4.21,warning,bearing_degradation,critical
2026-01-15T08:14:44+00:00,MOTOR-001,88.9,8.51,11.82,1469.4,230.4,4.19,warning,bearing_degradation,critical
2026-01-15T08:14:45+00:00,MOTOR-001,88.79,8.25,11.89,1470.3,230.8,4.2,warning,bearing_degradation,critical
2026-01-15T08:14:46+00:00,MOTOR-001,88.67,8.46,11.95,1462.6,229.1,4.2,warning,bearing_degradation,critical
2026-01-15T08:14:47+00:00,MOTOR-001,88.56,8.58,11.92,1467.7,229.6,4.21,warning,bearing_degradation,critical
2026-01-15T08:14:48+00:00,MOTOR-001,88.66,8.74,11.67,1460.1,230.0,4.23,warning,bearing_degradation,critical
2026-01-15T08:14:49+00:00,MOTOR-001,88.96,8.6,11.53,1469.7,229.6,4.23,warning,bearing_degradation,critical
2026-01-15T08:14:50+00:00,MOTOR-001,89.31,8.73,11.76,1474.8,229.1,4.22,warning,bearing_degradation,critical
2026-01-15T08:14:51+00:00,MOTOR-001,89.35,8.74,11.72,1466.2,230.1,4.21,warning,bearing_degradation,critical
2026-01-15T08:14:52+00:00,MOTOR-001,89.61,8.42,11.74,1465.7,229.3,4.19,warning,bearing_degradation,critical
2026-01-15T08:14:53+00:00,MOTOR-001,89.43,8.4,11.81,1466.1,229.5,4.18,warning,bearing_degradation,critical
2026-01-15T08:14:54+00:00,MOTOR-001,89.25,8.16,11.9,1466.4,231.0,4.18,warning,bearing_degradation,critical
2026-01-15T08:14:55+00:00,MOTOR-001,89.24,8.13,11.56,1465.5,231.0,4.18,warning,bearing_degradation,critical
2026-01-15T08:14:56+00:00,MOTOR-001,89.33,8.33,11.84,1459.8,230.5,4.19,warning,bearing_degradation,critical
2026-01-15T08:14:57+00:00,MOTOR-001,89.55,8.34,11.91,1460.2,229.6,4.18,warning,bearing_degradation,critical
2026-01-15T08:14:58+00:00,MOTOR-001,89.57,8.46,11.86,1463.7,229.4,4.18,warning,bearing_degradation,critical
2026-01-15T08:14:59+00:00,MOTOR-001,89.8,8.26,11.68,1464.8,229.9,4.18,warning,bearing_degradation,critical
2026-01-15T08:15:00+00:00,MOTOR-001,89.93,8.42,11.7,1473.2,230.2,4.18,warning,bearing_degradation,critical
2026-01-15T08:15:01+00:00,MOTOR-001,89.98,8.69,11.64,1461.6,229.6,4.18,warning,bearing_degradation,critical
2026-01-15T08:15:02+00:00,MOTOR-001,89.76,8.63,11.92,1467.0,228.8,4.18,warning,bearing_degradation,critical
2026-01-15T08:15:03+00:00,MOTOR-001,89.29,8.29,11.77,1471.8,230.8,4.18,warning,bearing_degradation,critical
2026-01-15T08:15:04+00:00,MOTOR-001,89.4,8.31,12.06,1472.6,231.0,4.19,warning,bearing_degradation,critical
2026-01-15T08:15:05+00:00,MOTOR-001,89.33,8.41,11.95,1465.6,230.5,4.19,warning,bearing_degradation,critical
2026-01-15T08:15:06+00:00,MOTOR-001,89.66,8.3,12.0,1469.6,229.4,4.2,warning,bearing_degradation,critical
2026-01-15T08:15:07+00:00,MOTOR-001,89.77,8.07,11.96,1462.2,229.2,4.2,warning,bearing_degradation,critical
2026-01-15T08:15:08+00:00,MOTOR-001,89.6,8.16,11.71,1463.8,229.3,4.2,warning,bearing_degradation,critical
2026-01-15T08:15:09+00:00,MOTOR-001,89.88,8.53,11.84,1460.3,229.5,4.2,warning,bearing_degradation,critical
2026-01-15T08:15:10+00:00,MOTOR-001,89.95,8.7,11.73,1461.4,230.2,4.21,warning,bearing_degradation,critical
2026-01-15T08:15:11+00:00,MOTOR-001,90.02,8.65,11.99,1467.3,229.9,4.2,warning,bearing_degradation,critical
2026-01-15T08:15:12+00:00,MOTOR-001,89.81,8.91,11.92,1468.5,229.7,4.2,warning,bearing_degradation,critical
2026-01-15T08:15:13+00:00,MOTOR-001,89.81,8.79,11.67,1467.6,229.8,4.2,warning,bearing_degradation,critical
2026-01-15T08:15:14+00:00,MOTOR-001,89.96,8.46,11.69,1462.6,229.0,4.18,warning,bearing_degradation,critical
2026-01-15T08:15:15+00:00,MOTOR-001,89.74,8.51,11.64,1459.1,230.9,4.19,warning,bearing_degradation,critical
2026-01-15T08:15:16+00:00,MOTOR-001,89.69,8.43,11.75,1464.1,230.2,4.2,warning,bearing_degradation,critical
2026-01-15T08:15:17+00:00,MOTOR-001,89.48,8.11,11.79,1464.7,229.8,4.2,warning,bearing_degradation,critical
2026-01-15T08:15:18+00:00,MOTOR-001,89.43,8.09,11.65,1465.2,229.9,4.19,warning,bearing_degradation,critical
2026-01-15T08:15:19+00:00,MOTOR-001,89.41,8.03,11.71,1466.4,229.2,4.19,warning,bearing_degradation,critical
2026-01-15T08:15:20+00:00,MOTOR-001,89.39,8.16,11.73,1468.3,230.1,4.19,warning,bearing_degradation,critical
2026-01-15T08:15:21+00:00,MOTOR-001,89.18,8.4,11.84,1469.1,229.7,4.2,warning,bearing_degradation,critical
2026-01-15T08:15:22+00:00,MOTOR-001,88.89,8.51,11.75,1464.8,229.8,4.19,warning,bearing_degradation,critical
2026-01-15T08:15:23+00:00,MOTOR-001,89.36,7.97,11.74,1467.5,229.7,4.19,warning,bearing_degradation,critical
2026-01-15T08:15:24+00:00,MOTOR-001,89.37,8.18,11.89,1467.9,230.4,4.21,warning,bearing_degradation,critical
2026-01-15T08:15:25+00:00,MOTOR-001,89.52,8.62,11.84,1468.7,229.9,4.21,warning,bearing_degradation,critical
2026-01-15T08:15:26+00:00,MOTOR-001,89.62,8.2,11.87,1468.1,230.4,4.2,warning,bearing_degradation,critical
2026-01-15T08:15:27+00:00,MOTOR-001,89.29,8.03,11.89,1465.3,230.4,4.2,warning,bearing_degradation,critical
2026-01-15T08:15:28+00:00,MOTOR-001,89.44,8.13,11.93,1461.6,230.7,4.21,warning,bearing_degradation,critical
2026-01-15T08:15:29+00:00,MOTOR-001,89.55,8.39,11.87,1459.5,230.0,4.22,warning,bearing_degradation,critical
2026-01-15T08:15:30+00:00,MOTOR-001,89.65,8.23,11.6,1464.3,230.1,4.23,warning,bearing_degradation,critical
2026-01-15T08:15:31+00:00,MOTOR-001,89.58,8.37,11.56,1475.0,230.9,4.22,warning,bearing_degradation,critical
2026-01-15T08:15:32+00:00,MOTOR-001,89.66,8.62,11.64,1464.3,229.7,4.2,warning,bearing_degradation,critical
2026-01-15T08:15:33+00:00,MOTOR-001,89.18,8.51,11.82,1464.8,229.5,4.2,warning,bearing_degradation,critical
2026-01-15T08:15:34+00:00,MOTOR-001,88.98,8.53,11.73,1457.0,230.0,4.21,warning,bearing_degradation,critical
2026-01-15T08:15:35+00:00,MOTOR-001,88.79,8.43,12.04,1469.8,230.4,4.21,warning,bearing_degradation,critical
2026-01-15T08:15:36+00:00,MOTOR-001,89.03,8.74,11.84,1465.8,230.2,4.2,warning,bearing_degradation,critical
2026-01-15T08:15:37+00:00,MOTOR-001,89.01,8.48,11.99,1467.1,230.5,4.2,warning,bearing_degradation,critical
2026-01-15T08:15:38+00:00,MOTOR-001,89.12,8.68,12.04,1462.6,231.1,4.2,warning,bearing_degradation,critical
2026-01-15T08:15:39+00:00,MOTOR-001,88.93,8.44,11.82,1463.4,230.6,4.19,warning,bearing_degradation,critical
2026-01-15T08:15:40+00:00,MOTOR-001,89.0,8.46,12.05,1467.4,230.9,4.2,warning,bearing_degradation,critical
2026-01-15T08:15:41+00:00,MOTOR-001,89.22,8.32,11.8,1466.2,229.8,4.19,warning,bearing_degradation,critical
2026-01-15T08:15:42+00:00,MOTOR-001,89.52,8.55,11.93,1470.2,230.1,4.19,warning,bearing_degradation,critical
2026-01-15T08:15:43+00:00,MOTOR-001,89.87,8.19,11.76,1465.1,230.0,4.17,warning,bearing_degradation,critical
2026-01-15T08:15:44+00:00,MOTOR-001,90.0,8.21,11.8,1462.9,229.0,4.2,warning,bearing_degradation,critical
2026-01-15T08:15:45+00:00,MOTOR-001,89.88,8.19,11.65,1470.5,229.8,4.22,warning,bearing_degradation,critical
2026-01-15T08:15:46+00:00,MOTOR-001,89.52,8.23,11.74,1463.0,230.0,4.2,warning,bearing_degradation,critical
2026-01-15T08:15:47+00:00,MOTOR-001,89.34,8.2,11.78,1468.0,229.6,4.22,warning,bearing_degradation,critical
2026-01-15T08:15:48+00:00,MOTOR-001,89.13,8.22,11.85,1460.5,229.3,4.2,warning,bearing_degradation,critical
2026-01-15T08:15:49+00:00,MOTOR-001,89.3,8.51,11.88,1467.0,229.2,4.19,warning,bearing_degradation,critical
2026-01-15T08:15:50+00:00,MOTOR-001,89.67,8.48,11.94,1463.2,230.5,4.19,warning,bearing_degradation,critical
2026-01-15T08:15:51+00:00,MOTOR-001,89.7,8.27,11.94,1461.4,230.3,4.19,warning,bearing_degradation,critical
2026-01-15T08:15:52+00:00,MOTOR-001,89.74,8.45,11.81,1464.5,230.3,4.2,warning,bearing_degradation,critical
2026-01-15T08:15:53+00:00,MOTOR-001,89.78,8.3,11.64,1470.1,229.8,4.21,warning,bearing_degradation,critical
2026-01-15T08:15:54+00:00,MOTOR-001,89.77,8.27,11.85,1469.2,229.1,4.21,warning,bearing_degradation,critical
2026-01-15T08:15:55+00:00,MOTOR-001,89.64,8.59,11.83,1472.2,229.9,4.2,warning,bearing_degradation,critical
2026-01-15T08:15:56+00:00,MOTOR-001,89.56,8.68,12.03,1467.9,229.8,4.19,warning,bearing_degradation,critical
2026-01-15T08:15:57+00:00,MOTOR-001,89.4,8.64,11.92,1466.5,230.4,4.2,warning,bearing_degradation,critical
2026-01-15T08:15:58+00:00,MOTOR-001,89.23,8.38,11.82,1465.6,229.9,4.2,warning,bearing_degradation,critical
2026-01-15T08:15:59+00:00,MOTOR-001,89.24,8.25,11.65,1467.6,230.1,4.21,warning,bearing_degradation,critical
2026-01-15T08:16:00+00:00,MOTOR-001,89.35,8.18,11.84,1465.9,230.0,4.22,warning,bearing_degradation,critical
2026-01-15T08:16:01+00:00,MOTOR-001,89.45,7.89,11.76,1461.8,230.0,4.21,warning,bearing_degradation,critical
2026-01-15T08:16:02+00:00,MOTOR-001,89.49,8.13,11.87,1458.2,230.2,4.2,warning,bearing_degradation,critical
2026-01-15T08:16:03+00:00,MOTOR-001,89.18,8.27,11.98,1461.8,229.9,4.2,warning,bearing_degradation,critical
2026-01-15T08:16:04+00:00,MOTOR-001,89.33,8.27,11.81,1461.2,229.7,4.22,warning,bearing_degradation,critical
2026-01-15T08:16:05+00:00,MOTOR-001,89.24,8.29,11.88,1470.1,229.7,4.23,warning,bearing_degradation,critical
2026-01-15T08:16:06+00:00,MOTOR-001,89.18,8.08,11.8,1467.0,229.2,4.22,warning,bearing_degradation,critical
2026-01-15T08:16:07+00:00,MOTOR-001,89.13,8.23,11.63,1454.8,229.8,4.22,warning,bearing_degradation,critical
2026-01-15T08:16:08+00:00,MOTOR-001,88.86,8.03,11.99,1462.9,228.8,4.22,warning,bearing_degradation,critical
2026-01-15T08:16:09+00:00,MOTOR-001,88.6,8.2,11.91,1467.2,229.1,4.22,warning,bearing_degradation,critical
2026-01-15T08:16:10+00:00,MOTOR-001,88.88,8.57,11.99,1465.5,230.2,4.22,warning,bearing_degradation,critical
2026-01-15T08:16:11+00:00,MOTOR-001,89.08,8.18,11.75,1462.2,229.9,4.21,warning,bearing_degradation,critical
2026-01-15T08:16:12+00:00,MOTOR-001,89.49,8.11,11.98,1461.2,229.9,4.21,warning,bearing_degradation,critical
2026-01-15T08:16:13+00:00,MOTOR-001,89.53,8.38,11.91,1461.9,230.1,4.21,warning,bearing_degradation,critical
2026-01-15T08:16:14+00:00,MOTOR-001,89.29,8.28,11.82,1467.2,229.9,4.2,warning,bearing_degradation,critical
2026-01-15T08:16:15+00:00,MOTOR-001,89.58,8.09,11.94,1462.3,229.9,4.2,warning,bearing_degradation,critical
2026-01-15T08:16:16+00:00,MOTOR-001,89.72,8.41,12.07,1466.6,229.8,4.21,warning,bearing_degradation,critical
2026-01-15T08:16:17+00:00,MOTOR-001,89.72,8.28,11.95,1464.4,229.3,4.21,warning,bearing_degradation,critical
2026-01-15T08:16:18+00:00,MOTOR-001,89.55,8.34,11.83,1468.1,229.3,4.23,warning,bearing_degradation,critical
2026-01-15T08:16:19+00:00,MOTOR-001,89.2,8.55,11.74,1467.8,230.3,4.22,warning,bearing_degradation,critical
2026-01-15T08:16:20+00:00,MOTOR-001,89.24,8.73,11.69,1471.0,229.7,4.2,warning,bearing_degradation,critical
2026-01-15T08:16:21+00:00,MOTOR-001,89.34,8.72,11.83,1468.1,229.1,4.21,warning,bearing_degradation,critical
2026-01-15T08:16:22+00:00,MOTOR-001,89.25,8.58,11.97,1477.6,230.0,4.2,warning,bearing_degradation,critical
2026-01-15T08:16:23+00:00,MOTOR-001,89.14,8.25,11.91,1471.6,229.9,4.21,warning,bearing_degradation,critical
2026-01-15T08:16:24+00:00,MOTOR-001,89.26,8.32,12.01,1461.0,229.6,4.21,warning,bearing_degradation,critical
2026-01-15T08:16:25+00:00,MOTOR-001,89.46,8.31,11.97,1457.5,230.7,4.22,warning,bearing_degradation,critical
2026-01-15T08:16:26+00:00,MOTOR-001,89.83,8.6,11.91,1458.7,230.4,4.21,warning,bearing_degradation,critical
2026-01-15T08:16:27+00:00,MOTOR-001,89.66,8.43,11.64,1460.3,230.2,4.21,warning,bearing_degradation,critical
2026-01-15T08:16:28+00:00,MOTOR-001,89.53,8.51,11.84,1464.9,230.8,4.19,warning,bearing_degradation,critical
2026-01-15T08:16:29+00:00,MOTOR-001,89.53,8.27,11.77,1468.4,230.0,4.18,warning,bearing_degradation,critical
2026-01-15T08:16:30+00:00,MOTOR-001,89.49,8.28,11.8,1469.4,229.1,4.2,warning,bearing_degradation,critical
2026-01-15T08:16:31+00:00,MOTOR-001,89.67,8.17,11.83,1468.4,228.6,4.19,warning,bearing_degradation,critical
2026-01-15T08:16:32+00:00,MOTOR-001,89.67,8.08,11.85,1463.4,229.1,4.19,warning,bearing_degradation,critical
2026-01-15T08:16:33+00:00,MOTOR-001,89.43,8.33,11.69,1458.7,229.5,4.19,warning,bearing_degradation,critical
2026-01-15T08:16:34+00:00,MOTOR-001,89.6,8.28,11.82,1456.3,229.9,4.2,warning,bearing_degradation,critical
2026-01-15T08:16:35+00:00,MOTOR-001,89.56,8.35,11.74,1467.7,230.0,4.19,warning,bearing_degradation,critical
2026-01-15T08:16:36+00:00,MOTOR-001,89.52,8.07,11.84,1469.6,229.7,4.18,warning,bearing_degradation,critical
2026-01-15T08:16:37+00:00,MOTOR-001,89.29,8.17,11.85,1464.0,230.1,4.17,warning,bearing_degradation,critical
2026-01-15T08:16:38+00:00,MOTOR-001,89.53,8.09,12.03,1471.4,229.4,4.18,warning,bearing_degradation,critical
2026-01-15T08:16:39+00:00,MOTOR-001,89.72,7.96,11.81,1467.4,229.1,4.2,warning,bearing_degradation,critical
2026-01-15T08:16:40+00:00,MOTOR-001,80.55,5.35,10.39,1475.5,230.1,4.19,running,normal,normal
2026-01-15T08:16:41+00:00,MOTOR-001,73.51,3.75,9.58,1478.9,230.3,4.2,running,normal,normal
2026-01-15T08:16:42+00:00,MOTOR-001,68.23,2.85,9.26,1481.7,229.7,4.19,running,normal,normal
2026-01-15T08:16:43+00:00,MOTOR-001,64.35,2.28,9.14,1483.2,230.6,4.2,running,normal,normal
2026-01-15T08:16:44+00:00,MOTOR-001,61.38,1.95,9.15,1484.2,230.2,4.2,running,normal,normal
2026-01-15T08:16:45+00:00,MOTOR-001,59.19,1.74,9.09,1484.2,230.5,4.22,running,normal,normal
2026-01-15T08:16:46+00:00,MOTOR-001,57.52,1.64,9.05,1484.5,230.0,4.21,running,normal,normal
2026-01-15T08:16:47+00:00,MOTOR-001,56.43,1.55,9.0,1484.4,229.3,4.22,running,normal,normal
2026-01-15T08:16:48+00:00,MOTOR-001,55.4,1.53,9.02,1483.8,229.0,4.21,running,normal,normal
2026-01-15T08:16:49+00:00,MOTOR-001,54.72,1.52,8.97,1483.9,228.9,4.22,running,normal,normal
2026-01-15T08:16:50+00:00,MOTOR-001,54.07,1.49,8.98,1483.4,228.9,4.21,running,normal,normal
2026-01-15T08:16:51+00:00,MOTOR-001,53.69,1.56,8.86,1483.8,229.4,4.2,running,normal,normal
2026-01-15T08:16:52+00:00,MOTOR-001,53.36,1.5,8.9,1484.2,230.4,4.19,running,normal,normal
2026-01-15T08:16:53+00:00,MOTOR-001,53.06,1.52,8.92,1484.6,229.3,4.21,running,normal,normal
2026-01-15T08:16:54+00:00,MOTOR-001,52.97,1.59,8.9,1485.0,229.4,4.22,running,normal,normal
2026-01-15T08:16:55+00:00,MOTOR-001,52.87,1.51,8.91,1485.0,230.4,4.22,running,normal,normal
2026-01-15T08:16:56+00:00,MOTOR-001,52.85,1.52,8.96,1485.0,229.9,4.22,running,normal,normal
2026-01-15T08:16:57+00:00,MOTOR-001,52.81,1.57,8.91,1484.3,229.7,4.2,running,normal,normal
2026-01-15T08:16:58+00:00,MOTOR-001,52.71,1.59,8.92,1483.5,230.1,4.2,running,normal,normal
2026-01-15T08:16:59+00:00,MOTOR-001,52.75,1.56,8.9,1482.9,230.6,4.2,running,normal,normal
2026-01-15T08:17:00+00:00,MOTOR-001,52.75,1.64,8.95,1484.1,230.4,4.2,running,normal,normal
2026-01-15T08:17:01+00:00,MOTOR-001,52.76,1.61,8.89,1484.5,230.0,4.2,running,normal,normal
2026-01-15T08:17:02+00:00,MOTOR-001,52.76,1.54,8.91,1484.5,230.0,4.2,running,normal,normal
2026-01-15T08:17:03+00:00,MOTOR-001,52.72,1.53,8.86,1483.0,230.3,4.19,running,normal,normal
2026-01-15T08:17:04+00:00,MOTOR-001,52.69,1.48,8.83,1483.6,230.2,4.19,running,normal,normal
2026-01-15T08:17:05+00:00,MOTOR-001,52.7,1.47,8.89,1483.3,230.1,4.2,running,normal,normal
2026-01-15T08:17:06+00:00,MOTOR-001,52.54,1.56,8.86,1483.7,229.9,4.19,running,normal,normal
2026-01-15T08:17:07+00:00,MOTOR-001,52.66,1.53,8.87,1483.3,230.2,4.2,running,normal,normal
2026-01-15T08:17:08+00:00,MOTOR-001,52.71,1.57,8.83,1483.2,230.2,4.21,running,normal,normal
2026-01-15T08:17:09+00:00,MOTOR-001,52.73,1.57,8.85,1483.9,230.3,4.22,running,normal,normal
2026-01-15T08:17:10+00:00,MOTOR-001,52.69,1.61,8.83,1483.7,230.4,4.2,running,normal,normal
2026-01-15T08:17:11+00:00,MOTOR-001,52.67,1.61,8.85,1484.1,229.0,4.19,running,normal,normal
2026-01-15T08:17:12+00:00,MOTOR-001,52.73,1.63,8.94,1483.7,230.2,4.21,running,normal,normal
2026-01-15T08:17:13+00:00,MOTOR-001,52.57,1.56,8.87,1482.7,230.8,4.2,running,normal,normal
2026-01-15T08:17:14+00:00,MOTOR-001,52.55,1.62,8.88,1482.7,230.6,4.19,running,normal,normal
2026-01-15T08:17:15+00:00,MOTOR-001,52.53,1.65,8.82,1482.7,230.0,4.19,running,normal,normal
2026-01-15T08:17:16+00:00,MOTOR-001,52.4,1.58,8.83,1483.9,230.3,4.19,running,normal,normal
2026-01-15T08:17:17+00:00,MOTOR-001,52.45,1.53,8.82,1483.5,229.9,4.2,running,normal,normal
2026-01-15T08:17:18+00:00,MOTOR-001,52.52,1.58,8.93,1483.7,229.0,4.19,running,normal,normal
2026-01-15T08:17:19+00:00,MOTOR-001,52.54,1.56,8.86,1484.4,229.6,4.18,running,normal,normal
2026-01-15T08:17:20+00:00,MOTOR-001,52.64,1.57,8.84,1484.0,230.1,4.18,running,normal,normal
2026-01-15T08:17:21+00:00,MOTOR-001,52.64,1.62,8.89,1483.2,230.0,4.2,running,normal,normal
2026-01-15T08:17:22+00:00,MOTOR-001,52.61,1.56,8.82,1483.6,230.0,4.2,running,normal,normal
2026-01-15T08:17:23+00:00,MOTOR-001,52.62,1.57,8.84,1484.2,230.2,4.2,running,normal,normal
2026-01-15T08:17:24+00:00,MOTOR-001,52.67,1.6,8.88,1482.6,230.1,4.21,running,normal,normal
2026-01-15T08:17:25+00:00,MOTOR-001,52.63,1.57,8.83,1482.5,230.2,4.21,running,normal,normal
2026-01-15T08:17:26+00:00,MOTOR-001,52.6,1.61,8.79,1482.5,230.1,4.2,running,normal,normal
2026-01-15T08:17:27+00:00,MOTOR-001,52.64,1.59,8.82,1483.4,229.3,4.2,running,normal,normal
2026-01-15T08:17:28+00:00,MOTOR-001,52.62,1.52,8.81,1483.2,229.0,4.21,running,normal,normal
2026-01-15T08:17:29+00:00,MOTOR-001,52.6,1.47,8.78,1483.0,229.6,4.2,running,normal,normal
2026-01-15T08:17:30+00:00,MOTOR-001,52.5,1.51,8.73,1483.7,230.1,4.2,running,normal,normal
2026-01-15T08:17:31+00:00,MOTOR-001,52.46,1.54,8.76,1483.6,229.3,4.2,running,normal,normal
2026-01-15T08:17:32+00:00,MOTOR-001,52.32,1.55,8.9,1482.8,229.3,4.21,running,normal,normal
2026-01-15T08:17:33+00:00,MOTOR-001,52.3,1.51,8.83,1483.1,230.1,4.2,running,normal,normal
2026-01-15T08:17:34+00:00,MOTOR-001,52.29,1.52,8.77,1483.3,230.7,4.19,running,normal,normal
2026-01-15T08:17:35+00:00,MOTOR-001,52.25,1.52,8.74,1482.4,229.6,4.18,running,normal,normal
2026-01-15T08:17:36+00:00,MOTOR-001,52.29,1.5,8.85,1483.0,229.4,4.18,running,normal,normal
2026-01-15T08:17:37+00:00,MOTOR-001,52.28,1.47,8.8,1483.8,229.6,4.18,running,normal,normal
2026-01-15T08:17:38+00:00,MOTOR-001,52.18,1.44,8.79,1483.4,229.9,4.17,running,normal,normal
2026-01-15T08:17:39+00:00,MOTOR-001,52.28,1.45,8.68,1482.6,229.7,4.18,running,normal,normal
2026-01-15T08:17:40+00:00,MOTOR-001,52.19,1.5,8.72,1483.4,230.6,4.18,running,normal,normal
2026-01-15T08:17:41+00:00,MOTOR-001,52.18,1.52,8.65,1483.9,230.2,4.18,running,normal,normal
2026-01-15T08:17:42+00:00,MOTOR-001,52.14,1.46,8.69,1483.8,230.1,4.17,running,normal,normal
2026-01-15T08:17:43+00:00,MOTOR-001,52.13,1.49,8.81,1483.4,230.2,4.18,running,normal,normal
2026-01-15T08:17:44+00:00,MOTOR-001,52.14,1.44,8.73,1482.4,230.3,4.19,running,normal,normal
2026-01-15T08:17:45+00:00,MOTOR-001,52.16,1.43,8.79,1484.1,229.3,4.2,running,normal,normal
2026-01-15T08:17:46+00:00,MOTOR-001,52.18,1.45,8.8,1484.5,229.7,4.22,running,normal,normal
2026-01-15T08:17:47+00:00,MOTOR-001,52.11,1.48,8.7,1483.0,230.1,4.22,running,normal,normal
2026-01-15T08:17:48+00:00,MOTOR-001,52.1,1.48,8.68,1483.7,229.3,4.22,running,normal,normal
2026-01-15T08:17:49+00:00,MOTOR-001,52.13,1.47,8.71,1483.3,228.5,4.2,running,normal,normal
2026-01-15T08:17:50+00:00,MOTOR-001,52.2,1.48,8.79,1483.2,230.2,4.2,running,normal,normal
2026-01-15T08:17:51+00:00,MOTOR-001,52.25,1.44,8.73,1483.7,229.4,4.21,running,normal,normal
2026-01-15T08:17:52+00:00,MOTOR-001,52.33,1.43,8.8,1483.1,229.6,4.21,running,normal,normal
2026-01-15T08:17:53+00:00,MOTOR-001,52.23,1.44,8.8,1483.5,229.6,4.19,running,normal,normal
2026-01-15T08:17:54+00:00,MOTOR-001,52.22,1.41,8.68,1482.5,229.7,4.21,running,normal,normal
2026-01-15T08:17:55+00:00,MOTOR-001,52.2,1.38,8.64,1482.2,229.4,4.21,running,normal,normal
2026-01-15T08:17:56+00:00,MOTOR-001,52.22,1.47,8.77,1482.3,230.2,4.21,running,normal,normal
2026-01-15T08:17:57+00:00,MOTOR-001,52.28,1.45,8.71,1483.3,229.7,4.2,running,normal,normal
2026-01-15T08:17:58+00:00,MOTOR-001,52.18,1.41,8.61,1483.8,231.2,4.19,running,normal,normal
2026-01-15T08:17:59+00:00,MOTOR-001,52.21,1.34,8.65,1482.9,230.6,4.2,running,normal,normal
2026-01-15T08:18:00+00:00,MOTOR-001,52.06,1.34,8.71,1482.4,230.8,4.21,running,normal,normal
2026-01-15T08:18:01+00:00,MOTOR-001,51.99,1.39,8.61,1482.4,230.6,4.21,running,normal,normal
2026-01-15T08:18:02+00:00,MOTOR-001,52.04,1.41,8.66,1483.1,230.2,4.2,running,normal,normal
2026-01-15T08:18:03+00:00,MOTOR-001,52.05,1.4,8.67,1482.7,231.0,4.19,running,normal,normal
2026-01-15T08:18:04+00:00,MOTOR-001,52.0,1.35,8.68,1483.6,230.6,4.19,running,normal,normal
2026-01-15T08:18:05+00:00,MOTOR-001,52.01,1.37,8.68,1483.0,229.9,4.18,running,normal,normal
2026-01-15T08:18:06+00:00,MOTOR-001,52.05,1.33,8.63,1482.5,229.4,4.19,running,normal,normal
2026-01-15T08:18:07+00:00,MOTOR-001,51.98,1.3,8.62,1482.2,230.3,4.18,running,normal,normal
2026-01-15T08:18:08+00:00,MOTOR-001,51.93,1.32,8.67,1482.7,230.1,4.17,running,normal,normal
2026-01-15T08:18:09+00:00,MOTOR-001,51.88,1.3,8.61,1483.7,230.6,4.17,running,normal,normal
2026-01-15T08:18:10+00:00,MOTOR-001,51.86,1.31,8.55,1483.1,230.7,4.18,running,normal,normal
2026-01-15T08:18:11+00:00,MOTOR-001,51.75,1.35,8.63,1482.4,230.0,4.18,running,normal,normal
2026-01-15T08:18:12+00:00,MOTOR-001,51.66,1.35,8.62,1482.8,230.9,4.18,running,normal,normal
2026-01-15T08:18:13+00:00,MOTOR-001,51.59,1.34,8.62,1482.7,229.9,4.17,running,normal,normal
2026-01-15T08:18:14+00:00,MOTOR-001,51.57,1.28,8.59,1484.5,231.1,4.2,running,normal,normal
2026-01-15T08:18:15+00:00,MOTOR-001,51.55,1.25,8.66,1483.2,230.3,4.19,running,normal,normal
2026-01-15T08:18:16+00:00,MOTOR-001,51.61,1.27,8.68,1482.7,230.0,4.18,running,normal,normal
2026-01-15T08:18:17+00:00,MOTOR-001,51.59,1.27,8.69,1482.6,229.5,4.19,running,normal,normal
2026-01-15T08:18:18+00:00,MOTOR-001,51.66,1.28,8.76,1481.3,229.4,4.19,running,normal,normal
2026-01-15T08:18:19+00:00,MOTOR-001,51.53,1.2,8.71,1481.5,229.4,4.19,running,normal,normal
2026-01-15T08:18:20+00:00,MOTOR-001,51.5,1.22,8.72,1481.8,230.3,4.2,running,normal,normal
2026-01-15T08:18:21+00:00,MOTOR-001,51.39,1.22,8.73,1481.6,229.8,4.2,running,normal,normal
2026-01-15T08:18:22+00:00,MOTOR-001,51.46,1.29,8.68,1482.6,230.1,4.22,running,normal,normal
2026-01-15T08:18:23+00:00,MOTOR-001,51.44,1.29,8.66,1482.0,229.4,4.19,running,normal,normal
2026-01-15T08:18:24+00:00,MOTOR-001,51.52,1.36,8.57,1483.0,230.0,4.19,running,normal,normal
2026-01-15T08:18:25+00:00,MOTOR-001,51.51,1.34,8.74,1483.6,229.6,4.18,running,normal,normal
2026-01-15T08:18:26+00:00,MOTOR-001,51.55,1.32,8.68,1483.4,229.9,4.2,running,normal,normal
2026-01-15T08:18:27+00:00,MOTOR-001,51.43,1.24,8.63,1482.7,229.6,4.18,running,normal,normal
2026-01-15T08:18:28+00:00,MOTOR-001,51.33,1.23,8.68,1482.2,229.7,4.2,running,normal,normal
2026-01-15T08:18:29+00:00,MOTOR-001,51.29,1.28,8.71,1483.0,229.6,4.19,running,normal,normal
2026-01-15T08:18:30+00:00,MOTOR-001,51.36,1.3,8.64,1482.8,229.8,4.18,running,normal,normal
2026-01-15T08:18:31+00:00,MOTOR-001,51.35,1.35,8.6,1482.4,229.7,4.18,running,normal,normal
2026-01-15T08:18:32+00:00,MOTOR-001,51.43,1.37,8.63,1482.3,229.9,4.19,running,normal,normal
2026-01-15T08:18:33+00:00,MOTOR-001,51.29,1.34,8.65,1482.0,229.3,4.19,running,normal,normal
2026-01-15T08:18:34+00:00,MOTOR-001,51.23,1.29,8.7,1483.2,230.7,4.19,running,normal,normal
2026-01-15T08:18:35+00:00,MOTOR-001,51.23,1.35,8.69,1483.8,230.4,4.19,running,normal,normal
2026-01-15T08:18:36+00:00,MOTOR-001,51.23,1.37,8.69,1484.1,230.2,4.19,running,normal,normal
2026-01-15T08:18:37+00:00,MOTOR-001,51.26,1.36,8.62,1484.1,229.1,4.2,running,normal,normal
2026-01-15T08:18:38+00:00,MOTOR-001,51.26,1.36,8.68,1483.3,229.8,4.19,running,normal,normal
2026-01-15T08:18:39+00:00,MOTOR-001,51.12,1.38,8.63,1482.5,230.4,4.19,running,normal,normal
2026-01-15T08:18:40+00:00,MOTOR-001,51.05,1.37,8.7,1483.4,230.2,4.2,running,normal,normal
2026-01-15T08:18:41+00:00,MOTOR-001,51.0,1.44,8.73,1483.0,230.2,4.21,running,normal,normal
2026-01-15T08:18:42+00:00,MOTOR-001,51.05,1.45,8.71,1483.2,229.3,4.22,running,normal,normal
2026-01-15T08:18:43+00:00,MOTOR-001,51.0,1.44,8.66,1483.8,229.5,4.2,running,normal,normal
2026-01-15T08:18:44+00:00,MOTOR-001,51.07,1.45,8.72,1483.4,230.0,4.21,running,normal,normal
2026-01-15T08:18:45+00:00,MOTOR-001,50.96,1.38,8.62,1482.8,230.8,4.23,running,normal,normal
2026-01-15T08:18:46+00:00,MOTOR-001,50.93,1.4,8.6,1482.8,230.5,4.22,running,normal,normal
2026-01-15T08:18:47+00:00,MOTOR-001,50.89,1.41,8.58,1482.5,230.0,4.22,running,normal,normal
2026-01-15T08:18:48+00:00,MOTOR-001,50.9,1.4,8.64,1482.8,230.5,4.21,running,normal,normal
2026-01-15T08:18:49+00:00,MOTOR-001,50.99,1.46,8.66,1483.8,229.9,4.23,running,normal,normal
2026-01-15T08:18:50+00:00,MOTOR-001,50.87,1.46,8.61,1482.3,229.3,4.21,running,normal,normal
2026-01-15T08:18:51+00:00,MOTOR-001,50.87,1.45,8.65,1482.5,229.3,4.22,running,normal,normal
2026-01-15T08:18:52+00:00,MOTOR-001,50.92,1.45,8.55,1482.2,229.5,4.22,running,normal,normal
2026-01-15T08:18:53+00:00,MOTOR-001,50.95,1.46,8.59,1482.9,229.2,4.22,running,normal,normal
2026-01-15T08:18:54+00:00,MOTOR-001,50.99,1.48,8.68,1482.9,229.7,4.23,running,normal,normal
2026-01-15T08:18:55+00:00,MOTOR-001,50.9,1.47,8.73,1482.9,229.5,4.22,running,normal,normal
2026-01-15T08:18:56+00:00,MOTOR-001,50.72,1.51,8.74,1482.3,229.5,4.23,running,normal,normal
2026-01-15T08:18:57+00:00,MOTOR-001,50.76,1.5,8.66,1483.0,230.5,4.23,running,normal,normal
2026-01-15T08:18:58+00:00,MOTOR-001,50.77,1.49,8.71,1483.4,229.7,4.22,running,normal,normal
2026-01-15T08:18:59+00:00,MOTOR-001,50.85,1.44,8.6,1483.6,229.8,4.2,running,normal,normal
2026-01-15T08:19:00+00:00,MOTOR-001,50.57,1.47,8.66,1482.8,229.4,4.21,running,normal,normal
2026-01-15T08:19:01+00:00,MOTOR-001,50.67,1.46,8.61,1482.1,229.7,4.2,running,normal,normal
2026-01-15T08:19:02+00:00,MOTOR-001,50.63,1.41,8.65,1481.5,229.3,4.2,running,normal,normal
2026-01-15T08:19:03+00:00,MOTOR-001,50.49,1.41,8.58,1481.3,229.4,4.2,running,normal,normal
2026-01-15T08:19:04+00:00,MOTOR-001,50.61,1.49,8.47,1482.1,229.3,4.2,running,normal,normal
2026-01-15T08:19:05+00:00,MOTOR-001,50.57,1.53,8.57,1482.4,228.9,4.2,running,normal,normal
2026-01-15T08:19:06+00:00,MOTOR-001,50.6,1.56,8.57,1483.2,229.5,4.19,running,normal,normal
2026-01-15T08:19:07+00:00,MOTOR-001,50.59,1.59,8.65,1482.9,229.9,4.19,running,normal,normal
2026-01-15T08:19:08+00:00,MOTOR-001,50.48,1.59,8.58,1483.1,229.6,4.19,running,normal,normal
2026-01-15T08:19:09+00:00,MOTOR-001,50.48,1.59,8.61,1482.9,229.7,4.19,running,normal,normal
2026-01-15T08:19:10+00:00,MOTOR-001,50.45,1.58,8.58,1483.1,230.3,4.2,running,normal,normal
2026-01-15T08:19:11+00:00,MOTOR-001,50.5,1.62,8.6,1483.8,230.0,4.21,running,normal,normal
2026-01-15T08:19:12+00:00,MOTOR-001,50.54,1.66,8.64,1483.9,230.1,4.2,running,normal,normal
2026-01-15T08:19:13+00:00,MOTOR-001,50.47,1.66,8.56,1484.5,230.2,4.21,running,normal,normal
2026-01-15T08:19:14+00:00,MOTOR-001,50.52,1.64,8.57,1482.6,230.2,4.21,running,normal,normal
2026-01-15T08:19:15+00:00,MOTOR-001,50.4,1.63,8.58,1483.6,229.3,4.2,running,normal,normal
2026-01-15T08:19:16+00:00,MOTOR-001,50.39,1.59,8.6,1482.2,228.6,4.2,running,normal,normal
2026-01-15T08:19:17+00:00,MOTOR-001,50.43,1.56,8.62,1483.0,229.7,4.2,running,normal,normal
2026-01-15T08:19:18+00:00,MOTOR-001,50.31,1.58,8.62,1484.1,229.2,4.22,running,normal,normal
2026-01-15T08:19:19+00:00,MOTOR-001,50.32,1.55,8.59,1484.4,229.7,4.21,running,normal,normal
2026-01-15T08:19:20+00:00,MOTOR-001,50.38,1.6,8.6,1484.9,230.9,4.18,running,normal,normal
2026-01-15T08:19:21+00:00,MOTOR-001,50.37,1.66,8.63,1485.0,230.6,4.18,running,normal,normal
2026-01-15T08:19:22+00:00,MOTOR-001,50.33,1.64,8.68,1484.2,230.0,4.18,running,normal,normal
2026-01-15T08:19:23+00:00,MOTOR-001,50.35,1.63,8.76,1483.7,229.4,4.19,running,normal,normal
2026-01-15T08:19:24+00:00,MOTOR-001,50.36,1.62,8.64,1483.8,229.5,4.19,running,normal,normal
2026-01-15T08:19:25+00:00,MOTOR-001,50.32,1.64,8.55,1483.6,229.7,4.2,running,normal,normal
2026-01-15T08:19:26+00:00,MOTOR-001,50.31,1.65,8.54,1483.8,230.0,4.2,running,normal,normal
2026-01-15T08:19:27+00:00,MOTOR-001,50.41,1.65,8.59,1484.3,230.2,4.2,running,normal,normal
2026-01-15T08:19:28+00:00,MOTOR-001,50.45,1.7,8.57,1484.3,230.1,4.2,running,normal,normal
2026-01-15T08:19:29+00:00,MOTOR-001,50.3,1.63,8.55,1484.7,229.5,4.21,running,normal,normal
2026-01-15T08:19:30+00:00,MOTOR-001,50.24,1.61,8.56,1483.8,229.1,4.22,running,normal,normal
2026-01-15T08:19:31+00:00,MOTOR-001,50.33,1.64,8.63,1484.2,230.2,4.21,running,normal,normal
2026-01-15T08:19:32+00:00,MOTOR-001,50.36,1.66,8.64,1483.7,229.7,4.2,running,normal,normal
2026-01-15T08:19:33+00:00,MOTOR-001,50.32,1.53,8.65,1484.6,230.2,4.2,running,normal,normal
2026-01-15T08:19:34+00:00,MOTOR-001,50.27,1.54,8.7,1483.2,231.2,4.19,running,normal,normal
2026-01-15T08:19:35+00:00,MOTOR-001,50.33,1.53,8.63,1482.1,230.9,4.2,running,normal,normal
2026-01-15T08:19:36+00:00,MOTOR-001,50.39,1.53,8.69,1482.9,230.3,4.19,running,normal,normal
2026-01-15T08:19:37+00:00,MOTOR-001,50.44,1.55,8.67,1482.4,230.1,4.19,running,normal,normal
2026-01-15T08:19:38+00:00,MOTOR-001,50.36,1.49,8.67,1482.9,230.0,4.18,running,normal,normal
2026-01-15T08:19:39+00:00,MOTOR-001,50.36,1.48,8.64,1483.6,230.2,4.19,running,normal,normal
2026-01-15T08:19:40+00:00,MOTOR-001,50.3,1.44,8.64,1483.0,229.9,4.18,running,normal,normal
2026-01-15T08:19:41+00:00,MOTOR-001,50.29,1.5,8.62,1482.6,230.0,4.19,running,normal,normal
2026-01-15T08:19:42+00:00,MOTOR-001,50.29,1.52,8.68,1484.1,230.4,4.19,running,normal,normal
2026-01-15T08:19:43+00:00,MOTOR-001,50.32,1.48,8.65,1485.0,230.1,4.19,running,normal,normal
2026-01-15T08:19:44+00:00,MOTOR-001,50.27,1.53,8.62,1484.5,229.9,4.18,running,normal,normal
2026-01-15T08:19:45+00:00,MOTOR-001,50.27,1.49,8.59,1483.8,230.8,4.19,running,normal,normal
2026-01-15T08:19:46+00:00,MOTOR-001,50.3,1.47,8.64,1483.7,230.9,4.19,running,normal,normal
2026-01-15T08:19:47+00:00,MOTOR-001,50.41,1.47,8.64,1483.4,230.3,4.19,running,normal,normal
2026-01-15T08:19:48+00:00,MOTOR-001,50.32,1.42,8.59,1483.0,230.3,4.19,running,normal,normal
2026-01-15T08:19:49+00:00,MOTOR-001,50.31,1.49,8.64,1482.5,230.3,4.2,running,normal,normal
2026-01-15T08:19:50+00:00,MOTOR-001,50.31,1.45,8.66,1483.0,230.3,4.2,running,normal,normal
2026-01-15T08:19:51+00:00,MOTOR-001,50.35,1.44,8.56,1483.4,230.0,4.2,running,normal,normal
2026-01-15T08:19:52+00:00,MOTOR-001,50.37,1.46,8.55,1484.1,230.2,4.2,running,normal,normal
2026-01-15T08:19:53+00:00,MOTOR-001,50.37,1.53,8.62,1483.9,229.3,4.2,running,normal,normal
2026-01-15T08:19:54+00:00,MOTOR-001,50.4,1.45,8.62,1484.0,230.1,4.19,running,normal,normal
2026-01-15T08:19:55+00:00,MOTOR-001,50.38,1.44,8.63,1484.2,230.5,4.2,running,normal,normal
2026-01-15T08:19:56+00:00,MOTOR-001,50.55,1.44,8.66,1483.9,230.1,4.19,running,normal,normal
2026-01-15T08:19:57+00:00,MOTOR-001,50.5,1.41,8.59,1484.0,229.8,4.2,running,normal,normal
2026-01-15T08:19:58+00:00,MOTOR-001,50.46,1.43,8.69,1484.3,229.7,4.19,running,normal,normal
2026-01-15T08:19:59+00:00,MOTOR-001,50.46,1.4,8.65,1484.8,230.0,4.19,running,normal,normal
2026-01-15T08:20:00+00:00,MOTOR-001,64.09,1.66,9.08,1480.5,229.8,4.19,alarm,motor_overheating,high
2026-01-15T08:20:01+00:00,MOTOR-001,74.01,1.82,9.34,1478.5,230.4,4.19,alarm,motor_overheating,high
2026-01-15T08:20:02+00:00,MOTOR-001,81.8,1.98,9.28,1479.5,229.6,4.18,alarm,motor_overheating,high
2026-01-15T08:20:03+00:00,MOTOR-001,87.37,2.01,9.46,1478.8,230.6,4.18,alarm,motor_overheating,high
2026-01-15T08:20:04+00:00,MOTOR-001,91.48,2.05,9.21,1477.5,230.1,4.17,alarm,motor_overheating,high
2026-01-15T08:20:05+00:00,MOTOR-001,94.28,2.1,9.14,1478.4,229.7,4.19,alarm,motor_overheating,high
2026-01-15T08:20:06+00:00,MOTOR-001,96.43,2.09,9.25,1477.6,229.4,4.2,alarm,motor_overheating,critical
2026-01-15T08:20:07+00:00,MOTOR-001,98.38,2.1,9.29,1477.8,229.8,4.18,alarm,motor_overheating,critical
2026-01-15T08:20:08+00:00,MOTOR-001,100.17,2.04,9.28,1478.3,229.4,4.2,alarm,motor_overheating,critical
2026-01-15T08:20:09+00:00,MOTOR-001,101.63,2.14,9.27,1477.4,229.8,4.2,alarm,motor_overheating,critical
2026-01-15T08:20:10+00:00,MOTOR-001,102.57,2.06,9.36,1477.9,229.8,4.2,alarm,motor_overheating,critical
2026-01-15T08:20:11+00:00,MOTOR-001,102.96,2.01,9.31,1477.3,230.1,4.2,alarm,motor_overheating,critical
2026-01-15T08:20:12+00:00,MOTOR-001,103.32,2.04,9.3,1476.8,230.0,4.21,alarm,motor_overheating,critical
2026-01-15T08:20:13+00:00,MOTOR-001,103.82,2.04,9.28,1476.6,229.1,4.2,alarm,motor_overheating,critical
2026-01-15T08:20:14+00:00,MOTOR-001,103.78,2.04,9.34,1478.4,229.9,4.2,alarm,motor_overheating,critical
2026-01-15T08:20:15+00:00,MOTOR-001,103.96,2.05,9.36,1477.2,229.7,4.21,alarm,motor_overheating,critical
2026-01-15T08:20:16+00:00,MOTOR-001,103.95,2.12,9.42,1478.0,229.9,4.21,alarm,motor_overheating,critical
2026-01-15T08:20:17+00:00,MOTOR-001,104.36,2.1,9.24,1477.5,230.3,4.21,alarm,motor_overheating,critical
2026-01-15T08:20:18+00:00,MOTOR-001,104.18,2.12,9.27,1476.5,229.9,4.21,alarm,motor_overheating,critical
2026-01-15T08:20:19+00:00,MOTOR-001,104.24,2.09,9.22,1476.9,229.9,4.2,alarm,motor_overheating,critical
2026-01-15T08:20:20+00:00,MOTOR-001,104.59,2.13,9.36,1476.5,229.0,4.21,alarm,motor_overheating,critical
2026-01-15T08:20:21+00:00,MOTOR-001,104.13,2.04,9.26,1478.4,228.8,4.2,alarm,motor_overheating,critical
2026-01-15T08:20:22+00:00,MOTOR-001,104.0,2.08,9.26,1478.0,230.2,4.19,alarm,motor_overheating,critical
2026-01-15T08:20:23+00:00,MOTOR-001,103.36,2.06,9.28,1477.7,230.7,4.21,alarm,motor_overheating,critical
2026-01-15T08:20:24+00:00,MOTOR-001,103.72,2.09,9.3,1477.3,230.2,4.21,alarm,motor_overheating,critical
2026-01-15T08:20:25+00:00,MOTOR-001,103.77,2.09,9.35,1477.0,230.2,4.21,alarm,motor_overheating,critical
2026-01-15T08:20:26+00:00,MOTOR-001,103.58,2.14,9.27,1477.5,230.8,4.19,alarm,motor_overheating,critical
2026-01-15T08:20:27+00:00,MOTOR-001,103.75,2.12,9.32,1477.3,230.3,4.19,alarm,motor_overheating,critical
2026-01-15T08:20:28+00:00,MOTOR-001,103.48,2.12,9.38,1477.1,229.9,4.19,alarm,motor_overheating,critical
2026-01-15T08:20:29+00:00,MOTOR-001,103.54,2.14,9.43,1477.5,230.0,4.19,alarm,motor_overheating,critical
2026-01-15T08:20:30+00:00,MOTOR-001,103.55,2.1,9.46,1478.0,230.3,4.2,alarm,motor_overheating,critical
2026-01-15T08:20:31+00:00,MOTOR-001,104.17,2.03,9.36,1477.4,230.0,4.2,alarm,motor_overheating,critical
2026-01-15T08:20:32+00:00,MOTOR-001,104.41,2.02,9.3,1477.2,229.8,4.21,alarm,motor_overheating,critical
2026-01-15T08:20:33+00:00,MOTOR-001,104.19,2.09,9.19,1477.8,229.9,4.2,alarm,motor_overheating,critical
2026-01-15T08:20:34+00:00,MOTOR-001,104.27,2.04,9.34,1478.4,229.9,4.2,alarm,motor_overheating,critical
2026-01-15T08:20:35+00:00,MOTOR-001,104.19,2.08,9.28,1478.3,229.9,4.19,alarm,motor_overheating,critical
2026-01-15T08:20:36+00:00,MOTOR-001,103.7,2.11,9.35,1478.7,229.9,4.19,alarm,motor_overheating,critical
2026-01-15T08:20:37+00:00,MOTOR-001,103.96,2.14,9.22,1479.9,229.4,4.2,alarm,motor_overheating,critical
2026-01-15T08:20:38+00:00,MOTOR-001,103.46,2.12,9.22,1477.9,230.8,4.2,alarm,motor_overheating,critical
2026-01-15T08:20:39+00:00,MOTOR-001,103.78,2.13,9.22,1478.2,229.5,4.2,alarm,motor_overheating,critical
2026-01-15T08:20:40+00:00,MOTOR-001,103.8,2.17,9.39,1477.4,229.6,4.19,alarm,motor_overheating,critical
2026-01-15T08:20:41+00:00,MOTOR-001,103.44,2.15,9.38,1477.6,229.5,4.19,alarm,motor_overheating,critical
2026-01-15T08:20:42+00:00,MOTOR-001,103.37,2.14,9.37,1478.6,229.5,4.19,alarm,motor_overheating,critical
2026-01-15T08:20:43+00:00,MOTOR-001,103.58,2.12,9.3,1478.7,230.1,4.18,alarm,motor_overheating,critical
2026-01-15T08:20:44+00:00,MOTOR-001,103.77,2.2,9.29,1478.4,230.2,4.18,alarm,motor_overheating,critical
2026-01-15T08:20:45+00:00,MOTOR-001,104.71,2.13,9.3,1480.2,229.7,4.18,alarm,motor_overheating,critical
2026-01-15T08:20:46+00:00,MOTOR-001,104.09,2.03,9.38,1480.6,229.7,4.18,alarm,motor_overheating,critical
2026-01-15T08:20:47+00:00,MOTOR-001,104.23,1.98,9.3,1478.9,229.2,4.19,alarm,motor_overheating,critical
2026-01-15T08:20:48+00:00,MOTOR-001,104.17,2.03,9.25,1476.8,229.1,4.2,alarm,motor_overheating,critical
2026-01-15T08:20:49+00:00,MOTOR-001,104.05,2.08,9.33,1477.0,229.0,4.2,alarm,motor_overheating,critical
2026-01-15T08:20:50+00:00,MOTOR-001,103.98,2.18,9.24,1476.7,229.7,4.19,alarm,motor_overheating,critical
2026-01-15T08:20:51+00:00,MOTOR-001,104.13,2.14,9.2,1477.4,230.2,4.2,alarm,motor_overheating,critical
2026-01-15T08:20:52+00:00,MOTOR-001,104.52,2.15,9.2,1478.2,231.2,4.21,alarm,motor_overheating,critical
2026-01-15T08:20:53+00:00,MOTOR-001,104.39,2.12,9.49,1477.7,230.7,4.22,alarm,motor_overheating,critical
2026-01-15T08:20:54+00:00,MOTOR-001,104.36,2.12,9.48,1478.0,230.2,4.19,alarm,motor_overheating,critical
2026-01-15T08:20:55+00:00,MOTOR-001,104.23,2.02,9.38,1478.8,229.9,4.2,alarm,motor_overheating,critical
2026-01-15T08:20:56+00:00,MOTOR-001,103.95,2.05,9.36,1478.9,230.0,4.19,alarm,motor_overheating,critical
2026-01-15T08:20:57+00:00,MOTOR-001,103.83,2.14,9.41,1478.2,229.3,4.18,alarm,motor_overheating,critical
2026-01-15T08:20:58+00:00,MOTOR-001,103.6,2.14,9.28,1478.8,229.2,4.18,alarm,motor_overheating,critical
2026-01-15T08:20:59+00:00,MOTOR-001,103.93,2.07,9.36,1478.3,229.4,4.18,alarm,motor_overheating,critical
2026-01-15T08:21:00+00:00,MOTOR-001,103.85,2.05,9.34,1477.8,229.6,4.19,alarm,motor_overheating,critical
2026-01-15T08:21:01+00:00,MOTOR-001,103.69,2.06,9.24,1477.3,230.1,4.17,alarm,motor_overheating,critical
2026-01-15T08:21:02+00:00,MOTOR-001,104.04,2.05,9.27,1477.0,230.2,4.18,alarm,motor_overheating,critical
2026-01-15T08:21:03+00:00,MOTOR-001,104.2,2.09,9.25,1478.2,230.6,4.19,alarm,motor_overheating,critical
2026-01-15T08:21:04+00:00,MOTOR-001,104.09,2.17,9.15,1479.0,231.3,4.19,alarm,motor_overheating,critical
2026-01-15T08:21:05+00:00,MOTOR-001,104.08,2.11,9.22,1477.7,231.2,4.2,alarm,motor_overheating,critical
2026-01-15T08:21:06+00:00,MOTOR-001,104.53,2.02,9.31,1478.4,230.3,4.19,alarm,motor_overheating,critical
2026-01-15T08:21:07+00:00,MOTOR-001,104.33,2.01,9.33,1478.6,230.5,4.2,alarm,motor_overheating,critical
2026-01-15T08:21:08+00:00,MOTOR-001,104.27,2.12,9.45,1479.5,231.1,4.19,alarm,motor_overheating,critical
2026-01-15T08:21:09+00:00,MOTOR-001,104.45,2.14,9.48,1479.8,230.4,4.2,alarm,motor_overheating,critical
2026-01-15T08:21:10+00:00,MOTOR-001,104.03,2.12,9.28,1477.2,229.9,4.2,alarm,motor_overheating,critical
2026-01-15T08:21:11+00:00,MOTOR-001,103.55,2.08,9.23,1476.5,229.9,4.2,alarm,motor_overheating,critical
2026-01-15T08:21:12+00:00,MOTOR-001,103.79,2.07,9.3,1477.6,230.3,4.2,alarm,motor_overheating,critical
2026-01-15T08:21:13+00:00,MOTOR-001,104.08,2.12,9.35,1477.5,229.9,4.21,alarm,motor_overheating,critical
2026-01-15T08:21:14+00:00,MOTOR-001,104.08,2.13,9.27,1479.2,230.0,4.2,alarm,motor_overheating,critical
2026-01-15T08:21:15+00:00,MOTOR-001,104.13,2.13,9.24,1477.9,230.1,4.22,alarm,motor_overheating,critical
2026-01-15T08:21:16+00:00,MOTOR-001,104.06,2.12,9.27,1478.3,230.4,4.22,alarm,motor_overheating,critical
2026-01-15T08:21:17+00:00,MOTOR-001,103.78,2.1,9.18,1478.6,229.6,4.22,alarm,motor_overheating,critical
2026-01-15T08:21:18+00:00,MOTOR-001,104.0,2.11,9.26,1479.3,230.2,4.22,alarm,motor_overheating,critical
2026-01-15T08:21:19+00:00,MOTOR-001,104.18,2.17,9.24,1479.2,230.4,4.21,alarm,motor_overheating,critical
2026-01-15T08:21:20+00:00,MOTOR-001,103.98,2.23,9.28,1479.2,230.0,4.2,alarm,motor_overheating,critical
2026-01-15T08:21:21+00:00,MOTOR-001,103.95,2.2,9.29,1478.9,230.5,4.2,alarm,motor_overheating,critical
2026-01-15T08:21:22+00:00,MOTOR-001,104.02,2.18,9.33,1477.6,229.7,4.19,alarm,motor_overheating,critical
2026-01-15T08:21:23+00:00,MOTOR-001,103.91,2.21,9.2,1478.1,230.0,4.2,alarm,motor_overheating,critical
2026-01-15T08:21:24+00:00,MOTOR-001,103.84,2.08,9.27,1476.6,230.5,4.2,alarm,motor_overheating,critical
2026-01-15T08:21:25+00:00,MOTOR-001,104.47,2.08,9.26,1477.0,230.2,4.2,alarm,motor_overheating,critical
2026-01-15T08:21:26+00:00,MOTOR-001,104.64,2.18,9.16,1476.0,229.6,4.21,alarm,motor_overheating,critical
2026-01-15T08:21:27+00:00,MOTOR-001,104.49,2.21,9.29,1476.5,230.4,4.2,alarm,motor_overheating,critical
2026-01-15T08:21:28+00:00,MOTOR-001,104.19,2.14,9.1,1477.8,229.7,4.2,alarm,motor_overheating,critical
2026-01-15T08:21:29+00:00,MOTOR-001,104.62,2.21,9.12,1477.1,229.7,4.19,alarm,motor_overheating,critical
2026-01-15T08:21:30+00:00,MOTOR-001,104.44,2.16,9.18,1478.3,230.2,4.2,alarm,motor_overheating,critical
2026-01-15T08:21:31+00:00,MOTOR-001,104.14,2.08,9.26,1478.4,229.9,4.21,alarm,motor_overheating,critical
2026-01-15T08:21:32+00:00,MOTOR-001,103.9,2.09,9.32,1477.2,230.3,4.21,alarm,motor_overheating,critical
2026-01-15T08:21:33+00:00,MOTOR-001,103.59,2.07,9.27,1478.5,230.0,4.22,alarm,motor_overheating,critical
2026-01-15T08:21:34+00:00,MOTOR-001,103.39,2.06,9.21,1478.0,229.9,4.22,alarm,motor_overheating,critical
2026-01-15T08:21:35+00:00,MOTOR-001,103.52,2.03,9.19,1478.4,229.5,4.23,alarm,motor_overheating,critical
2026-01-15T08:21:36+00:00,MOTOR-001,103.52,2.04,9.25,1479.1,229.1,4.23,alarm,motor_overheating,critical
2026-01-15T08:21:37+00:00,MOTOR-001,103.66,2.06,9.33,1477.1,229.7,4.21,alarm,motor_overheating,critical
2026-01-15T08:21:38+00:00,MOTOR-001,103.98,2.1,9.25,1477.6,229.6,4.2,alarm,motor_overheating,critical
2026-01-15T08:21:39+00:00,MOTOR-001,104.32,2.15,9.22,1477.8,230.2,4.2,alarm,motor_overheating,critical
2026-01-15T08:21:40+00:00,MOTOR-001,103.87,2.14,9.26,1477.9,230.1,4.2,alarm,motor_overheating,critical
2026-01-15T08:21:41+00:00,MOTOR-001,103.86,2.13,9.34,1478.5,229.2,4.2,alarm,motor_overheating,critical
2026-01-15T08:21:42+00:00,MOTOR-001,104.19,2.07,9.22,1478.7,230.0,4.19,alarm,motor_overheating,critical
2026-01-15T08:21:43+00:00,MOTOR-001,103.97,2.09,9.17,1476.7,230.0,4.18,alarm,motor_overheating,critical
2026-01-15T08:21:44+00:00,MOTOR-001,103.97,2.1,9.14,1477.6,230.4,4.19,alarm,motor_overheating,critical
2026-01-15T08:21:45+00:00,MOTOR-001,104.61,2.04,9.1,1478.0,230.0,4.19,alarm,motor_overheating,critical
2026-01-15T08:21:46+00:00,MOTOR-001,104.44,2.03,9.3,1478.4,229.6,4.2,alarm,motor_overheating,critical
2026-01-15T08:21:47+00:00,MOTOR-001,104.4,2.02,9.17,1479.3,229.9,4.19,alarm,motor_overheating,critical
2026-01-15T08:21:48+00:00,MOTOR-001,104.4,2.01,9.28,1479.1,229.0,4.18,alarm,motor_overheating,critical
2026-01-15T08:21:49+00:00,MOTOR-001,104.42,2.06,9.43,1479.6,230.5,4.19,alarm,motor_overheating,critical
2026-01-15T08:21:50+00:00,MOTOR-001,104.5,2.06,9.46,1478.0,230.2,4.19,alarm,motor_overheating,critical
2026-01-15T08:21:51+00:00,MOTOR-001,104.46,2.02,9.47,1476.6,230.2,4.19,alarm,motor_overheating,critical
2026-01-15T08:21:52+00:00,MOTOR-001,104.39,2.1,9.38,1477.8,229.8,4.19,alarm,motor_overheating,critical
2026-01-15T08:21:53+00:00,MOTOR-001,104.25,2.07,9.4,1476.4,229.3,4.19,alarm,motor_overheating,critical
2026-01-15T08:21:54+00:00,MOTOR-001,104.57,2.05,9.21,1477.2,230.0,4.2,alarm,motor_overheating,critical
2026-01-15T08:21:55+00:00,MOTOR-001,104.74,2.09,9.23,1477.8,229.8,4.2,alarm,motor_overheating,critical
2026-01-15T08:21:56+00:00,MOTOR-001,104.51,2.12,9.42,1477.3,230.0,4.21,alarm,motor_overheating,critical
2026-01-15T08:21:57+00:00,MOTOR-001,103.95,2.08,9.44,1477.3,230.2,4.21,alarm,motor_overheating,critical
2026-01-15T08:21:58+00:00,MOTOR-001,104.01,2.1,9.34,1478.1,229.0,4.21,alarm,motor_overheating,critical
2026-01-15T08:21:59+00:00,MOTOR-001,103.77,2.03,9.32,1478.4,229.5,4.19,alarm,motor_overheating,critical
2026-01-15T08:22:00+00:00,MOTOR-001,104.23,2.04,9.29,1478.0,231.1,4.2,alarm,motor_overheating,critical
2026-01-15T08:22:01+00:00,MOTOR-001,104.05,2.03,9.25,1479.4,231.0,4.2,alarm,motor_overheating,critical
2026-01-15T08:22:02+00:00,MOTOR-001,104.35,2.01,9.27,1477.7,230.6,4.19,alarm,motor_overheating,critical
2026-01-15T08:22:03+00:00,MOTOR-001,103.77,2.08,9.35,1477.8,230.0,4.19,alarm,motor_overheating,critical
2026-01-15T08:22:04+00:00,MOTOR-001,103.87,2.0,9.35,1477.0,229.7,4.19,alarm,motor_overheating,critical
2026-01-15T08:22:05+00:00,MOTOR-001,103.99,2.05,9.26,1478.4,230.1,4.2,alarm,motor_overheating,critical
2026-01-15T08:22:06+00:00,MOTOR-001,104.04,2.12,9.16,1478.2,230.2,4.2,alarm,motor_overheating,critical
2026-01-15T08:22:07+00:00,MOTOR-001,103.97,2.17,9.17,1478.0,230.9,4.19,alarm,motor_overheating,critical
2026-01-15T08:22:08+00:00,MOTOR-001,104.0,2.17,9.37,1479.6,230.2,4.18,alarm,motor_overheating,critical
2026-01-15T08:22:09+00:00,MOTOR-001,104.47,2.13,9.29,1478.1,230.2,4.18,alarm,motor_overheating,critical
2026-01-15T08:22:10+00:00,MOTOR-001,104.59,2.14,9.23,1477.5,229.4,4.2,alarm,motor_overheating,critical
2026-01-15T08:22:11+00:00,MOTOR-001,104.72,2.13,9.2,1477.6,230.0,4.21,alarm,motor_overheating,critical
2026-01-15T08:22:12+00:00,MOTOR-001,104.2,2.08,9.17,1479.0,230.7,4.2,alarm,motor_overheating,critical
2026-01-15T08:22:13+00:00,MOTOR-001,103.86,2.13,9.17,1477.2,230.5,4.2,alarm,motor_overheating,critical
2026-01-15T08:22:14+00:00,MOTOR-001,103.61,2.16,9.27,1477.4,229.9,4.2,alarm,motor_overheating,critical
2026-01-15T08:22:15+00:00,MOTOR-001,103.62,2.17,9.23,1477.2,230.0,4.21,alarm,motor_overheating,critical
2026-01-15T08:22:16+00:00,MOTOR-001,103.67,2.17,9.3,1478.4,230.4,4.22,alarm,motor_overheating,critical
2026-01-15T08:22:17+00:00,MOTOR-001,104.41,2.18,9.28,1479.2,230.4,4.21,alarm,motor_overheating,critical
2026-01-15T08:22:18+00:00,MOTOR-001,104.63,2.19,9.35,1479.4,230.0,4.22,alarm,motor_overheating,critical
2026-01-15T08:22:19+00:00,MOTOR-001,104.94,2.17,9.44,1479.2,230.4,4.21,alarm,motor_overheating,critical
2026-01-15T08:22:20+00:00,MOTOR-001,104.55,2.12,9.44,1479.0,229.7,4.22,alarm,motor_overheating,critical
2026-01-15T08:22:21+00:00,MOTOR-001,104.11,2.05,9.41,1479.0,230.1,4.2,alarm,motor_overheating,critical
2026-01-15T08:22:22+00:00,MOTOR-001,104.02,2.05,9.52,1479.0,228.8,4.21,alarm,motor_overheating,critical
2026-01-15T08:22:23+00:00,MOTOR-001,103.7,2.07,9.38,1478.9,228.7,4.2,alarm,motor_overheating,critical
2026-01-15T08:22:24+00:00,MOTOR-001,104.39,2.12,9.36,1479.3,229.7,4.2,alarm,motor_overheating,critical
2026-01-15T08:22:25+00:00,MOTOR-001,104.64,2.13,9.25,1478.5,230.2,4.19,alarm,motor_overheating,critical
2026-01-15T08:22:26+00:00,MOTOR-001,104.33,2.15,9.27,1477.9,230.1,4.21,alarm,motor_overheating,critical
2026-01-15T08:22:27+00:00,MOTOR-001,104.64,2.1,9.22,1477.4,229.7,4.22,alarm,motor_overheating,critical
2026-01-15T08:22:28+00:00,MOTOR-001,104.23,2.13,9.3,1478.2,229.1,4.21,alarm,motor_overheating,critical
2026-01-15T08:22:29+00:00,MOTOR-001,103.9,2.07,9.42,1477.2,230.3,4.2,alarm,motor_overheating,critical
2026-01-15T08:22:30+00:00,MOTOR-001,104.03,2.09,9.26,1478.1,230.8,4.2,alarm,motor_overheating,critical
2026-01-15T08:22:31+00:00,MOTOR-001,103.78,2.12,9.27,1477.7,230.7,4.19,alarm,motor_overheating,critical
2026-01-15T08:22:32+00:00,MOTOR-001,103.87,2.08,9.21,1478.1,230.4,4.19,alarm,motor_overheating,critical
2026-01-15T08:22:33+00:00,MOTOR-001,104.01,2.0,9.28,1477.9,230.4,4.2,alarm,motor_overheating,critical
2026-01-15T08:22:34+00:00,MOTOR-001,103.69,2.04,9.32,1477.8,229.8,4.21,alarm,motor_overheating,critical
2026-01-15T08:22:35+00:00,MOTOR-001,103.6,2.08,9.29,1478.3,229.1,4.2,alarm,motor_overheating,critical
2026-01-15T08:22:36+00:00,MOTOR-001,103.41,2.06,9.35,1478.5,229.8,4.21,alarm,motor_overheating,critical
2026-01-15T08:22:37+00:00,MOTOR-001,104.07,2.07,9.42,1477.8,229.7,4.23,alarm,motor_overheating,critical
2026-01-15T08:22:38+00:00,MOTOR-001,104.43,2.07,9.36,1477.8,230.9,4.22,alarm,motor_overheating,critical
2026-01-15T08:22:39+00:00,MOTOR-001,103.86,2.07,9.32,1478.2,229.7,4.21,alarm,motor_overheating,critical
2026-01-15T08:22:40+00:00,MOTOR-001,104.39,2.08,9.36,1478.6,229.8,4.22,alarm,motor_overheating,critical
2026-01-15T08:22:41+00:00,MOTOR-001,104.12,2.05,9.35,1477.1,229.5,4.22,alarm,motor_overheating,critical
2026-01-15T08:22:42+00:00,MOTOR-001,104.36,2.02,9.34,1477.4,229.9,4.2,alarm,motor_overheating,critical
2026-01-15T08:22:43+00:00,MOTOR-001,104.3,2.08,9.37,1476.6,230.6,4.2,alarm,motor_overheating,critical
2026-01-15T08:22:44+00:00,MOTOR-001,104.38,2.09,9.29,1477.1,230.8,4.19,alarm,motor_overheating,critical
2026-01-15T08:22:45+00:00,MOTOR-001,103.94,2.1,9.32,1478.1,229.7,4.18,alarm,motor_overheating,critical
2026-01-15T08:22:46+00:00,MOTOR-001,103.88,2.1,9.43,1479.1,229.5,4.19,alarm,motor_overheating,critical
2026-01-15T08:22:47+00:00,MOTOR-001,103.72,2.11,9.45,1479.3,229.7,4.19,alarm,motor_overheating,critical
2026-01-15T08:22:48+00:00,MOTOR-001,103.86,2.14,9.22,1478.6,229.4,4.2,alarm,motor_overheating,critical
2026-01-15T08:22:49+00:00,MOTOR-001,103.69,2.14,9.31,1478.0,229.6,4.2,alarm,motor_overheating,critical
2026-01-15T08:22:50+00:00,MOTOR-001,103.91,2.15,9.18,1476.7,229.3,4.21,alarm,motor_overheating,critical
2026-01-15T08:22:51+00:00,MOTOR-001,104.35,2.16,9.35,1476.7,229.6,4.19,alarm,motor_overheating,critical
2026-01-15T08:22:52+00:00,MOTOR-001,103.78,2.12,9.34,1478.7,229.9,4.2,alarm,motor_overheating,critical
2026-01-15T08:22:53+00:00,MOTOR-001,104.53,2.12,9.38,1478.8,230.1,4.2,alarm,motor_overheating,critical
2026-01-15T08:22:54+00:00,MOTOR-001,104.43,2.13,9.36,1477.3,230.1,4.19,alarm,motor_overheating,critical
2026-01-15T08:22:55+00:00,MOTOR-001,104.39,2.08,9.47,1477.8,230.7,4.2,alarm,motor_overheating,critical
2026-01-15T08:22:56+00:00,MOTOR-001,104.25,2.12,9.37,1477.9,230.5,4.21,alarm,motor_overheating,critical
2026-01-15T08:22:57+00:00,MOTOR-001,104.84,2.17,9.26,1477.6,229.8,4.21,alarm,motor_overheating,critical
2026-01-15T08:22:58+00:00,MOTOR-001,104.44,2.18,9.32,1478.1,229.4,4.21,alarm,motor_overheating,critical
2026-01-15T08:22:59+00:00,MOTOR-001,104.13,2.21,9.34,1478.0,229.1,4.2,alarm,motor_overheating,critical
2026-01-15T08:23:00+00:00,MOTOR-001,103.71,2.18,9.27,1477.8,230.1,4.21,alarm,motor_overheating,critical
2026-01-15T08:23:01+00:00,MOTOR-001,103.58,2.13,9.4,1477.9,230.3,4.21,alarm,motor_overheating,critical
2026-01-15T08:23:02+00:00,MOTOR-001,103.65,2.07,9.5,1476.1,229.9,4.2,alarm,motor_overheating,critical
2026-01-15T08:23:03+00:00,MOTOR-001,103.78,2.06,9.21,1477.8,230.0,4.2,alarm,motor_overheating,critical
2026-01-15T08:23:04+00:00,MOTOR-001,103.62,2.06,9.23,1478.7,229.2,4.2,alarm,motor_overheating,critical
2026-01-15T08:23:05+00:00,MOTOR-001,103.68,2.06,9.22,1478.3,229.3,4.19,alarm,motor_overheating,critical
2026-01-15T08:23:06+00:00,MOTOR-001,104.2,2.05,9.28,1477.8,228.6,4.2,alarm,motor_overheating,critical
2026-01-15T08:23:07+00:00,MOTOR-001,104.44,2.06,9.34,1479.0,229.6,4.2,alarm,motor_overheating,critical
2026-01-15T08:23:08+00:00,MOTOR-001,104.19,2.07,9.2,1477.2,230.1,4.21,alarm,motor_overheating,critical
2026-01-15T08:23:09+00:00,MOTOR-001,104.02,2.1,9.14,1477.3,229.8,4.22,alarm,motor_overheating,critical
2026-01-15T08:23:10+00:00,MOTOR-001,104.17,2.05,9.23,1477.0,229.9,4.22,alarm,motor_overheating,critical
2026-01-15T08:23:11+00:00,MOTOR-001,104.02,2.07,9.31,1475.3,230.5,4.2,alarm,motor_overheating,critical
2026-01-15T08:23:12+00:00,MOTOR-001,104.13,2.08,9.23,1476.6,230.5,4.2,alarm,motor_overheating,critical
2026-01-15T08:23:13+00:00,MOTOR-001,103.92,2.12,9.23,1478.1,229.8,4.19,alarm,motor_overheating,critical
2026-01-15T08:23:14+00:00,MOTOR-001,103.86,2.03,9.18,1477.7,230.8,4.19,alarm,motor_overheating,critical
2026-01-15T08:23:15+00:00,MOTOR-001,103.74,2.09,9.18,1476.8,230.2,4.19,alarm,motor_overheating,critical
2026-01-15T08:23:16+00:00,MOTOR-001,103.85,2.09,9.16,1477.7,229.9,4.2,alarm,motor_overheating,critical
2026-01-15T08:23:17+00:00,MOTOR-001,103.88,2.09,9.21,1478.7,229.9,4.22,alarm,motor_overheating,critical
2026-01-15T08:23:18+00:00,MOTOR-001,104.37,2.02,9.36,1478.3,230.8,4.21,alarm,motor_overheating,critical
2026-01-15T08:23:19+00:00,MOTOR-001,104.9,2.07,9.4,1479.2,230.4,4.21,alarm,motor_overheating,critical
2026-01-15T08:23:20+00:00,MOTOR-001,104.84,2.09,9.14,1478.0,230.8,4.21,alarm,motor_overheating,critical
2026-01-15T08:23:21+00:00,MOTOR-001,104.53,2.01,9.07,1477.1,230.6,4.2,alarm,motor_overheating,critical
2026-01-15T08:23:22+00:00,MOTOR-001,104.6,2.0,9.18,1477.2,230.1,4.2,alarm,motor_overheating,critical
2026-01-15T08:23:23+00:00,MOTOR-001,104.51,2.04,9.23,1478.3,230.4,4.21,alarm,motor_overheating,critical
2026-01-15T08:23:24+00:00,MOTOR-001,104.81,2.1,9.3,1479.1,229.9,4.21,alarm,motor_overheating,critical
2026-01-15T08:23:25+00:00,MOTOR-001,104.62,2.07,9.36,1477.6,229.8,4.21,alarm,motor_overheating,critical
2026-01-15T08:23:26+00:00,MOTOR-001,104.58,2.1,9.31,1478.3,230.6,4.21,alarm,motor_overheating,critical
2026-01-15T08:23:27+00:00,MOTOR-001,104.13,2.1,9.24,1479.0,230.1,4.2,alarm,motor_overheating,critical
2026-01-15T08:23:28+00:00,MOTOR-001,103.96,2.1,9.25,1477.9,230.3,4.19,alarm,motor_overheating,critical
2026-01-15T08:23:29+00:00,MOTOR-001,104.05,2.08,9.28,1477.4,229.2,4.19,alarm,motor_overheating,critical
2026-01-15T08:23:30+00:00,MOTOR-001,103.86,2.07,9.22,1478.4,229.8,4.2,alarm,motor_overheating,critical
2026-01-15T08:23:31+00:00,MOTOR-001,103.75,2.13,9.39,1479.2,230.4,4.2,alarm,motor_overheating,critical
2026-01-15T08:23:32+00:00,MOTOR-001,103.6,2.1,9.23,1479.4,230.4,4.19,alarm,motor_overheating,critical
2026-01-15T08:23:33+00:00,MOTOR-001,104.08,2.05,9.34,1478.2,229.7,4.22,alarm,motor_overheating,critical
2026-01-15T08:23:34+00:00,MOTOR-001,104.62,2.03,9.49,1477.7,230.5,4.21,alarm,motor_overheating,critical
2026-01-15T08:23:35+00:00,MOTOR-001,104.75,2.05,9.41,1476.5,229.6,4.23,alarm,motor_overheating,critical
2026-01-15T08:23:36+00:00,MOTOR-001,104.79,2.09,9.36,1477.6,230.1,4.22,alarm,motor_overheating,critical
2026-01-15T08:23:37+00:00,MOTOR-001,104.23,2.1,9.28,1476.2,229.6,4.21,alarm,motor_overheating,critical
2026-01-15T08:23:38+00:00,MOTOR-001,104.23,2.08,9.31,1475.5,230.1,4.21,alarm,motor_overheating,critical
2026-01-15T08:23:39+00:00,MOTOR-001,104.2,2.04,9.32,1477.8,230.5,4.21,alarm,motor_overheating,critical
2026-01-15T08:23:40+00:00,MOTOR-001,104.54,2.03,9.34,1478.3,229.6,4.2,alarm,motor_overheating,critical
2026-01-15T08:23:41+00:00,MOTOR-001,104.07,2.11,9.51,1478.5,229.5,4.2,alarm,motor_overheating,critical
2026-01-15T08:23:42+00:00,MOTOR-001,104.05,2.09,9.49,1477.2,229.6,4.2,alarm,motor_overheating,critical
2026-01-15T08:23:43+00:00,MOTOR-001,104.36,2.08,9.4,1477.0,229.3,4.2,alarm,motor_overheating,critical
2026-01-15T08:23:44+00:00,MOTOR-001,104.07,2.1,9.28,1477.3,229.3,4.21,alarm,motor_overheating,critical
2026-01-15T08:23:45+00:00,MOTOR-001,103.77,2.18,9.25,1477.4,229.6,4.2,alarm,motor_overheating,critical
2026-01-15T08:23:46+00:00,MOTOR-001,103.62,2.15,9.36,1477.0,229.8,4.2,alarm,motor_overheating,critical
2026-01-15T08:23:47+00:00,MOTOR-001,103.73,2.14,9.28,1478.4,229.6,4.2,alarm,motor_overheating,critical
2026-01-15T08:23:48+00:00,MOTOR-001,104.21,2.16,9.24,1477.6,229.9,4.2,alarm,motor_overheating,critical
2026-01-15T08:23:49+00:00,MOTOR-001,104.17,2.09,9.24,1477.9,230.4,4.19,alarm,motor_overheating,critical
2026-01-15T08:23:50+00:00,MOTOR-001,104.29,2.09,9.38,1477.4,230.5,4.19,alarm,motor_overheating,critical
2026-01-15T08:23:51+00:00,MOTOR-001,104.42,2.06,9.38,1478.0,229.6,4.17,alarm,motor_overheating,critical
2026-01-15T08:23:52+00:00,MOTOR-001,104.15,2.11,9.34,1477.2,229.9,4.2,alarm,motor_overheating,critical
2026-01-15T08:23:53+00:00,MOTOR-001,104.06,2.08,9.31,1477.7,229.1,4.19,alarm,motor_overheating,critical
2026-01-15T08:23:54+00:00,MOTOR-001,104.11,2.09,9.29,1478.1,230.1,4.19,alarm,motor_overheating,critical
2026-01-15T08:23:55+00:00,MOTOR-001,103.64,2.15,9.36,1478.1,229.7,4.19,alarm,motor_overheating,critical
2026-01-15T08:23:56+00:00,MOTOR-001,103.69,2.11,9.48,1478.3,230.1,4.2,alarm,motor_overheating,critical
2026-01-15T08:23:57+00:00,MOTOR-001,103.66,2.13,9.34,1479.2,230.4,4.23,alarm,motor_overheating,critical
2026-01-15T08:23:58+00:00,MOTOR-001,104.53,2.13,9.24,1478.3,228.7,4.23,alarm,motor_overheating,critical
2026-01-15T08:23:59+00:00,MOTOR-001,104.61,2.24,9.23,1477.9,229.6,4.22,alarm,motor_overheating,critical
2026-01-15T08:24:00+00:00,MOTOR-001,104.19,2.21,9.23,1478.6,229.2,4.22,alarm,motor_overheating,critical
2026-01-15T08:24:01+00:00,MOTOR-001,103.77,2.22,9.18,1478.3,229.4,4.23,alarm,motor_overheating,critical
2026-01-15T08:24:02+00:00,MOTOR-001,103.72,2.21,9.32,1479.6,229.6,4.23,alarm,motor_overheating,critical
2026-01-15T08:24:03+00:00,MOTOR-001,104.09,2.21,9.41,1478.8,229.4,4.21,alarm,motor_overheating,critical
2026-01-15T08:24:04+00:00,MOTOR-001,104.34,2.19,9.35,1476.8,229.3,4.2,alarm,motor_overheating,critical
2026-01-15T08:24:05+00:00,MOTOR-001,104.42,2.13,9.48,1476.8,230.0,4.21,alarm,motor_overheating,critical
2026-01-15T08:24:06+00:00,MOTOR-001,103.7,2.05,9.45,1475.5,229.6,4.21,alarm,motor_overheating,critical
2026-01-15T08:24:07+00:00,MOTOR-001,103.14,2.09,9.39,1476.7,230.1,4.2,alarm,motor_overheating,critical
2026-01-15T08:24:08+00:00,MOTOR-001,103.38,2.16,9.44,1478.3,230.5,4.21,alarm,motor_overheating,critical
2026-01-15T08:24:09+00:00,MOTOR-001,103.17,2.18,9.38,1477.4,230.1,4.2,alarm,motor_overheating,critical
2026-01-15T08:24:10+00:00,MOTOR-001,103.39,2.22,9.34,1477.3,230.2,4.2,alarm,motor_overheating,critical
2026-01-15T08:24:11+00:00,MOTOR-001,103.92,2.21,9.46,1478.4,230.2,4.2,alarm,motor_overheating,critical
2026-01-15T08:24:12+00:00,MOTOR-001,103.88,2.11,9.28,1477.5,229.3,4.2,alarm,motor_overheating,critical
2026-01-15T08:24:13+00:00,MOTOR-001,104.11,2.1,9.23,1477.1,229.5,4.21,alarm,motor_overheating,critical
2026-01-15T08:24:14+00:00,MOTOR-001,103.84,2.14,9.32,1477.6,230.0,4.21,alarm,motor_overheating,critical
2026-01-15T08:24:15+00:00,MOTOR-001,103.61,2.15,9.34,1478.4,230.0,4.18,alarm,motor_overheating,critical
2026-01-15T08:24:16+00:00,MOTOR-001,103.92,2.18,9.39,1479.6,230.4,4.18,alarm,motor_overheating,critical
2026-01-15T08:24:17+00:00,MOTOR-001,104.08,2.08,9.31,1478.3,230.2,4.19,alarm,motor_overheating,critical
2026-01-15T08:24:18+00:00,MOTOR-001,103.91,2.08,9.34,1479.2,230.6,4.18,alarm,motor_overheating,critical
2026-01-15T08:24:19+00:00,MOTOR-001,103.95,2.01,9.34,1478.5,229.7,4.18,alarm,motor_overheating,critical
2026-01-15T08:24:20+00:00,MOTOR-001,104.03,2.11,9.3,1478.3,229.6,4.18,alarm,motor_overheating,critical
2026-01-15T08:24:21+00:00,MOTOR-001,104.35,2.08,9.35,1478.4,229.9,4.18,alarm,motor_overheating,critical
2026-01-15T08:24:22+00:00,MOTOR-001,104.19,2.07,9.35,1478.4,230.1,4.18,alarm,motor_overheating,critical
2026-01-15T08:24:23+00:00,MOTOR-001,104.28,2.06,9.42,1477.3,229.4,4.18,alarm,motor_overheating,critical
2026-01-15T08:24:24+00:00,MOTOR-001,104.0,2.05,9.4,1478.5,230.6,4.19,alarm,motor_overheating,critical
2026-01-15T08:24:25+00:00,MOTOR-001,103.83,2.06,9.16,1479.0,230.2,4.2,alarm,motor_overheating,critical
2026-01-15T08:24:26+00:00,MOTOR-001,104.19,2.09,9.17,1480.1,229.8,4.2,alarm,motor_overheating,critical
2026-01-15T08:24:27+00:00,MOTOR-001,104.27,2.14,9.2,1479.9,230.1,4.18,alarm,motor_overheating,critical
2026-01-15T08:24:28+00:00,MOTOR-001,104.3,2.05,9.31,1478.1,230.2,4.19,alarm,motor_overheating,critical
2026-01-15T08:24:29+00:00,MOTOR-001,104.2,2.17,9.16,1478.3,230.3,4.18,alarm,motor_overheating,critical
2026-01-15T08:24:30+00:00,MOTOR-001,103.95,2.16,9.12,1478.8,230.1,4.18,alarm,motor_overheating,critical
2026-01-15T08:24:31+00:00,MOTOR-001,104.44,2.14,9.24,1479.5,230.8,4.18,alarm,motor_overheating,critical
2026-01-15T08:24:32+00:00,MOTOR-001,104.44,2.15,9.12,1478.7,230.1,4.2,alarm,motor_overheating,critical
2026-01-15T08:24:33+00:00,MOTOR-001,104.46,2.13,9.15,1477.4,229.9,4.19,alarm,motor_overheating,critical
2026-01-15T08:24:34+00:00,MOTOR-001,104.26,2.09,9.11,1478.9,229.8,4.19,alarm,motor_overheating,critical
2026-01-15T08:24:35+00:00,MOTOR-001,104.33,2.11,9.19,1479.0,230.0,4.19,alarm,motor_overheating,critical
2026-01-15T08:24:36+00:00,MOTOR-001,104.28,2.12,9.25,1478.2,230.0,4.2,alarm,motor_overheating,critical
2026-01-15T08:24:37+00:00,MOTOR-001,104.39,2.09,9.19,1478.3,230.4,4.2,alarm,motor_overheating,critical
2026-01-15T08:24:38+00:00,MOTOR-001,104.55,2.12,9.18,1478.7,230.2,4.2,alarm,motor_overheating,critical
2026-01-15T08:24:39+00:00,MOTOR-001,104.78,2.12,9.28,1477.1,230.6,4.2,alarm,motor_overheating,critical
2026-01-15T08:24:40+00:00,MOTOR-001,104.7,2.07,9.33,1476.1,229.0,4.19,alarm,motor_overheating,critical
2026-01-15T08:24:41+00:00,MOTOR-001,104.38,2.09,9.17,1477.5,229.6,4.18,alarm,motor_overheating,critical
2026-01-15T08:24:42+00:00,MOTOR-001,104.15,2.03,9.22,1477.8,229.5,4.19,alarm,motor_overheating,critical
2026-01-15T08:24:43+00:00,MOTOR-001,104.15,2.08,9.23,1477.3,229.9,4.2,alarm,motor_overheating,critical
2026-01-15T08:24:44+00:00,MOTOR-001,104.27,2.07,9.27,1477.2,229.4,4.22,alarm,motor_overheating,critical
2026-01-15T08:24:45+00:00,MOTOR-001,104.49,2.07,9.26,1478.1,229.9,4.2,alarm,motor_overheating,critical
2026-01-15T08:24:46+00:00,MOTOR-001,104.32,2.1,9.35,1477.6,230.2,4.2,alarm,motor_overheating,critical
2026-01-15T08:24:47+00:00,MOTOR-001,104.03,2.11,9.34,1478.5,230.1,4.19,alarm,motor_overheating,critical
2026-01-15T08:24:48+00:00,MOTOR-001,104.08,2.09,9.22,1478.3,230.0,4.19,alarm,motor_overheating,critical
2026-01-15T08:24:49+00:00,MOTOR-001,104.1,2.11,9.25,1478.2,230.1,4.18,alarm,motor_overheating,critical
2026-01-15T08:24:50+00:00,MOTOR-001,103.64,2.14,9.18,1481.0,230.9,4.18,alarm,motor_overheating,critical
2026-01-15T08:24:51+00:00,MOTOR-001,103.63,2.09,9.28,1479.9,230.7,4.19,alarm,motor_overheating,critical
2026-01-15T08:24:52+00:00,MOTOR-001,103.95,2.02,9.25,1478.3,230.3,4.19,alarm,motor_overheating,critical
2026-01-15T08:24:53+00:00,MOTOR-001,104.08,2.03,9.3,1477.9,230.9,4.19,alarm,motor_overheating,critical
2026-01-15T08:24:54+00:00,MOTOR-001,103.9,2.12,9.22,1479.3,230.7,4.19,alarm,motor_overheating,critical
2026-01-15T08:24:55+00:00,MOTOR-001,103.82,2.11,9.42,1478.8,229.8,4.2,alarm,motor_overheating,critical
2026-01-15T08:24:56+00:00,MOTOR-001,103.77,2.1,9.28,1477.8,230.9,4.2,alarm,motor_overheating,critical
2026-01-15T08:24:57+00:00,MOTOR-001,103.55,2.06,9.16,1478.1,230.1,4.19,alarm,motor_overheating,critical
2026-01-15T08:24:58+00:00,MOTOR-001,103.82,2.08,9.1,1478.9,230.4,4.19,alarm,motor_overheating,critical
2026-01-15T08:24:59+00:00,MOTOR-001,103.75,2.05,9.06,1477.7,229.5,4.22,alarm,motor_overheating,critical
2026-01-15T08:25:00+00:00,MOTOR-001,104.45,2.09,9.16,1478.0,228.8,4.2,alarm,motor_overheating,critical
2026-01-15T08:25:01+00:00,MOTOR-001,104.23,2.14,9.16,1478.1,229.6,4.2,alarm,motor_overheating,critical
2026-01-15T08:25:02+00:00,MOTOR-001,104.09,2.12,9.21,1479.3,230.0,4.21,alarm,motor_overheating,critical
2026-01-15T08:25:03+00:00,MOTOR-001,103.73,2.09,9.22,1478.1,230.2,4.2,alarm,motor_overheating,critical
2026-01-15T08:25:04+00:00,MOTOR-001,103.89,2.14,9.33,1478.6,230.3,4.2,alarm,motor_overheating,critical
2026-01-15T08:25:05+00:00,MOTOR-001,104.19,2.09,9.17,1479.4,230.3,4.2,alarm,motor_overheating,critical
2026-01-15T08:25:06+00:00,MOTOR-001,103.96,2.14,9.32,1479.9,230.9,4.2,alarm,motor_overheating,critical
2026-01-15T08:25:07+00:00,MOTOR-001,103.93,2.13,9.37,1479.9,230.9,4.2,alarm,motor_overheating,critical
2026-01-15T08:25:08+00:00,MOTOR-001,104.14,2.1,9.51,1478.5,231.0,4.19,alarm,motor_overheating,critical
2026-01-15T08:25:09+00:00,MOTOR-001,104.16,2.1,9.4,1479.2,230.1,4.2,alarm,motor_overheating,critical
2026-01-15T08:25:10+00:00,MOTOR-001,104.49,2.16,9.36,1477.2,230.5,4.2,alarm,motor_overheating,critical
2026-01-15T08:25:11+00:00,MOTOR-001,104.47,2.12,9.39,1477.5,230.0,4.2,alarm,motor_overheating,critical
2026-01-15T08:25:12+00:00,MOTOR-001,104.18,2.05,9.38,1477.8,230.3,4.21,alarm,motor_overheating,critical
2026-01-15T08:25:13+00:00,MOTOR-001,104.51,2.12,9.31,1478.0,229.9,4.2,alarm,motor_overheating,critical
2026-01-15T08:25:14+00:00,MOTOR-001,104.54,2.1,9.21,1478.2,230.4,4.2,alarm,motor_overheating,critical
2026-01-15T08:25:15+00:00,MOTOR-001,104.83,2.1,9.2,1477.7,230.2,4.2,alarm,motor_overheating,critical
2026-01-15T08:25:16+00:00,MOTOR-001,104.82,2.07,9.24,1477.2,229.5,4.21,alarm,motor_overheating,critical
2026-01-15T08:25:17+00:00,MOTOR-001,105.06,2.13,9.27,1478.5,230.0,4.21,alarm,motor_overheating,critical
2026-01-15T08:25:18+00:00,MOTOR-001,104.99,2.08,9.12,1478.0,229.8,4.19,alarm,motor_overheating,critical
2026-01-15T08:25:19+00:00,MOTOR-001,105.14,2.14,9.14,1478.9,230.5,4.19,alarm,motor_overheating,critical
2026-01-15T08:25:20+00:00,MOTOR-001,105.12,2.08,9.04,1478.2,229.7,4.21,alarm,motor_overheating,critical
2026-01-15T08:25:21+00:00,MOTOR-001,105.54,2.1,9.31,1479.1,230.5,4.21,alarm,motor_overheating,critical
2026-01-15T08:25:22+00:00,MOTOR-001,105.41,2.1,9.28,1478.6,230.4,4.2,alarm,motor_overheating,critical
2026-01-15T08:25:23+00:00,MOTOR-001,104.88,2.09,9.23,1478.7,230.4,4.21,alarm,motor_overheating,critical
2026-01-15T08:25:24+00:00,MOTOR-001,104.81,2.07,9.28,1478.1,229.6,4.2,alarm,motor_overheating,critical
2026-01-15T08:25:25+00:00,MOTOR-001,104.62,2.14,9.21,1479.1,230.0,4.21,alarm,motor_overheating,critical
2026-01-15T08:25:26+00:00,MOTOR-001,104.87,2.09,9.14,1478.1,230.5,4.21,alarm,motor_overheating,critical
2026-01-15T08:25:27+00:00,MOTOR-001,104.9,2.07,9.21,1479.2,230.7,4.22,alarm,motor_overheating,critical
2026-01-15T08:25:28+00:00,MOTOR-001,104.9,2.06,9.23,1478.5,231.1,4.21,alarm,motor_overheating,critical
2026-01-15T08:25:29+00:00,MOTOR-001,104.21,2.08,9.32,1478.2,230.3,4.2,alarm,motor_overheating,critical
2026-01-15T08:25:30+00:00,MOTOR-001,103.81,2.04,9.23,1478.6,230.1,4.2,alarm,motor_overheating,critical
2026-01-15T08:25:31+00:00,MOTOR-001,104.36,2.05,9.21,1476.2,229.3,4.19,alarm,motor_overheating,critical
2026-01-15T08:25:32+00:00,MOTOR-001,103.89,2.15,9.35,1478.2,230.1,4.19,alarm,motor_overheating,critical
2026-01-15T08:25:33+00:00,MOTOR-001,103.65,2.13,9.27,1479.4,230.9,4.19,alarm,motor_overheating,critical
2026-01-15T08:25:34+00:00,MOTOR-001,103.44,2.13,9.39,1479.0,229.0,4.18,alarm,motor_overheating,critical
2026-01-15T08:25:35+00:00,MOTOR-001,103.87,2.13,9.37,1478.2,229.0,4.18,alarm,motor_overheating,critical
2026-01-15T08:25:36+00:00,MOTOR-001,103.88,2.07,9.28,1476.4,230.4,4.18,alarm,motor_overheating,critical
2026-01-15T08:25:37+00:00,MOTOR-001,103.45,2.05,9.33,1477.1,229.9,4.18,alarm,motor_overheating,critical
2026-01-15T08:25:38+00:00,MOTOR-001,103.55,2.09,9.42,1477.4,229.4,4.18,alarm,motor_overheating,critical
2026-01-15T08:25:39+00:00,MOTOR-001,103.79,2.11,9.31,1477.0,229.1,4.18,alarm,motor_overheating,critical
2026-01-15T08:25:40+00:00,MOTOR-001,103.54,2.14,9.35,1478.0,230.1,4.18,alarm,motor_overheating,critical
2026-01-15T08:25:41+00:00,MOTOR-001,103.54,2.14,9.43,1477.9,229.7,4.19,alarm,motor_overheating,critical
2026-01-15T08:25:42+00:00,MOTOR-001,103.95,2.14,9.46,1479.6,228.8,4.17,alarm,motor_overheating,critical
2026-01-15T08:25:43+00:00,MOTOR-001,104.45,2.05,9.42,1479.8,230.0,4.18,alarm,motor_overheating,critical
2026-01-15T08:25:44+00:00,MOTOR-001,103.87,2.03,9.32,1477.4,230.6,4.18,alarm,motor_overheating,critical
2026-01-15T08:25:45+00:00,MOTOR-001,104.58,2.03,9.33,1477.1,230.8,4.19,alarm,motor_overheating,critical
2026-01-15T08:25:46+00:00,MOTOR-001,103.73,1.98,9.47,1476.7,230.8,4.18,alarm,motor_overheating,critical
2026-01-15T08:25:47+00:00,MOTOR-001,103.71,2.06,9.39,1478.7,230.8,4.2,alarm,motor_overheating,critical
2026-01-15T08:25:48+00:00,MOTOR-001,104.2,2.04,9.37,1478.1,231.1,4.19,alarm,motor_overheating,critical
2026-01-15T08:25:49+00:00,MOTOR-001,103.93,2.1,9.35,1478.7,229.9,4.19,alarm,motor_overheating,critical
2026-01-15T08:25:50+00:00,MOTOR-001,104.12,2.1,9.23,1477.9,229.8,4.19,alarm,motor_overheating,critical
2026-01-15T08:25:51+00:00,MOTOR-001,104.79,2.13,9.23,1478.9,229.7,4.18,alarm,motor_overheating,critical
2026-01-15T08:25:52+00:00,MOTOR-001,104.58,2.14,9.29,1478.4,229.7,4.19,alarm,motor_overheating,critical
2026-01-15T08:25:53+00:00,MOTOR-001,104.3,2.04,9.44,1479.3,230.1,4.2,alarm,motor_overheating,critical
2026-01-15T08:25:54+00:00,MOTOR-001,104.89,2.07,9.4,1479.7,230.2,4.21,alarm,motor_overheating,critical
2026-01-15T08:25:55+00:00,MOTOR-001,105.23,2.08,9.25,1479.9,230.8,4.19,alarm,motor_overheating,critical
2026-01-15T08:25:56+00:00,MOTOR-001,104.48,2.05,9.24,1478.6,230.7,4.18,alarm,motor_overheating,critical
2026-01-15T08:25:57+00:00,MOTOR-001,104.3,2.16,9.31,1477.5,229.8,4.19,alarm,motor_overheating,critical
2026-01-15T08:25:58+00:00,MOTOR-001,104.34,2.19,9.42,1478.8,229.3,4.2,alarm,motor_overheating,critical
2026-01-15T08:25:59+00:00,MOTOR-001,104.56,2.14,9.3,1478.3,229.7,4.21,alarm,motor_overheating,critical
2026-01-15T08:26:00+00:00,MOTOR-001,104.17,2.11,9.47,1479.9,230.7,4.19,alarm,motor_overheating,critical
2026-01-15T08:26:01+00:00,MOTOR-001,104.25,2.08,9.33,1478.4,230.6,4.21,alarm,motor_overheating,critical
2026-01-15T08:26:02+00:00,MOTOR-001,104.29,2.12,9.15,1477.4,230.3,4.2,alarm,motor_overheating,critical
2026-01-15T08:26:03+00:00,MOTOR-001,104.15,2.13,9.22,1478.0,230.3,4.21,alarm,motor_overheating,critical
2026-01-15T08:26:04+00:00,MOTOR-001,104.17,2.16,9.22,1477.8,230.3,4.21,alarm,motor_overheating,critical
2026-01-15T08:26:05+00:00,MOTOR-001,104.48,2.22,9.23,1478.2,229.5,4.2,alarm,motor_overheating,critical
2026-01-15T08:26:06+00:00,MOTOR-001,104.56,2.19,9.2,1477.4,230.1,4.19,alarm,motor_overheating,critical
2026-01-15T08:26:07+00:00,MOTOR-001,104.24,2.13,9.25,1476.6,229.8,4.19,alarm,motor_overheating,critical
2026-01-15T08:26:08+00:00,MOTOR-001,103.98,2.11,9.34,1478.1,230.2,4.19,alarm,motor_overheating,critical
2026-01-15T08:26:09+00:00,MOTOR-001,104.09,2.08,9.21,1478.4,230.0,4.19,alarm,motor_overheating,critical
2026-01-15T08:26:10+00:00,MOTOR-001,103.86,2.11,9.24,1477.4,229.3,4.21,alarm,motor_overheating,critical
2026-01-15T08:26:11+00:00,MOTOR-001,103.98,2.13,9.32,1479.1,229.7,4.2,alarm,motor_overheating,critical
2026-01-15T08:26:12+00:00,MOTOR-001,103.92,2.1,9.33,1478.8,229.9,4.19,alarm,motor_overheating,critical
2026-01-15T08:26:13+00:00,MOTOR-001,104.06,2.15,9.36,1479.0,229.9,4.19,alarm,motor_overheating,critical
2026-01-15T08:26:14+00:00,MOTOR-001,104.03,2.19,9.29,1478.3,229.4,4.2,alarm,motor_overheating,critical
2026-01-15T08:26:15+00:00,MOTOR-001,104.51,2.22,9.22,1479.8,228.8,4.21,alarm,motor_overheating,critical
2026-01-15T08:26:16+00:00,MOTOR-001,104.98,2.18,9.4,1479.4,229.6,4.2,alarm,motor_overheating,critical
2026-01-15T08:26:17+00:00,MOTOR-001,104.39,2.21,9.23,1478.0,230.0,4.22,alarm,motor_overheating,critical
2026-01-15T08:26:18+00:00,MOTOR-001,104.51,2.2,9.16,1477.8,229.1,4.2,alarm,motor_overheating,critical
2026-01-15T08:26:19+00:00,MOTOR-001,104.83,2.15,9.28,1478.5,229.2,4.19,alarm,motor_overheating,critical
2026-01-15T08:26:20+00:00,MOTOR-001,104.48,2.06,9.38,1477.9,229.7,4.19,alarm,motor_overheating,critical
2026-01-15T08:26:21+00:00,MOTOR-001,104.98,2.07,9.38,1478.1,229.0,4.19,alarm,motor_overheating,critical
2026-01-15T08:26:22+00:00,MOTOR-001,105.02,2.07,9.29,1476.3,229.8,4.18,alarm,motor_overheating,critical
2026-01-15T08:26:23+00:00,MOTOR-001,105.08,2.15,9.32,1477.7,230.3,4.18,alarm,motor_overheating,critical
2026-01-15T08:26:24+00:00,MOTOR-001,104.75,2.17,9.29,1477.9,230.5,4.19,alarm,motor_overheating,critical
2026-01-15T08:26:25+00:00,MOTOR-001,105.0,2.14,9.29,1477.8,229.9,4.19,alarm,motor_overheating,critical
2026-01-15T08:26:26+00:00,MOTOR-001,104.54,2.18,9.38,1476.9,229.6,4.18,alarm,motor_overheating,critical
2026-01-15T08:26:27+00:00,MOTOR-001,104.39,2.24,9.37,1477.3,229.3,4.18,alarm,motor_overheating,critical
2026-01-15T08:26:28+00:00,MOTOR-001,104.43,2.19,9.3,1477.9,230.1,4.17,alarm,motor_overheating,critical
2026-01-15T08:26:29+00:00,MOTOR-001,104.63,2.12,9.36,1478.8,230.9,4.18,alarm,motor_overheating,critical
2026-01-15T08:26:30+00:00,MOTOR-001,104.47,2.08,9.33,1478.1,230.5,4.19,alarm,motor_overheating,critical
2026-01-15T08:26:31+00:00,MOTOR-001,104.62,2.11,9.23,1477.9,230.2,4.2,alarm,motor_overheating,critical
2026-01-15T08:26:32+00:00,MOTOR-001,104.58,2.09,9.27,1478.0,229.9,4.21,alarm,motor_overheating,critical
2026-01-15T08:26:33+00:00,MOTOR-001,104.45,2.08,9.31,1478.6,230.7,4.2,alarm,motor_overheating,critical
2026-01-15T08:26:34+00:00,MOTOR-001,104.32,2.13,9.36,1477.2,229.8,4.2,alarm,motor_overheating,critical
2026-01-15T08:26:35+00:00,MOTOR-001,104.53,2.13,9.32,1476.6,229.9,4.19,alarm,motor_overheating,critical
2026-01-15T08:26:36+00:00,MOTOR-001,104.76,2.15,9.37,1476.9,230.8,4.2,alarm,motor_overheating,critical
2026-01-15T08:26:37+00:00,MOTOR-001,104.6,2.08,9.21,1477.5,230.6,4.19,alarm,motor_overheating,critical
2026-01-15T08:26:38+00:00,MOTOR-001,104.2,2.1,9.38,1477.1,230.7,4.2,alarm,motor_overheating,critical
2026-01-15T08:26:39+00:00,MOTOR-001,104.15,2.1,9.38,1478.0,230.8,4.21,alarm,motor_overheating,critical
2026-01-15T08:26:40+00:00,MOTOR-001,91.24,1.78,8.99,1481.3,230.5,4.19,running,normal,normal
2026-01-15T08:26:41+00:00,MOTOR-001,81.52,1.63,8.82,1483.1,230.0,4.2,running,normal,normal
2026-01-15T08:26:42+00:00,MOTOR-001,74.19,1.5,8.69,1484.0,230.6,4.2,running,normal,normal
2026-01-15T08:26:43+00:00,MOTOR-001,68.71,1.46,8.65,1483.6,230.5,4.2,running,normal,normal
2026-01-15T08:26:44+00:00,MOTOR-001,64.62,1.39,8.65,1483.9,230.0,4.21,running,normal,normal
2026-01-15T08:26:45+00:00,MOTOR-001,61.52,1.38,8.73,1483.7,229.9,4.2,running,normal,normal
2026-01-15T08:26:46+00:00,MOTOR-001,59.2,1.37,8.63,1483.3,229.7,4.21,running,normal,normal
2026-01-15T08:26:47+00:00,MOTOR-001,57.52,1.36,8.61,1482.7,230.2,4.2,running,normal,normal
2026-01-15T08:26:48+00:00,MOTOR-001,56.24,1.34,8.57,1483.7,230.2,4.21,running,normal,normal
2026-01-15T08:26:49+00:00,MOTOR-001,55.28,1.39,8.56,1485.2,230.9,4.2,running,normal,normal
2026-01-15T08:26:50+00:00,MOTOR-001,54.47,1.35,8.58,1485.1,230.7,4.21,running,normal,normal
2026-01-15T08:26:51+00:00,MOTOR-001,53.84,1.27,8.62,1485.4,230.3,4.22,running,normal,normal
2026-01-15T08:26:52+00:00,MOTOR-001,53.41,1.29,8.69,1484.9,230.8,4.22,running,normal,normal
2026-01-15T08:26:53+00:00,MOTOR-001,53.14,1.3,8.6,1484.6,231.3,4.2,running,normal,normal
2026-01-15T08:26:54+00:00,MOTOR-001,52.96,1.35,8.63,1483.3,230.5,4.21,running,normal,normal
2026-01-15T08:26:55+00:00,MOTOR-001,52.84,1.33,8.64,1484.6,229.8,4.22,running,normal,normal
2026-01-15T08:26:56+00:00,MOTOR-001,52.71,1.34,8.64,1484.9,230.6,4.21,running,normal,normal
2026-01-15T08:26:57+00:00,MOTOR-001,52.54,1.33,8.57,1483.3,230.0,4.21,running,normal,normal
2026-01-15T08:26:58+00:00,MOTOR-001,52.51,1.28,8.64,1484.7,229.8,4.22,running,normal,normal
2026-01-15T08:26:59+00:00,MOTOR-001,52.41,1.34,8.68,1484.4,230.0,4.22,running,normal,normal
2026-01-15T08:27:00+00:00,MOTOR-001,52.37,1.3,8.72,1484.5,230.2,4.21,running,normal,normal
2026-01-15T08:27:01+00:00,MOTOR-001,52.35,1.3,8.62,1483.7,230.4,4.21,running,normal,normal
2026-01-15T08:27:02+00:00,MOTOR-001,52.38,1.38,8.61,1484.0,231.0,4.22,running,normal,normal
2026-01-15T08:27:03+00:00,MOTOR-001,52.52,1.43,8.59,1483.8,230.1,4.23,running,normal,normal
2026-01-15T08:27:04+00:00,MOTOR-001,52.44,1.4,8.6,1483.4,229.6,4.24,running,normal,normal
2026-01-15T08:27:05+00:00,MOTOR-001,52.52,1.4,8.57,1483.4,230.0,4.22,running,normal,normal
2026-01-15T08:27:06+00:00,MOTOR-001,52.53,1.38,8.64,1483.7,230.3,4.23,running,normal,normal
2026-01-15T08:27:07+00:00,MOTOR-001,52.59,1.39,8.66,1482.2,229.9,4.23,running,normal,normal
2026-01-15T08:27:08+00:00,MOTOR-001,52.59,1.36,8.61,1482.9,229.6,4.21,running,normal,normal
2026-01-15T08:27:09+00:00,MOTOR-001,52.66,1.43,8.66,1482.8,230.6,4.22,running,normal,normal
2026-01-15T08:27:10+00:00,MOTOR-001,52.65,1.46,8.63,1482.7,231.1,4.22,running,normal,normal
2026-01-15T08:27:11+00:00,MOTOR-001,52.65,1.46,8.66,1483.7,231.0,4.23,running,normal,normal
2026-01-15T08:27:12+00:00,MOTOR-001,52.59,1.45,8.67,1482.9,231.2,4.22,running,normal,normal
2026-01-15T08:27:13+00:00,MOTOR-001,52.51,1.46,8.66,1482.6,231.1,4.22,running,normal,normal
2026-01-15T08:27:14+00:00,MOTOR-001,52.57,1.5,8.75,1483.3,230.0,4.21,running,normal,normal
2026-01-15T08:27:15+00:00,MOTOR-001,52.62,1.47,8.73,1484.2,230.7,4.2,running,normal,normal
2026-01-15T08:27:16+00:00,MOTOR-001,52.61,1.51,8.68,1484.0,230.5,4.21,running,normal,normal
2026-01-15T08:27:17+00:00,MOTOR-001,52.6,1.53,8.69,1484.2,230.2,4.21,running,normal,normal
2026-01-15T08:27:18+00:00,MOTOR-001,52.55,1.48,8.64,1483.9,230.1,4.21,running,normal,normal
2026-01-15T08:27:19+00:00,MOTOR-001,52.61,1.44,8.69,1483.5,229.3,4.2,running,normal,normal
2026-01-15T08:27:20+00:00,MOTOR-001,52.68,1.42,8.77,1482.9,229.6,4.2,running,normal,normal
2026-01-15T08:27:21+00:00,MOTOR-001,52.62,1.43,8.76,1483.0,229.4,4.2,running,normal,normal
2026-01-15T08:27:22+00:00,MOTOR-001,52.65,1.48,8.71,1483.9,229.6,4.19,running,normal,normal
2026-01-15T08:27:23+00:00,MOTOR-001,52.6,1.51,8.71,1482.5,229.2,4.19,running,normal,normal
2026-01-15T08:27:24+00:00,MOTOR-001,52.65,1.47,8.73,1483.0,229.7,4.19,running,normal,normal
2026-01-15T08:27:25+00:00,MOTOR-001,52.68,1.5,8.76,1483.3,230.4,4.2,running,normal,normal
2026-01-15T08:27:26+00:00,MOTOR-001,52.66,1.44,8.78,1483.8,229.4,4.18,running,normal,normal
2026-01-15T08:27:27+00:00,MOTOR-001,52.67,1.45,8.74,1484.6,229.7,4.19,running,normal,normal
2026-01-15T08:27:28+00:00,MOTOR-001,52.7,1.5,8.62,1484.4,230.9,4.19,running,normal,normal
2026-01-15T08:27:29+00:00,MOTOR-001,52.77,1.56,8.76,1483.7,231.2,4.18,running,normal,normal
2026-01-15T08:27:30+00:00,MOTOR-001,52.76,1.57,8.73,1483.0,231.0,4.18,running,normal,normal
2026-01-15T08:27:31+00:00,MOTOR-001,52.75,1.58,8.72,1483.2,230.3,4.18,running,normal,normal
2026-01-15T08:27:32+00:00,MOTOR-001,52.68,1.6,8.78,1483.5,229.8,4.19,running,normal,normal
2026-01-15T08:27:33+00:00,MOTOR-001,52.82,1.59,8.69,1482.2,230.5,4.18,running,normal,normal
2026-01-15T08:27:34+00:00,MOTOR-001,52.78,1.57,8.7,1483.8,230.5,4.18,running,normal,normal
2026-01-15T08:27:35+00:00,MOTOR-001,52.72,1.52,8.74,1483.6,229.3,4.18,running,normal,normal
2026-01-15T08:27:36+00:00,MOTOR-001,52.62,1.53,8.76,1482.6,229.7,4.18,running,normal,normal
2026-01-15T08:27:37+00:00,MOTOR-001,52.68,1.57,8.78,1482.4,229.2,4.2,running,normal,normal
2026-01-15T08:27:38+00:00,MOTOR-001,52.67,1.54,8.74,1483.7,229.1,4.21,running,normal,normal
2026-01-15T08:27:39+00:00,MOTOR-001,52.55,1.63,8.75,1483.2,229.2,4.19,running,normal,normal
2026-01-15T08:27:40+00:00,MOTOR-001,52.55,1.59,8.77,1483.3,229.7,4.2,running,normal,normal
2026-01-15T08:27:41+00:00,MOTOR-001,52.66,1.57,8.71,1483.6,229.4,4.18,running,normal,normal
2026-01-15T08:27:42+00:00,MOTOR-001,52.58,1.64,8.76,1483.5,229.4,4.2,running,normal,normal
2026-01-15T08:27:43+00:00,MOTOR-001,52.59,1.56,8.64,1482.7,230.0,4.18,running,normal,normal
2026-01-15T08:27:44+00:00,MOTOR-001,52.51,1.61,8.82,1481.8,229.4,4.18,running,normal,normal
2026-01-15T08:27:45+00:00,MOTOR-001,52.5,1.6,8.68,1482.1,229.7,4.18,running,normal,normal
2026-01-15T08:27:46+00:00,MOTOR-001,52.55,1.56,8.68,1483.8,229.1,4.2,running,normal,normal
2026-01-15T08:27:47+00:00,MOTOR-001,52.45,1.57,8.74,1484.1,229.0,4.21,running,normal,normal
2026-01-15T08:27:48+00:00,MOTOR-001,52.56,1.61,8.67,1484.0,229.8,4.2,running,normal,normal
2026-01-15T08:27:49+00:00,MOTOR-001,52.68,1.6,8.7,1483.7,230.0,4.2,running,normal,normal
2026-01-15T08:27:50+00:00,MOTOR-001,52.7,1.59,8.67,1484.1,229.8,4.2,running,normal,normal
2026-01-15T08:27:51+00:00,MOTOR-001,52.68,1.59,8.75,1483.8,230.3,4.22,running,normal,normal
2026-01-15T08:27:52+00:00,MOTOR-001,52.69,1.6,8.82,1483.3,229.8,4.22,running,normal,normal
2026-01-15T08:27:53+00:00,MOTOR-001,52.64,1.57,8.78,1483.6,229.3,4.22,running,normal,normal
2026-01-15T08:27:54+00:00,MOTOR-001,52.53,1.58,8.85,1483.6,230.1,4.21,running,normal,normal
2026-01-15T08:27:55+00:00,MOTOR-001,52.63,1.59,8.86,1483.0,229.8,4.21,running,normal,normal
2026-01-15T08:27:56+00:00,MOTOR-001,52.57,1.54,8.75,1484.4,229.8,4.21,running,normal,normal
2026-01-15T08:27:57+00:00,MOTOR-001,52.62,1.56,8.83,1483.4,229.7,4.2,running,normal,normal
2026-01-15T08:27:58+00:00,MOTOR-001,52.58,1.51,8.87,1483.0,229.9,4.2,running,normal,normal
2026-01-15T08:27:59+00:00,MOTOR-001,52.57,1.53,8.81,1484.1,230.2,4.19,running,normal,normal
2026-01-15T08:28:00+00:00,MOTOR-001,52.54,1.54,8.88,1484.5,230.3,4.17,running,normal,normal
2026-01-15T08:28:01+00:00,MOTOR-001,52.45,1.56,8.78,1484.1,229.3,4.19,running,normal,normal
2026-01-15T08:28:02+00:00,MOTOR-001,52.43,1.54,8.73,1483.2,228.7,4.2,running,normal,normal
2026-01-15T08:28:03+00:00,MOTOR-001,52.42,1.56,8.77,1483.7,229.7,4.2,running,normal,normal
2026-01-15T08:28:04+00:00,MOTOR-001,52.44,1.53,8.79,1483.4,230.0,4.18,running,normal,normal
2026-01-15T08:28:05+00:00,MOTOR-001,52.52,1.5,8.84,1483.4,229.6,4.2,running,normal,normal
2026-01-15T08:28:06+00:00,MOTOR-001,52.51,1.49,8.77,1483.6,230.0,4.2,running,normal,normal
2026-01-15T08:28:07+00:00,MOTOR-001,52.54,1.54,8.86,1483.1,229.6,4.2,running,normal,normal
2026-01-15T08:28:08+00:00,MOTOR-001,52.48,1.52,8.78,1483.0,229.7,4.2,running,normal,normal
2026-01-15T08:28:09+00:00,MOTOR-001,52.39,1.51,8.76,1482.8,230.2,4.2,running,normal,normal
2026-01-15T08:28:10+00:00,MOTOR-001,52.43,1.5,8.71,1483.8,230.9,4.19,running,normal,normal
2026-01-15T08:28:11+00:00,MOTOR-001,52.42,1.5,8.71,1483.1,228.8,4.2,running,normal,normal
2026-01-15T08:28:12+00:00,MOTOR-001,52.35,1.51,8.86,1483.5,229.7,4.21,running,normal,normal
2026-01-15T08:28:13+00:00,MOTOR-001,52.28,1.48,8.88,1483.6,229.9,4.21,running,normal,normal
2026-01-15T08:28:14+00:00,MOTOR-001,52.37,1.5,8.92,1483.9,229.9,4.2,running,normal,normal
2026-01-15T08:28:15+00:00,MOTOR-001,52.36,1.47,8.98,1482.9,230.1,4.2,running,normal,normal
2026-01-15T08:28:16+00:00,MOTOR-001,52.25,1.46,8.96,1483.4,229.6,4.19,running,normal,normal
2026-01-15T08:28:17+00:00,MOTOR-001,52.24,1.44,8.96,1483.7,230.0,4.19,running,normal,normal
2026-01-15T08:28:18+00:00,MOTOR-001,52.03,1.43,8.88,1483.2,230.0,4.18,running,normal,normal
2026-01-15T08:28:19+00:00,MOTOR-001,52.03,1.44,8.87,1483.4,229.1,4.19,running,normal,normal
2026-01-15T08:28:20+00:00,MOTOR-001,52.05,1.42,8.82,1482.0,229.1,4.2,running,normal,normal
2026-01-15T08:28:21+00:00,MOTOR-001,52.13,1.38,8.9,1483.1,229.9,4.18,running,normal,normal
2026-01-15T08:28:22+00:00,MOTOR-001,52.05,1.35,8.93,1483.8,229.8,4.2,running,normal,normal
2026-01-15T08:28:23+00:00,MOTOR-001,52.04,1.37,8.92,1483.5,230.1,4.2,running,normal,normal
2026-01-15T08:28:24+00:00,MOTOR-001,52.0,1.35,8.86,1483.7,230.4,4.18,running,normal,normal
2026-01-15T08:28:25+00:00,MOTOR-001,51.98,1.4,8.85,1483.8,230.7,4.18,running,normal,normal
2026-01-15T08:28:26+00:00,MOTOR-001,51.88,1.43,8.84,1482.6,230.9,4.18,running,normal,normal
2026-01-15T08:28:27+00:00,MOTOR-001,51.86,1.37,8.85,1482.9,229.9,4.19,running,normal,normal
2026-01-15T08:28:28+00:00,MOTOR-001,51.79,1.36,8.87,1483.4,229.9,4.2,running,normal,normal
2026-01-15T08:28:29+00:00,MOTOR-001,51.77,1.36,8.98,1482.5,229.6,4.2,running,normal,normal
2026-01-15T08:28:30+00:00,MOTOR-001,51.76,1.41,8.89,1482.7,229.8,4.21,running,normal,normal
2026-01-15T08:28:31+00:00,MOTOR-001,51.73,1.34,8.92,1482.7,230.0,4.2,running,normal,normal
2026-01-15T08:28:32+00:00,MOTOR-001,51.74,1.31,8.87,1482.7,230.2,4.19,running,normal,normal
2026-01-15T08:28:33+00:00,MOTOR-001,51.81,1.37,8.94,1482.3,230.3,4.21,running,normal,normal
2026-01-15T08:28:34+00:00,MOTOR-001,51.83,1.33,8.89,1482.1,230.1,4.21,running,normal,normal
2026-01-15T08:28:35+00:00,MOTOR-001,51.81,1.37,8.88,1482.5,229.8,4.21,running,normal,normal
2026-01-15T08:28:36+00:00,MOTOR-001,51.91,1.34,8.9,1482.7,230.3,4.22,running,normal,normal
2026-01-15T08:28:37+00:00,MOTOR-001,51.92,1.32,8.98,1482.8,230.0,4.23,running,normal,normal
2026-01-15T08:28:38+00:00,MOTOR-001,51.88,1.32,8.82,1483.7,229.6,4.21,running,normal,normal
2026-01-15T08:28:39+00:00,MOTOR-001,51.81,1.33,8.89,1483.8,229.9,4.21,running,normal,normal
2026-01-15T08:28:40+00:00,MOTOR-001,51.8,1.3,8.87,1483.3,230.2,4.18,running,normal,normal
2026-01-15T08:28:41+00:00,MOTOR-001,51.74,1.28,8.95,1482.7,230.5,4.19,running,normal,normal
2026-01-15T08:28:42+00:00,MOTOR-001,51.68,1.27,8.91,1483.0,229.7,4.18,running,normal,normal
2026-01-15T08:28:43+00:00,MOTOR-001,51.65,1.33,8.94,1482.7,229.5,4.19,running,normal,normal
2026-01-15T08:28:44+00:00,MOTOR-001,51.65,1.37,8.95,1482.5,228.9,4.18,running,normal,normal
2026-01-15T08:28:45+00:00,MOTOR-001,51.71,1.37,8.98,1482.7,229.4,4.18,running,normal,normal
2026-01-15T08:28:46+00:00,MOTOR-001,51.69,1.32,8.93,1482.9,229.9,4.19,running,normal,normal
2026-01-15T08:28:47+00:00,MOTOR-001,51.68,1.33,8.91,1483.7,229.6,4.19,running,normal,normal
2026-01-15T08:28:48+00:00,MOTOR-001,51.63,1.33,9.0,1483.8,229.1,4.2,running,normal,normal
2026-01-15T08:28:49+00:00,MOTOR-001,51.52,1.35,8.93,1483.9,229.5,4.22,running,normal,normal
2026-01-15T08:28:50+00:00,MOTOR-001,51.39,1.33,8.89,1483.4,229.1,4.21,running,normal,normal
2026-01-15T08:28:51+00:00,MOTOR-001,51.44,1.28,8.87,1483.9,229.1,4.2,running,normal,normal
2026-01-15T08:28:52+00:00,MOTOR-001,51.34,1.33,8.92,1483.9,229.3,4.2,running,normal,normal
2026-01-15T08:28:53+00:00,MOTOR-001,51.33,1.34,8.89,1483.1,230.8,4.21,running,normal,normal
2026-01-15T08:28:54+00:00,MOTOR-001,51.34,1.38,8.84,1483.4,230.0,4.21,running,normal,normal
2026-01-15T08:28:55+00:00,MOTOR-001,51.28,1.38,8.88,1481.9,230.3,4.21,running,normal,normal
2026-01-15T08:28:56+00:00,MOTOR-001,51.28,1.38,8.98,1482.4,230.6,4.22,running,normal,normal
2026-01-15T08:28:57+00:00,MOTOR-001,51.23,1.32,9.0,1481.6,230.7,4.21,running,normal,normal
2026-01-15T08:28:58+00:00,MOTOR-001,51.23,1.31,9.0,1482.2,230.2,4.21,running,normal,normal
2026-01-15T08:28:59+00:00,MOTOR-001,51.35,1.35,8.94,1482.7,230.3,4.2,running,normal,normal
2026-01-15T08:29:00+00:00,MOTOR-001,51.35,1.33,8.93,1483.6,230.2,4.2,running,normal,normal
2026-01-15T08:29:01+00:00,MOTOR-001,51.39,1.35,8.98,1481.8,230.3,4.2,running,normal,normal
2026-01-15T08:29:02+00:00,MOTOR-001,51.19,1.32,9.0,1482.2,230.2,4.19,running,normal,normal
2026-01-15T08:29:03+00:00,MOTOR-001,51.16,1.32,9.06,1483.3,230.2,4.2,running,normal,normal
2026-01-15T08:29:04+00:00,MOTOR-001,51.04,1.35,9.01,1482.8,230.4,4.2,running,normal,normal
2026-01-15T08:29:05+00:00,MOTOR-001,51.17,1.35,9.0,1482.2,230.7,4.2,running,normal,normal
2026-01-15T08:29:06+00:00,MOTOR-001,51.18,1.36,9.02,1482.7,230.9,4.21,running,normal,normal
2026-01-15T08:29:07+00:00,MOTOR-001,51.18,1.33,8.99,1483.3,230.5,4.21,running,normal,normal
2026-01-15T08:29:08+00:00,MOTOR-001,51.14,1.39,8.98,1483.0,230.2,4.21,running,normal,normal
2026-01-15T08:29:09+00:00,MOTOR-001,50.99,1.4,8.96,1482.5,229.6,4.2,running,normal,normal
2026-01-15T08:29:10+00:00,MOTOR-001,50.83,1.39,9.01,1482.6,229.2,4.19,running,normal,normal
2026-01-15T08:29:11+00:00,MOTOR-001,50.86,1.34,8.95,1482.7,229.1,4.2,running,normal,normal
2026-01-15T08:29:12+00:00,MOTOR-001,50.89,1.34,8.93,1482.6,229.5,4.21,running,normal,normal
2026-01-15T08:29:13+00:00,MOTOR-001,50.84,1.39,8.93,1483.2,229.8,4.21,running,normal,normal
2026-01-15T08:29:14+00:00,MOTOR-001,50.77,1.42,9.02,1484.1,230.1,4.19,running,normal,normal
2026-01-15T08:29:15+00:00,MOTOR-001,50.76,1.4,9.0,1483.7,230.1,4.2,running,normal,normal
2026-01-15T08:29:16+00:00,MOTOR-001,50.71,1.42,8.89,1483.7,229.6,4.2,running,normal,normal
2026-01-15T08:29:17+00:00,MOTOR-001,50.88,1.45,9.03,1482.6,229.8,4.21,running,normal,normal
2026-01-15T08:29:18+00:00,MOTOR-001,50.8,1.46,8.98,1482.3,229.5,4.2,running,normal,normal
2026-01-15T08:29:19+00:00,MOTOR-001,50.72,1.45,9.08,1482.2,229.4,4.2,running,normal,normal
2026-01-15T08:29:20+00:00,MOTOR-001,50.78,1.52,9.11,1484.3,230.2,4.21,running,normal,normal
2026-01-15T08:29:21+00:00,MOTOR-001,50.77,1.51,9.06,1484.4,230.6,4.21,running,normal,normal
2026-01-15T08:29:22+00:00,MOTOR-001,50.78,1.46,9.0,1483.4,230.8,4.21,running,normal,normal
2026-01-15T08:29:23+00:00,MOTOR-001,50.81,1.5,8.91,1483.4,231.1,4.21,running,normal,normal
2026-01-15T08:29:24+00:00,MOTOR-001,50.77,1.45,9.07,1483.9,230.9,4.2,running,normal,normal
2026-01-15T08:29:25+00:00,MOTOR-001,50.71,1.44,9.03,1483.1,231.0,4.22,running,normal,normal
2026-01-15T08:29:26+00:00,MOTOR-001,50.75,1.49,9.0,1483.2,230.0,4.23,running,normal,normal
2026-01-15T08:29:27+00:00,MOTOR-001,50.75,1.54,8.92,1483.7,230.4,4.23,running,normal,normal
2026-01-15T08:29:28+00:00,MOTOR-001,50.71,1.6,8.98,1483.5,230.4,4.22,running,normal,normal
2026-01-15T08:29:29+00:00,MOTOR-001,50.66,1.57,8.85,1483.6,230.7,4.21,running,normal,normal
2026-01-15T08:29:30+00:00,MOTOR-001,50.7,1.57,8.98,1482.9,231.2,4.2,running,normal,normal
2026-01-15T08:29:31+00:00,MOTOR-001,50.72,1.55,8.89,1482.6,230.6,4.19,running,normal,normal
2026-01-15T08:29:32+00:00,MOTOR-001,50.64,1.52,8.9,1481.9,229.6,4.19,running,normal,normal
2026-01-15T08:29:33+00:00,MOTOR-001,50.65,1.48,8.95,1483.7,229.5,4.2,running,normal,normal
2026-01-15T08:29:34+00:00,MOTOR-001,50.67,1.5,9.13,1483.1,230.4,4.2,running,normal,normal
2026-01-15T08:29:35+00:00,MOTOR-001,50.65,1.5,9.09,1482.5,230.4,4.2,running,normal,normal
2026-01-15T08:29:36+00:00,MOTOR-001,50.68,1.52,9.06,1483.1,229.7,4.19,running,normal,normal
2026-01-15T08:29:37+00:00,MOTOR-001,50.63,1.51,9.02,1483.4,230.2,4.2,running,normal,normal
2026-01-15T08:29:38+00:00,MOTOR-001,50.61,1.53,8.97,1484.5,229.3,4.21,running,normal,normal
2026-01-15T08:29:39+00:00,MOTOR-001,50.61,1.58,9.1,1484.1,230.0,4.21,running,normal,normal
2026-01-15T08:29:40+00:00,MOTOR-001,50.63,1.55,9.11,1483.5,229.2,4.22,running,normal,normal
2026-01-15T08:29:41+00:00,MOTOR-001,50.56,1.61,9.07,1483.7,229.5,4.22,running,normal,normal
2026-01-15T08:29:42+00:00,MOTOR-001,50.55,1.61,9.04,1483.4,229.2,4.21,running,normal,normal
2026-01-15T08:29:43+00:00,MOTOR-001,50.66,1.65,9.04,1482.6,229.7,4.21,running,normal,normal
2026-01-15T08:29:44+00:00,MOTOR-001,50.61,1.64,9.07,1482.9,229.5,4.19,running,normal,normal
2026-01-15T08:29:45+00:00,MOTOR-001,50.51,1.66,9.14,1483.4,229.7,4.2,running,normal,normal
2026-01-15T08:29:46+00:00,MOTOR-001,50.31,1.59,9.0,1482.6,230.0,4.2,running,normal,normal
2026-01-15T08:29:47+00:00,MOTOR-001,50.18,1.65,9.05,1483.5,229.6,4.19,running,normal,normal
2026-01-15T08:29:48+00:00,MOTOR-001,50.25,1.61,9.09,1483.8,229.8,4.21,running,normal,normal
2026-01-15T08:29:49+00:00,MOTOR-001,50.27,1.59,8.98,1483.0,230.8,4.21,running,normal,normal
2026-01-15T08:29:50+00:00,MOTOR-001,50.24,1.55,9.01,1482.7,229.9,4.21,running,normal,normal
2026-01-15T08:29:51+00:00,MOTOR-001,50.25,1.54,9.01,1482.6,230.4,4.2,running,normal,normal
2026-01-15T08:29:52+00:00,MOTOR-001,50.25,1.58,9.02,1483.3,230.7,4.21,running,normal,normal
2026-01-15T08:29:53+00:00,MOTOR-001,50.3,1.6,8.98,1483.5,231.0,4.21,running,normal,normal
2026-01-15T08:29:54+00:00,MOTOR-001,50.27,1.56,8.98,1482.8,230.9,4.22,running,normal,normal
2026-01-15T08:29:55+00:00,MOTOR-001,50.36,1.56,8.89,1482.4,230.5,4.22,running,normal,normal
2026-01-15T08:29:56+00:00,MOTOR-001,50.39,1.58,8.95,1483.1,231.1,4.22,running,normal,normal
2026-01-15T08:29:57+00:00,MOTOR-001,50.37,1.6,8.9,1483.3,229.8,4.22,running,normal,normal
2026-01-15T08:29:58+00:00,MOTOR-001,50.34,1.61,8.88,1484.8,229.6,4.22,running,normal,normal
2026-01-15T08:29:59+00:00,MOTOR-001,50.4,1.58,8.94,1484.1,230.1,4.19,running,normal,normal
2026-01-15T08:30:00+00:00,MOTOR-001,60.04,2.32,11.87,1436.5,230.3,4.19,alarm,motor_overload,high
2026-01-15T08:30:01+00:00,MOTOR-001,67.12,2.75,14.12,1415.8,230.3,4.18,alarm,motor_overload,critical
2026-01-15T08:30:02+00:00,MOTOR-001,72.16,3.02,15.57,1401.3,229.5,4.19,alarm,motor_overload,critical
2026-01-15T08:30:03+00:00,MOTOR-001,76.27,3.27,15.28,1397.4,229.7,4.18,alarm,motor_overload,critical
2026-01-15T08:30:04+00:00,MOTOR-001,79.22,3.47,15.83,1394.8,230.7,4.17,alarm,motor_overload,critical
2026-01-15T08:30:05+00:00,MOTOR-001,81.39,3.62,15.97,1394.0,230.6,4.18,alarm,motor_overload,critical
2026-01-15T08:30:06+00:00,MOTOR-001,83.13,3.52,15.95,1393.0,229.1,4.2,alarm,motor_overload,critical
2026-01-15T08:30:07+00:00,MOTOR-001,84.47,3.55,15.81,1393.6,229.4,4.19,alarm,motor_overload,critical
2026-01-15T08:30:08+00:00,MOTOR-001,85.43,3.68,15.66,1396.5,230.4,4.19,alarm,motor_overload,critical
2026-01-15T08:30:09+00:00,MOTOR-001,85.99,3.58,15.71,1398.7,230.7,4.21,alarm,motor_overload,critical
2026-01-15T08:30:10+00:00,MOTOR-001,86.95,3.68,15.45,1396.2,230.7,4.2,alarm,motor_overload,critical
2026-01-15T08:30:11+00:00,MOTOR-001,87.35,3.71,16.23,1393.8,230.4,4.19,alarm,motor_overload,critical
2026-01-15T08:30:12+00:00,MOTOR-001,87.56,3.59,16.0,1395.2,230.7,4.2,alarm,motor_overload,critical
2026-01-15T08:30:13+00:00,MOTOR-001,87.77,3.59,16.32,1394.5,230.8,4.19,alarm,motor_overload,critical
2026-01-15T08:30:14+00:00,MOTOR-001,87.6,3.68,15.92,1396.2,231.1,4.19,alarm,motor_overload,critical
2026-01-15T08:30:15+00:00,MOTOR-001,88.21,3.75,15.92,1392.3,230.7,4.21,alarm,motor_overload,critical
2026-01-15T08:30:16+00:00,MOTOR-001,88.34,3.71,15.76,1392.6,230.3,4.2,alarm,motor_overload,critical
2026-01-15T08:30:17+00:00,MOTOR-001,88.3,3.64,16.12,1389.3,229.8,4.19,alarm,motor_overload,critical
2026-01-15T08:30:18+00:00,MOTOR-001,88.09,3.72,16.36,1392.1,230.3,4.2,alarm,motor_overload,critical
2026-01-15T08:30:19+00:00,MOTOR-001,87.93,3.87,16.14,1393.0,230.3,4.19,alarm,motor_overload,critical
2026-01-15T08:30:20+00:00,MOTOR-001,88.08,3.79,16.24,1395.1,229.9,4.2,alarm,motor_overload,critical
2026-01-15T08:30:21+00:00,MOTOR-001,88.16,3.65,16.33,1393.9,229.7,4.18,alarm,motor_overload,critical
2026-01-15T08:30:22+00:00,MOTOR-001,88.06,3.78,16.12,1393.1,230.0,4.2,alarm,motor_overload,critical
2026-01-15T08:30:23+00:00,MOTOR-001,87.91,3.69,15.88,1392.5,229.4,4.19,alarm,motor_overload,critical
2026-01-15T08:30:24+00:00,MOTOR-001,88.32,3.73,15.83,1394.4,229.1,4.2,alarm,motor_overload,critical
2026-01-15T08:30:25+00:00,MOTOR-001,87.95,3.63,15.79,1397.4,229.3,4.21,alarm,motor_overload,critical
2026-01-15T08:30:26+00:00,MOTOR-001,87.94,3.57,15.97,1396.3,230.2,4.2,alarm,motor_overload,critical
2026-01-15T08:30:27+00:00,MOTOR-001,87.97,3.53,15.82,1399.2,230.6,4.2,alarm,motor_overload,critical
2026-01-15T08:30:28+00:00,MOTOR-001,87.65,3.46,15.67,1398.8,230.5,4.21,alarm,motor_overload,critical
2026-01-15T08:30:29+00:00,MOTOR-001,87.65,3.55,15.04,1397.0,229.6,4.21,alarm,motor_overload,critical
2026-01-15T08:30:30+00:00,MOTOR-001,88.02,3.57,15.47,1396.4,230.4,4.22,alarm,motor_overload,critical
2026-01-15T08:30:31+00:00,MOTOR-001,88.03,3.57,15.41,1393.1,230.7,4.21,alarm,motor_overload,critical
2026-01-15T08:30:32+00:00,MOTOR-001,87.88,3.48,15.49,1395.9,230.5,4.19,alarm,motor_overload,critical
2026-01-15T08:30:33+00:00,MOTOR-001,87.48,3.54,15.87,1393.2,229.6,4.21,alarm,motor_overload,critical
2026-01-15T08:30:34+00:00,MOTOR-001,87.64,3.6,15.83,1391.6,230.0,4.19,alarm,motor_overload,critical
2026-01-15T08:30:35+00:00,MOTOR-001,87.69,3.65,16.07,1394.2,229.2,4.19,alarm,motor_overload,critical
2026-01-15T08:30:36+00:00,MOTOR-001,87.81,3.52,15.81,1395.0,229.6,4.21,alarm,motor_overload,critical
2026-01-15T08:30:37+00:00,MOTOR-001,88.14,3.64,15.67,1396.1,230.1,4.21,alarm,motor_overload,critical
2026-01-15T08:30:38+00:00,MOTOR-001,88.12,3.83,15.89,1394.7,230.3,4.21,alarm,motor_overload,critical
2026-01-15T08:30:39+00:00,MOTOR-001,88.24,3.72,15.87,1394.8,230.7,4.2,alarm,motor_overload,critical
2026-01-15T08:30:40+00:00,MOTOR-001,88.18,3.82,15.69,1398.1,230.4,4.2,alarm,motor_overload,critical
2026-01-15T08:30:41+00:00,MOTOR-001,88.25,3.68,15.49,1398.5,229.7,4.2,alarm,motor_overload,critical
2026-01-15T08:30:42+00:00,MOTOR-001,88.49,3.75,15.29,1395.6,229.4,4.2,alarm,motor_overload,critical
2026-01-15T08:30:43+00:00,MOTOR-001,88.28,3.71,15.26,1390.3,229.9,4.2,alarm,motor_overload,critical
2026-01-15T08:30:44+00:00,MOTOR-001,88.49,3.56,15.89,1392.5,230.4,4.2,alarm,motor_overload,critical
2026-01-15T08:30:45+00:00,MOTOR-001,88.38,3.66,15.83,1389.0,230.2,4.21,alarm,motor_overload,critical
2026-01-15T08:30:46+00:00,MOTOR-001,88.35,3.61,16.26,1391.8,230.6,4.2,alarm,motor_overload,critical
2026-01-15T08:30:47+00:00,MOTOR-001,88.41,3.72,16.04,1390.9,229.9,4.18,alarm,motor_overload,critical
2026-01-15T08:30:48+00:00,MOTOR-001,88.36,3.63,16.07,1393.3,230.1,4.18,alarm,motor_overload,critical
2026-01-15T08:30:49+00:00,MOTOR-001,88.28,3.48,15.9,1392.3,230.8,4.19,alarm,motor_overload,critical
2026-01-15T08:30:50+00:00,MOTOR-001,88.36,3.67,15.88,1394.1,230.6,4.2,alarm,motor_overload,critical
2026-01-15T08:30:51+00:00,MOTOR-001,88.21,3.52,15.79,1393.4,229.8,4.2,alarm,motor_overload,critical
2026-01-15T08:30:52+00:00,MOTOR-001,88.27,3.46,15.66,1396.1,230.5,4.2,alarm,motor_overload,critical
2026-01-15T08:30:53+00:00,MOTOR-001,88.48,3.45,15.6,1398.1,230.5,4.19,alarm,motor_overload,critical
2026-01-15T08:30:54+00:00,MOTOR-001,88.4,3.53,15.31,1394.8,230.0,4.2,alarm,motor_overload,critical
2026-01-15T08:30:55+00:00,MOTOR-001,88.41,3.57,15.45,1391.3,229.4,4.2,alarm,motor_overload,critical
2026-01-15T08:30:56+00:00,MOTOR-001,88.49,3.63,15.9,1394.3,230.2,4.19,alarm,motor_overload,critical
2026-01-15T08:30:57+00:00,MOTOR-001,88.43,3.5,15.92,1393.7,230.6,4.2,alarm,motor_overload,critical
2026-01-15T08:30:58+00:00,MOTOR-001,88.1,3.31,15.88,1392.1,230.1,4.2,alarm,motor_overload,critical
2026-01-15T08:30:59+00:00,MOTOR-001,87.94,3.55,15.86,1393.1,230.0,4.2,alarm,motor_overload,critical
2026-01-15T08:31:00+00:00,MOTOR-001,87.74,3.67,15.9,1391.6,230.2,4.2,alarm,motor_overload,critical
2026-01-15T08:31:01+00:00,MOTOR-001,87.77,3.71,15.93,1391.0,229.8,4.21,alarm,motor_overload,critical
2026-01-15T08:31:02+00:00,MOTOR-001,88.02,3.79,15.44,1392.5,229.5,4.2,alarm,motor_overload,critical
2026-01-15T08:31:03+00:00,MOTOR-001,88.15,3.71,15.95,1394.2,230.3,4.21,alarm,motor_overload,critical
2026-01-15T08:31:04+00:00,MOTOR-001,88.12,3.71,15.61,1396.1,229.5,4.2,alarm,motor_overload,critical
2026-01-15T08:31:05+00:00,MOTOR-001,88.36,3.7,15.76,1393.6,229.2,4.21,alarm,motor_overload,critical
2026-01-15T08:31:06+00:00,MOTOR-001,88.51,3.67,15.46,1391.9,230.1,4.2,alarm,motor_overload,critical
2026-01-15T08:31:07+00:00,MOTOR-001,88.13,3.74,15.75,1393.8,230.4,4.2,alarm,motor_overload,critical
2026-01-15T08:31:08+00:00,MOTOR-001,88.29,3.65,15.87,1393.4,229.9,4.2,alarm,motor_overload,critical
2026-01-15T08:31:09+00:00,MOTOR-001,88.47,3.68,15.82,1395.4,229.8,4.2,alarm,motor_overload,critical
2026-01-15T08:31:10+00:00,MOTOR-001,88.36,3.73,15.69,1395.8,229.5,4.19,alarm,motor_overload,critical
2026-01-15T08:31:11+00:00,MOTOR-001,88.5,3.57,15.76,1394.6,229.9,4.2,alarm,motor_overload,critical
2026-01-15T08:31:12+00:00,MOTOR-001,88.27,3.62,15.83,1394.4,230.0,4.18,alarm,motor_overload,critical
2026-01-15T08:31:13+00:00,MOTOR-001,88.07,3.67,15.92,1394.8,231.0,4.18,alarm,motor_overload,critical
2026-01-15T08:31:14+00:00,MOTOR-001,87.9,3.72,15.92,1391.7,229.3,4.19,alarm,motor_overload,critical
2026-01-15T08:31:15+00:00,MOTOR-001,87.91,3.65,15.9,1392.7,230.3,4.19,alarm,motor_overload,critical
2026-01-15T08:31:16+00:00,MOTOR-001,88.0,3.57,15.87,1392.0,230.4,4.19,alarm,motor_overload,critical
2026-01-15T08:31:17+00:00,MOTOR-001,87.72,3.56,16.12,1395.0,230.3,4.2,alarm,motor_overload,critical
2026-01-15T08:31:18+00:00,MOTOR-001,87.66,3.62,16.01,1396.3,229.6,4.19,alarm,motor_overload,critical
2026-01-15T08:31:19+00:00,MOTOR-001,87.76,3.54,15.68,1394.1,230.9,4.19,alarm,motor_overload,critical
2026-01-15T08:31:20+00:00,MOTOR-001,87.95,3.7,15.77,1394.4,229.4,4.19,alarm,motor_overload,critical
2026-01-15T08:31:21+00:00,MOTOR-001,87.97,3.74,15.32,1392.1,230.0,4.19,alarm,motor_overload,critical
2026-01-15T08:31:22+00:00,MOTOR-001,88.22,3.68,15.52,1391.5,230.2,4.19,alarm,motor_overload,critical
2026-01-15T08:31:23+00:00,MOTOR-001,87.87,3.63,15.78,1393.7,230.5,4.2,alarm,motor_overload,critical
2026-01-15T08:31:24+00:00,MOTOR-001,87.81,3.64,15.43,1392.6,229.3,4.2,alarm,motor_overload,critical
2026-01-15T08:31:25+00:00,MOTOR-001,88.2,3.73,15.48,1395.6,230.2,4.21,alarm,motor_overload,critical
2026-01-15T08:31:26+00:00,MOTOR-001,88.18,3.61,15.81,1392.8,229.4,4.21,alarm,motor_overload,critical
2026-01-15T08:31:27+00:00,MOTOR-001,88.14,3.59,15.9,1394.6,230.5,4.21,alarm,motor_overload,critical
2026-01-15T08:31:28+00:00,MOTOR-001,88.13,3.58,15.93,1394.2,230.3,4.22,alarm,motor_overload,critical
2026-01-15T08:31:29+00:00,MOTOR-001,87.9,3.7,15.97,1398.8,230.4,4.22,alarm,motor_overload,critical
2026-01-15T08:31:30+00:00,MOTOR-001,87.56,3.5,15.39,1395.3,230.4,4.2,alarm,motor_overload,critical
2026-01-15T08:31:31+00:00,MOTOR-001,87.7,3.47,15.79,1389.6,230.0,4.21,alarm,motor_overload,critical
2026-01-15T08:31:32+00:00,MOTOR-001,87.71,3.49,15.88,1395.1,229.5,4.21,alarm,motor_overload,critical
2026-01-15T08:31:33+00:00,MOTOR-001,87.91,3.56,16.17,1394.9,230.1,4.2,alarm,motor_overload,critical
2026-01-15T08:31:34+00:00,MOTOR-001,87.56,3.49,15.71,1396.5,230.0,4.21,alarm,motor_overload,critical
2026-01-15T08:31:35+00:00,MOTOR-001,87.66,3.42,15.49,1393.1,229.5,4.2,alarm,motor_overload,critical
2026-01-15T08:31:36+00:00,MOTOR-001,87.66,3.47,15.33,1392.7,230.3,4.21,alarm,motor_overload,critical
2026-01-15T08:31:37+00:00,MOTOR-001,87.81,3.5,15.95,1390.0,229.4,4.2,alarm,motor_overload,critical
2026-01-15T08:31:38+00:00,MOTOR-001,88.09,3.58,15.29,1390.5,229.8,4.19,alarm,motor_overload,critical
2026-01-15T08:31:39+00:00,MOTOR-001,88.12,3.64,15.82,1390.9,229.4,4.2,alarm,motor_overload,critical
2026-01-15T08:31:40+00:00,MOTOR-001,88.26,3.56,16.12,1391.4,229.5,4.21,alarm,motor_overload,critical
2026-01-15T08:31:41+00:00,MOTOR-001,87.94,3.38,15.81,1394.9,229.8,4.21,alarm,motor_overload,critical
2026-01-15T08:31:42+00:00,MOTOR-001,87.86,3.46,15.45,1396.8,230.2,4.19,alarm,motor_overload,critical
2026-01-15T08:31:43+00:00,MOTOR-001,87.6,3.46,15.78,1395.3,229.7,4.2,alarm,motor_overload,critical
2026-01-15T08:31:44+00:00,MOTOR-001,87.95,3.62,15.5,1399.0,230.0,4.2,alarm,motor_overload,critical
2026-01-15T08:31:45+00:00,MOTOR-001,88.16,3.49,15.57,1401.2,230.1,4.18,alarm,motor_overload,critical
2026-01-15T08:31:46+00:00,MOTOR-001,88.21,3.54,15.89,1397.0,229.4,4.18,alarm,motor_overload,critical
2026-01-15T08:31:47+00:00,MOTOR-001,88.57,3.59,16.05,1392.7,230.0,4.2,alarm,motor_overload,critical
2026-01-15T08:31:48+00:00,MOTOR-001,88.34,3.62,15.92,1393.2,229.9,4.2,alarm,motor_overload,critical
2026-01-15T08:31:49+00:00,MOTOR-001,88.25,3.63,15.84,1392.7,229.7,4.2,alarm,motor_overload,critical
2026-01-15T08:31:50+00:00,MOTOR-001,88.36,3.53,15.98,1395.4,229.8,4.19,alarm,motor_overload,critical
2026-01-15T08:31:51+00:00,MOTOR-001,88.71,3.45,16.15,1391.2,230.4,4.18,alarm,motor_overload,critical
2026-01-15T08:31:52+00:00,MOTOR-001,88.64,3.5,15.89,1391.7,231.3,4.19,alarm,motor_overload,critical
2026-01-15T08:31:53+00:00,MOTOR-001,88.32,3.59,16.01,1397.6,229.8,4.21,alarm,motor_overload,critical
2026-01-15T08:31:54+00:00,MOTOR-001,88.15,3.63,16.03,1396.9,230.5,4.2,alarm,motor_overload,critical
2026-01-15T08:31:55+00:00,MOTOR-001,88.18,3.7,16.16,1395.6,229.6,4.2,alarm,motor_overload,critical
2026-01-15T08:31:56+00:00,MOTOR-001,88.23,3.61,15.91,1395.0,229.8,4.2,alarm,motor_overload,critical
2026-01-15T08:31:57+00:00,MOTOR-001,88.0,3.67,15.66,1391.6,230.4,4.2,alarm,motor_overload,critical
2026-01-15T08:31:58+00:00,MOTOR-001,87.77,3.51,16.15,1395.0,229.1,4.2,alarm,motor_overload,critical
2026-01-15T08:31:59+00:00,MOTOR-001,87.56,3.51,16.13,1394.8,229.8,4.21,alarm,motor_overload,critical
2026-01-15T08:32:00+00:00,MOTOR-001,87.91,3.44,16.18,1393.1,229.1,4.21,alarm,motor_overload,critical
2026-01-15T08:32:01+00:00,MOTOR-001,87.98,3.4,16.04,1394.0,229.8,4.22,alarm,motor_overload,critical
2026-01-15T08:32:02+00:00,MOTOR-001,88.0,3.56,15.44,1397.2,229.2,4.22,alarm,motor_overload,critical
2026-01-15T08:32:03+00:00,MOTOR-001,88.11,3.68,16.03,1398.0,230.3,4.22,alarm,motor_overload,critical
2026-01-15T08:32:04+00:00,MOTOR-001,88.33,3.6,15.53,1401.7,230.1,4.21,alarm,motor_overload,critical
2026-01-15T08:32:05+00:00,MOTOR-001,88.09,3.65,15.47,1397.6,230.2,4.21,alarm,motor_overload,critical
2026-01-15T08:32:06+00:00,MOTOR-001,88.04,3.63,15.47,1395.2,230.0,4.21,alarm,motor_overload,critical
2026-01-15T08:32:07+00:00,MOTOR-001,87.57,3.56,15.59,1392.2,230.6,4.21,alarm,motor_overload,critical
2026-01-15T08:32:08+00:00,MOTOR-001,87.43,3.57,15.48,1396.4,230.9,4.22,alarm,motor_overload,critical
2026-01-15T08:32:09+00:00,MOTOR-001,87.42,3.61,15.97,1394.1,229.5,4.22,alarm,motor_overload,critical
2026-01-15T08:32:10+00:00,MOTOR-001,87.46,3.56,15.85,1394.2,230.1,4.23,alarm,motor_overload,critical
2026-01-15T08:32:11+00:00,MOTOR-001,87.74,3.67,15.59,1394.2,230.6,4.22,alarm,motor_overload,critical
2026-01-15T08:32:12+00:00,MOTOR-001,87.8,3.5,15.43,1393.5,230.4,4.21,alarm,motor_overload,critical
2026-01-15T08:32:13+00:00,MOTOR-001,88.04,3.46,15.36,1396.5,229.8,4.19,alarm,motor_overload,critical
2026-01-15T08:32:14+00:00,MOTOR-001,88.22,3.67,15.94,1396.5,229.7,4.2,alarm,motor_overload,critical
2026-01-15T08:32:15+00:00,MOTOR-001,88.37,3.75,15.63,1396.2,230.1,4.21,alarm,motor_overload,critical
2026-01-15T08:32:16+00:00,MOTOR-001,88.34,3.64,15.97,1392.7,229.7,4.19,alarm,motor_overload,critical
2026-01-15T08:32:17+00:00,MOTOR-001,88.35,3.6,15.86,1396.9,230.3,4.2,alarm,motor_overload,critical
2026-01-15T08:32:18+00:00,MOTOR-001,88.38,3.58,15.98,1395.7,230.6,4.2,alarm,motor_overload,critical
2026-01-15T08:32:19+00:00,MOTOR-001,88.24,3.51,16.0,1395.0,231.0,4.21,alarm,motor_overload,critical
2026-01-15T08:32:20+00:00,MOTOR-001,87.92,3.56,16.12,1395.2,231.0,4.2,alarm,motor_overload,critical
2026-01-15T08:32:21+00:00,MOTOR-001,88.02,3.56,15.63,1394.9,230.9,4.21,alarm,motor_overload,critical
2026-01-15T08:32:22+00:00,MOTOR-001,88.08,3.53,15.71,1395.5,230.2,4.2,alarm,motor_overload,critical
2026-01-15T08:32:23+00:00,MOTOR-001,88.3,3.46,15.72,1393.4,230.0,4.2,alarm,motor_overload,critical
2026-01-15T08:32:24+00:00,MOTOR-001,88.19,3.67,16.37,1395.6,229.1,4.21,alarm,motor_overload,critical
2026-01-15T08:32:25+00:00,MOTOR-001,87.83,3.51,15.92,1397.1,229.7,4.2,alarm,motor_overload,critical
2026-01-15T08:32:26+00:00,MOTOR-001,88.1,3.66,15.66,1396.3,229.8,4.2,alarm,motor_overload,critical
2026-01-15T08:32:27+00:00,MOTOR-001,88.02,3.65,15.9,1392.2,230.2,4.2,alarm,motor_overload,critical
2026-01-15T08:32:28+00:00,MOTOR-001,87.86,3.63,15.8,1394.8,229.6,4.21,alarm,motor_overload,critical
2026-01-15T08:32:29+00:00,MOTOR-001,87.78,3.73,16.24,1394.1,229.5,4.21,alarm,motor_overload,critical
2026-01-15T08:32:30+00:00,MOTOR-001,87.79,3.72,16.12,1392.6,230.9,4.2,alarm,motor_overload,critical
2026-01-15T08:32:31+00:00,MOTOR-001,87.93,3.66,15.85,1392.6,230.1,4.2,alarm,motor_overload,critical
2026-01-15T08:32:32+00:00,MOTOR-001,88.06,3.65,16.05,1393.9,230.2,4.2,alarm,motor_overload,critical
2026-01-15T08:32:33+00:00,MOTOR-001,87.56,3.49,15.68,1394.1,229.8,4.22,alarm,motor_overload,critical
2026-01-15T08:32:34+00:00,MOTOR-001,87.91,3.5,15.57,1392.9,230.0,4.22,alarm,motor_overload,critical
2026-01-15T08:32:35+00:00,MOTOR-001,88.14,3.52,15.57,1395.0,230.0,4.21,alarm,motor_overload,critical
2026-01-15T08:32:36+00:00,MOTOR-001,88.31,3.67,15.84,1395.5,230.0,4.2,alarm,motor_overload,critical
2026-01-15T08:32:37+00:00,MOTOR-001,88.38,3.75,15.83,1396.8,230.2,4.2,alarm,motor_overload,critical
2026-01-15T08:32:38+00:00,MOTOR-001,88.45,3.64,15.39,1396.9,229.9,4.2,alarm,motor_overload,critical
2026-01-15T08:32:39+00:00,MOTOR-001,88.23,3.72,15.98,1392.3,229.5,4.2,alarm,motor_overload,critical
2026-01-15T08:32:40+00:00,MOTOR-001,88.06,3.66,15.86,1391.7,230.3,4.19,alarm,motor_overload,critical
2026-01-15T08:32:41+00:00,MOTOR-001,88.28,3.58,15.92,1390.2,230.0,4.19,alarm,motor_overload,critical
2026-01-15T08:32:42+00:00,MOTOR-001,88.19,3.42,15.55,1391.5,230.3,4.2,alarm,motor_overload,critical
2026-01-15T08:32:43+00:00,MOTOR-001,88.15,3.54,15.7,1395.8,229.5,4.2,alarm,motor_overload,critical
2026-01-15T08:32:44+00:00,MOTOR-001,87.94,3.61,15.55,1394.8,230.1,4.19,alarm,motor_overload,critical
2026-01-15T08:32:45+00:00,MOTOR-001,87.94,3.67,15.98,1394.0,230.2,4.19,alarm,motor_overload,critical
2026-01-15T08:32:46+00:00,MOTOR-001,87.85,3.66,16.11,1390.9,230.3,4.2,alarm,motor_overload,critical
2026-01-15T08:32:47+00:00,MOTOR-001,88.04,3.7,15.67,1392.6,230.6,4.19,alarm,motor_overload,critical
2026-01-15T08:32:48+00:00,MOTOR-001,88.03,3.62,16.0,1396.7,230.5,4.19,alarm,motor_overload,critical
2026-01-15T08:32:49+00:00,MOTOR-001,87.8,3.58,16.05,1394.8,229.9,4.19,alarm,motor_overload,critical
2026-01-15T08:32:50+00:00,MOTOR-001,87.8,3.51,16.02,1398.1,229.6,4.19,alarm,motor_overload,critical
2026-01-15T08:32:51+00:00,MOTOR-001,87.87,3.49,15.92,1389.6,230.7,4.2,alarm,motor_overload,critical
2026-01-15T08:32:52+00:00,MOTOR-001,88.2,3.6,15.75,1391.9,230.6,4.18,alarm,motor_overload,critical
2026-01-15T08:32:53+00:00,MOTOR-001,88.2,3.47,15.97,1395.6,230.3,4.19,alarm,motor_overload,critical
2026-01-15T08:32:54+00:00,MOTOR-001,88.06,3.49,15.87,1394.0,229.4,4.19,alarm,motor_overload,critical
2026-01-15T08:32:55+00:00,MOTOR-001,88.14,3.55,15.97,1394.3,229.6,4.19,alarm,motor_overload,critical
2026-01-15T08:32:56+00:00,MOTOR-001,88.33,3.6,15.53,1395.2,229.7,4.19,alarm,motor_overload,critical
2026-01-15T08:32:57+00:00,MOTOR-001,87.99,3.64,15.95,1397.3,230.1,4.19,alarm,motor_overload,critical
2026-01-15T08:32:58+00:00,MOTOR-001,87.82,3.59,15.87,1395.6,230.2,4.21,alarm,motor_overload,critical
2026-01-15T08:32:59+00:00,MOTOR-001,87.88,3.53,15.85,1394.4,230.7,4.19,alarm,motor_overload,critical
2026-01-15T08:33:00+00:00,MOTOR-001,87.66,3.36,15.81,1394.9,230.1,4.19,alarm,motor_overload,critical
2026-01-15T08:33:01+00:00,MOTOR-001,87.68,3.31,15.37,1398.9,229.4,4.19,alarm,motor_overload,critical
2026-01-15T08:33:02+00:00,MOTOR-001,87.69,3.34,15.48,1396.3,229.9,4.2,alarm,motor_overload,critical
2026-01-15T08:33:03+00:00,MOTOR-001,87.67,3.49,15.5,1397.0,229.9,4.21,alarm,motor_overload,critical
2026-01-15T08:33:04+00:00,MOTOR-001,87.92,3.5,16.4,1397.0,230.6,4.2,alarm,motor_overload,critical
2026-01-15T08:33:05+00:00,MOTOR-001,88.12,3.52,16.47,1397.2,230.8,4.2,alarm,motor_overload,critical
2026-01-15T08:33:06+00:00,MOTOR-001,88.07,3.71,16.32,1395.0,230.2,4.22,alarm,motor_overload,critical
2026-01-15T08:33:07+00:00,MOTOR-001,87.76,3.55,16.06,1396.0,230.0,4.2,alarm,motor_overload,critical
2026-01-15T08:33:08+00:00,MOTOR-001,87.58,3.61,15.9,1396.2,229.3,4.22,alarm,motor_overload,critical
2026-01-15T08:33:09+00:00,MOTOR-001,87.68,3.69,16.22,1398.0,229.7,4.22,alarm,motor_overload,critical
2026-01-15T08:33:10+00:00,MOTOR-001,87.82,3.56,16.55,1397.2,229.8,4.22,alarm,motor_overload,critical
2026-01-15T08:33:11+00:00,MOTOR-001,87.96,3.46,15.89,1395.4,230.2,4.22,alarm,motor_overload,critical
2026-01-15T08:33:12+00:00,MOTOR-001,88.16,3.54,15.68,1395.5,230.8,4.21,alarm,motor_overload,critical
2026-01-15T08:33:13+00:00,MOTOR-001,88.1,3.63,15.54,1397.1,231.3,4.21,alarm,motor_overload,critical
2026-01-15T08:33:14+00:00,MOTOR-001,87.96,3.69,15.37,1395.6,230.2,4.21,alarm,motor_overload,critical
2026-01-15T08:33:15+00:00,MOTOR-001,88.02,3.73,15.34,1391.7,230.4,4.21,alarm,motor_overload,critical
2026-01-15T08:33:16+00:00,MOTOR-001,87.83,3.63,15.62,1392.6,229.7,4.21,alarm,motor_overload,critical
2026-01-15T08:33:17+00:00,MOTOR-001,87.76,3.71,15.52,1394.6,230.4,4.2,alarm,motor_overload,critical
2026-01-15T08:33:18+00:00,MOTOR-001,87.69,3.58,15.66,1395.2,230.0,4.2,alarm,motor_overload,critical
2026-01-15T08:33:19+00:00,MOTOR-001,87.9,3.59,15.59,1393.9,230.1,4.18,alarm,motor_overload,critical
2026-01-15T08:33:20+00:00,MOTOR-001,88.08,3.46,15.77,1392.9,229.6,4.18,alarm,motor_overload,critical
2026-01-15T08:33:21+00:00,MOTOR-001,87.93,3.38,15.89,1396.5,229.4,4.18,alarm,motor_overload,critical
2026-01-15T08:33:22+00:00,MOTOR-001,88.14,3.5,15.89,1397.3,229.6,4.19,alarm,motor_overload,critical
2026-01-15T08:33:23+00:00,MOTOR-001,87.92,3.48,16.21,1395.6,230.2,4.2,alarm,motor_overload,critical
2026-01-15T08:33:24+00:00,MOTOR-001,88.19,3.52,16.14,1397.1,229.8,4.18,alarm,motor_overload,critical
2026-01-15T08:33:25+00:00,MOTOR-001,88.29,3.65,16.04,1396.4,229.6,4.19,alarm,motor_overload,critical
2026-01-15T08:33:26+00:00,MOTOR-001,88.24,3.75,16.34,1394.5,230.9,4.18,alarm,motor_overload,critical
2026-01-15T08:33:27+00:00,MOTOR-001,88.62,3.66,16.14,1395.5,230.4,4.18,alarm,motor_overload,critical
2026-01-15T08:33:28+00:00,MOTOR-001,88.86,3.6,16.17,1391.7,230.7,4.18,alarm,motor_overload,critical
2026-01-15T08:33:29+00:00,MOTOR-001,88.85,3.56,15.8,1395.2,229.3,4.19,alarm,motor_overload,critical
2026-01-15T08:33:30+00:00,MOTOR-001,88.44,3.59,15.79,1395.7,230.1,4.21,alarm,motor_overload,critical
2026-01-15T08:33:31+00:00,MOTOR-001,88.42,3.62,16.1,1396.9,230.6,4.21,alarm,motor_overload,critical
2026-01-15T08:33:32+00:00,MOTOR-001,88.29,3.53,16.07,1395.3,229.8,4.2,alarm,motor_overload,critical
2026-01-15T08:33:33+00:00,MOTOR-001,88.2,3.7,15.69,1397.7,230.1,4.2,alarm,motor_overload,critical
2026-01-15T08:33:34+00:00,MOTOR-001,88.36,3.58,15.84,1397.8,230.6,4.19,alarm,motor_overload,critical
2026-01-15T08:33:35+00:00,MOTOR-001,88.2,3.55,16.05,1394.1,230.8,4.19,alarm,motor_overload,critical
2026-01-15T08:33:36+00:00,MOTOR-001,88.13,3.68,15.78,1395.6,230.2,4.21,alarm,motor_overload,critical
2026-01-15T08:33:37+00:00,MOTOR-001,88.26,3.64,15.9,1396.0,230.7,4.2,alarm,motor_overload,critical
2026-01-15T08:33:38+00:00,MOTOR-001,88.23,3.72,15.46,1393.9,230.7,4.21,alarm,motor_overload,critical
2026-01-15T08:33:39+00:00,MOTOR-001,88.18,3.59,14.87,1395.2,230.5,4.21,alarm,motor_overload,critical
2026-01-15T08:33:40+00:00,MOTOR-001,88.14,3.46,15.5,1392.8,230.1,4.22,alarm,motor_overload,critical
2026-01-15T08:33:41+00:00,MOTOR-001,88.17,3.64,15.62,1393.0,231.0,4.21,alarm,motor_overload,critical
2026-01-15T08:33:42+00:00,MOTOR-001,88.15,3.61,15.9,1395.0,230.4,4.22,alarm,motor_overload,critical
2026-01-15T08:33:43+00:00,MOTOR-001,88.22,3.62,16.03,1396.0,230.3,4.22,alarm,motor_overload,critical
2026-01-15T08:33:44+00:00,MOTOR-001,88.16,3.47,15.37,1395.9,230.9,4.22,alarm,motor_overload,critical
2026-01-15T08:33:45+00:00,MOTOR-001,88.25,3.46,15.97,1394.6,229.9,4.2,alarm,motor_overload,critical
2026-01-15T08:33:46+00:00,MOTOR-001,87.91,3.39,16.0,1391.1,228.4,4.2,alarm,motor_overload,critical
2026-01-15T08:33:47+00:00,MOTOR-001,87.74,3.54,15.9,1398.5,228.5,4.2,alarm,motor_overload,critical
2026-01-15T08:33:48+00:00,MOTOR-001,87.7,3.67,15.75,1398.1,229.6,4.19,alarm,motor_overload,critical
2026-01-15T08:33:49+00:00,MOTOR-001,87.72,3.57,15.54,1396.8,230.5,4.2,alarm,motor_overload,critical
2026-01-15T08:33:50+00:00,MOTOR-001,87.83,3.44,15.82,1393.7,230.1,4.2,alarm,motor_overload,critical
2026-01-15T08:33:51+00:00,MOTOR-001,88.06,3.53,15.8,1396.3,230.5,4.21,alarm,motor_overload,critical
2026-01-15T08:33:52+00:00,MOTOR-001,88.0,3.64,15.66,1395.0,230.6,4.21,alarm,motor_overload,critical
2026-01-15T08:33:53+00:00,MOTOR-001,88.04,3.56,15.65,1395.0,229.7,4.21,alarm,motor_overload,critical
2026-01-15T08:33:54+00:00,MOTOR-001,87.75,3.52,15.44,1398.6,229.4,4.22,alarm,motor_overload,critical
2026-01-15T08:33:55+00:00,MOTOR-001,87.6,3.65,15.96,1399.7,229.8,4.21,alarm,motor_overload,critical
2026-01-15T08:33:56+00:00,MOTOR-001,87.58,3.73,16.12,1398.0,229.3,4.21,alarm,motor_overload,critical
2026-01-15T08:33:57+00:00,MOTOR-001,87.99,3.64,16.05,1398.0,229.9,4.21,alarm,motor_overload,critical
2026-01-15T08:33:58+00:00,MOTOR-001,88.08,3.66,15.74,1395.2,229.3,4.22,alarm,motor_overload,critical
2026-01-15T08:33:59+00:00,MOTOR-001,88.01,3.65,15.47,1394.6,228.5,4.21,alarm,motor_overload,critical
2026-01-15T08:34:00+00:00,MOTOR-001,88.26,3.75,15.45,1388.8,228.9,4.21,alarm,motor_overload,critical
2026-01-15T08:34:01+00:00,MOTOR-001,88.37,3.69,15.71,1389.8,229.6,4.2,alarm,motor_overload,critical
2026-01-15T08:34:02+00:00,MOTOR-001,88.32,3.79,16.05,1393.2,229.7,4.18,alarm,motor_overload,critical
2026-01-15T08:34:03+00:00,MOTOR-001,88.48,3.69,16.23,1394.9,229.3,4.2,alarm,motor_overload,critical
2026-01-15T08:34:04+00:00,MOTOR-001,88.48,3.6,16.02,1392.6,230.1,4.21,alarm,motor_overload,critical
2026-01-15T08:34:05+00:00,MOTOR-001,88.31,3.64,15.66,1395.9,229.7,4.21,alarm,motor_overload,critical
2026-01-15T08:34:06+00:00,MOTOR-001,88.02,3.54,15.33,1396.6,230.3,4.22,alarm,motor_overload,critical
2026-01-15T08:34:07+00:00,MOTOR-001,88.02,3.63,15.63,1392.4,230.6,4.22,alarm,motor_overload,critical
2026-01-15T08:34:08+00:00,MOTOR-001,88.19,3.66,15.6,1394.6,230.6,4.2,alarm,motor_overload,critical
2026-01-15T08:34:09+00:00,MOTOR-001,88.03,3.73,15.7,1395.4,229.9,4.2,alarm,motor_overload,critical
2026-01-15T08:34:10+00:00,MOTOR-001,88.06,3.83,15.97,1397.4,229.8,4.19,alarm,motor_overload,critical
2026-01-15T08:34:11+00:00,MOTOR-001,87.89,3.8,15.49,1395.9,230.1,4.18,alarm,motor_overload,critical
2026-01-15T08:34:12+00:00,MOTOR-001,87.9,3.8,16.18,1393.0,230.2,4.19,alarm,motor_overload,critical
2026-01-15T08:34:13+00:00,MOTOR-001,87.9,3.72,16.07,1397.0,230.7,4.2,alarm,motor_overload,critical
2026-01-15T08:34:14+00:00,MOTOR-001,87.67,3.67,16.1,1397.8,230.3,4.21,alarm,motor_overload,critical
2026-01-15T08:34:15+00:00,MOTOR-001,87.95,3.56,15.81,1396.3,229.6,4.21,alarm,motor_overload,critical
2026-01-15T08:34:16+00:00,MOTOR-001,88.08,3.64,15.76,1397.8,230.2,4.22,alarm,motor_overload,critical
2026-01-15T08:34:17+00:00,MOTOR-001,88.33,3.54,15.78,1398.0,230.1,4.2,alarm,motor_overload,critical
2026-01-15T08:34:18+00:00,MOTOR-001,88.14,3.48,16.51,1395.6,229.8,4.2,alarm,motor_overload,critical
2026-01-15T08:34:19+00:00,MOTOR-001,87.75,3.44,16.07,1395.2,230.5,4.2,alarm,motor_overload,critical
2026-01-15T08:34:20+00:00,MOTOR-001,87.67,3.56,16.32,1395.4,230.3,4.22,alarm,motor_overload,critical
2026-01-15T08:34:21+00:00,MOTOR-001,87.73,3.59,16.15,1393.0,229.8,4.2,alarm,motor_overload,critical
2026-01-15T08:34:22+00:00,MOTOR-001,88.03,3.54,16.01,1396.6,229.7,4.22,alarm,motor_overload,critical
2026-01-15T08:34:23+00:00,MOTOR-001,87.95,3.52,15.91,1391.8,229.4,4.22,alarm,motor_overload,critical
2026-01-15T08:34:24+00:00,MOTOR-001,88.29,3.57,15.99,1396.7,229.8,4.21,alarm,motor_overload,critical
2026-01-15T08:34:25+00:00,MOTOR-001,88.25,3.59,15.67,1394.7,231.0,4.2,alarm,motor_overload,critical
2026-01-15T08:34:26+00:00,MOTOR-001,88.32,3.56,16.09,1395.1,230.2,4.2,alarm,motor_overload,critical
2026-01-15T08:34:27+00:00,MOTOR-001,88.43,3.64,16.06,1392.7,230.2,4.21,alarm,motor_overload,critical
2026-01-15T08:34:28+00:00,MOTOR-001,88.12,3.67,15.99,1390.5,230.0,4.21,alarm,motor_overload,critical
2026-01-15T08:34:29+00:00,MOTOR-001,87.88,3.62,15.55,1390.6,229.8,4.2,alarm,motor_overload,critical
2026-01-15T08:34:30+00:00,MOTOR-001,87.95,3.62,15.4,1390.1,229.2,4.2,alarm,motor_overload,critical
2026-01-15T08:34:31+00:00,MOTOR-001,88.25,3.75,15.93,1392.9,228.8,4.19,alarm,motor_overload,critical
2026-01-15T08:34:32+00:00,MOTOR-001,88.2,3.7,15.45,1392.2,229.9,4.18,alarm,motor_overload,critical
2026-01-15T08:34:33+00:00,MOTOR-001,88.0,3.68,15.69,1394.2,230.3,4.18,alarm,motor_overload,critical
2026-01-15T08:34:34+00:00,MOTOR-001,87.75,3.56,15.88,1395.9,229.9,4.18,alarm,motor_overload,critical
2026-01-15T08:34:35+00:00,MOTOR-001,87.71,3.6,15.34,1392.8,229.8,4.19,alarm,motor_overload,critical
2026-01-15T08:34:36+00:00,MOTOR-001,87.76,3.73,15.98,1390.9,229.1,4.2,alarm,motor_overload,critical
2026-01-15T08:34:37+00:00,MOTOR-001,87.84,3.64,16.0,1391.5,229.5,4.21,alarm,motor_overload,critical
2026-01-15T08:34:38+00:00,MOTOR-001,88.04,3.65,16.3,1393.6,230.2,4.2,alarm,motor_overload,critical
2026-01-15T08:34:39+00:00,MOTOR-001,87.92,3.64,16.37,1397.2,229.7,4.2,alarm,motor_overload,critical
2026-01-15T08:34:40+00:00,MOTOR-001,88.25,3.57,16.34,1397.4,229.9,4.2,alarm,motor_overload,critical
2026-01-15T08:34:41+00:00,MOTOR-001,88.46,3.52,15.62,1399.2,230.3,4.21,alarm,motor_overload,critical
2026-01-15T08:34:42+00:00,MOTOR-001,87.92,3.45,15.82,1396.8,229.4,4.2,alarm,motor_overload,critical
2026-01-15T08:34:43+00:00,MOTOR-001,88.15,3.42,15.85,1396.7,229.9,4.2,alarm,motor_overload,critical
2026-01-15T08:34:44+00:00,MOTOR-001,87.98,3.52,15.92,1396.0,229.7,4.19,alarm,motor_overload,critical
2026-01-15T08:34:45+00:00,MOTOR-001,87.84,3.53,15.42,1395.4,230.1,4.2,alarm,motor_overload,critical
2026-01-15T08:34:46+00:00,MOTOR-001,87.8,3.58,15.16,1393.4,229.4,4.2,alarm,motor_overload,critical
2026-01-15T08:34:47+00:00,MOTOR-001,87.97,3.66,15.56,1391.9,229.6,4.18,alarm,motor_overload,critical
2026-01-15T08:34:48+00:00,MOTOR-001,87.85,3.72,15.68,1394.1,229.8,4.18,alarm,motor_overload,critical
2026-01-15T08:34:49+00:00,MOTOR-001,87.69,3.71,15.82,1391.4,229.6,4.21,alarm,motor_overload,critical
2026-01-15T08:34:50+00:00,MOTOR-001,87.95,3.68,15.77,1395.7,229.3,4.2,alarm,motor_overload,critical
2026-01-15T08:34:51+00:00,MOTOR-001,88.11,3.64,15.47,1395.3,230.6,4.19,alarm,motor_overload,critical
2026-01-15T08:34:52+00:00,MOTOR-001,87.99,3.7,15.68,1395.6,230.5,4.19,alarm,motor_overload,critical
2026-01-15T08:34:53+00:00,MOTOR-001,88.02,3.71,15.58,1396.8,229.9,4.18,alarm,motor_overload,critical
2026-01-15T08:34:54+00:00,MOTOR-001,87.98,3.55,15.3,1396.0,230.0,4.18,alarm,motor_overload,critical
2026-01-15T08:34:55+00:00,MOTOR-001,88.02,3.57,15.65,1395.2,230.7,4.2,alarm,motor_overload,critical
2026-01-15T08:34:56+00:00,MOTOR-001,87.98,3.5,15.75,1395.5,231.0,4.2,alarm,motor_overload,critical
2026-01-15T08:34:57+00:00,MOTOR-001,88.11,3.61,15.88,1395.2,230.6,4.21,alarm,motor_overload,critical
2026-01-15T08:34:58+00:00,MOTOR-001,88.14,3.59,15.44,1396.9,230.5,4.21,alarm,motor_overload,critical
2026-01-15T08:34:59+00:00,MOTOR-001,88.09,3.71,15.41,1393.5,231.1,4.19,alarm,motor_overload,critical
2026-01-15T08:35:00+00:00,MOTOR-001,87.85,3.69,15.47,1390.5,229.6,4.19,alarm,motor_overload,critical
2026-01-15T08:35:01+00:00,MOTOR-001,88.07,3.66,15.63,1392.0,230.2,4.2,alarm,motor_overload,critical
2026-01-15T08:35:02+00:00,MOTOR-001,87.81,3.79,15.7,1393.4,230.8,4.2,alarm,motor_overload,critical
2026-01-15T08:35:03+00:00,MOTOR-001,88.23,3.61,15.41,1393.5,230.3,4.2,alarm,motor_overload,critical
2026-01-15T08:35:04+00:00,MOTOR-001,88.01,3.68,15.62,1392.7,230.6,4.19,alarm,motor_overload,critical
2026-01-15T08:35:05+00:00,MOTOR-001,87.86,3.7,15.39,1392.5,230.8,4.19,alarm,motor_overload,critical
2026-01-15T08:35:06+00:00,MOTOR-001,87.91,3.75,15.97,1394.6,230.2,4.19,alarm,motor_overload,critical
2026-01-15T08:35:07+00:00,MOTOR-001,88.09,3.67,15.8,1397.4,229.8,4.18,alarm,motor_overload,critical
2026-01-15T08:35:08+00:00,MOTOR-001,87.85,3.53,15.72,1397.4,230.1,4.18,alarm,motor_overload,critical
2026-01-15T08:35:09+00:00,MOTOR-001,87.91,3.59,16.0,1397.7,230.3,4.18,alarm,motor_overload,critical
2026-01-15T08:35:10+00:00,MOTOR-001,87.93,3.57,15.96,1395.8,230.2,4.18,alarm,motor_overload,critical
2026-01-15T08:35:11+00:00,MOTOR-001,88.13,3.53,15.91,1392.9,230.1,4.19,alarm,motor_overload,critical
2026-01-15T08:35:12+00:00,MOTOR-001,88.04,3.68,16.23,1397.4,229.8,4.2,alarm,motor_overload,critical
2026-01-15T08:35:13+00:00,MOTOR-001,88.25,3.52,16.29,1396.0,230.5,4.2,alarm,motor_overload,critical
2026-01-15T08:35:14+00:00,MOTOR-001,88.01,3.41,16.22,1395.0,230.3,4.2,alarm,motor_overload,critical
2026-01-15T08:35:15+00:00,MOTOR-001,88.24,3.5,15.74,1395.6,229.9,4.2,alarm,motor_overload,critical
2026-01-15T08:35:16+00:00,MOTOR-001,87.78,3.62,15.62,1394.9,230.4,4.21,alarm,motor_overload,critical
2026-01-15T08:35:17+00:00,MOTOR-001,88.07,3.55,15.78,1392.6,229.5,4.22,alarm,motor_overload,critical
2026-01-15T08:35:18+00:00,MOTOR-001,88.26,3.62,15.57,1395.6,229.5,4.22,alarm,motor_overload,critical
2026-01-15T08:35:19+00:00,MOTOR-001,88.71,3.69,15.61,1395.1,229.7,4.21,alarm,motor_overload,critical
2026-01-15T08:35:20+00:00,MOTOR-001,88.73,3.62,15.48,1394.5,229.6,4.2,alarm,motor_overload,critical
2026-01-15T08:35:21+00:00,MOTOR-001,88.44,3.61,15.74,1395.0,230.3,4.2,alarm,motor_overload,critical
2026-01-15T08:35:22+00:00,MOTOR-001,88.37,3.72,15.43,1392.3,229.7,4.19,alarm,motor_overload,critical
2026-01-15T08:35:23+00:00,MOTOR-001,88.19,3.67,15.9,1396.1,229.8,4.2,alarm,motor_overload,critical
2026-01-15T08:35:24+00:00,MOTOR-001,88.19,3.64,16.1,1397.6,229.9,4.2,alarm,motor_overload,critical
2026-01-15T08:35:25+00:00,MOTOR-001,88.2,3.59,15.89,1394.0,230.0,4.21,alarm,motor_overload,critical
2026-01-15T08:35:26+00:00,MOTOR-001,88.28,3.61,16.03,1395.5,230.1,4.2,alarm,motor_overload,critical
2026-01-15T08:35:27+00:00,MOTOR-001,87.97,3.74,16.05,1393.3,230.1,4.19,alarm,motor_overload,critical
2026-01-15T08:35:28+00:00,MOTOR-001,88.18,3.6,15.71,1392.9,230.3,4.2,alarm,motor_overload,critical
2026-01-15T08:35:29+00:00,MOTOR-001,88.36,3.7,15.75,1391.5,230.3,4.19,alarm,motor_overload,critical
2026-01-15T08:35:30+00:00,MOTOR-001,88.31,3.61,15.95,1395.5,230.6,4.2,alarm,motor_overload,critical
2026-01-15T08:35:31+00:00,MOTOR-001,88.39,3.56,16.13,1392.0,229.8,4.2,alarm,motor_overload,critical
2026-01-15T08:35:32+00:00,MOTOR-001,88.2,3.63,15.72,1393.4,230.1,4.2,alarm,motor_overload,critical
2026-01-15T08:35:33+00:00,MOTOR-001,88.06,3.58,16.14,1393.8,229.6,4.2,alarm,motor_overload,critical
2026-01-15T08:35:34+00:00,MOTOR-001,88.28,3.71,16.07,1395.3,229.4,4.21,alarm,motor_overload,critical
2026-01-15T08:35:35+00:00,MOTOR-001,88.06,3.57,16.05,1393.5,229.6,4.21,alarm,motor_overload,critical
2026-01-15T08:35:36+00:00,MOTOR-001,88.47,3.56,15.64,1393.8,229.0,4.19,alarm,motor_overload,critical
2026-01-15T08:35:37+00:00,MOTOR-001,88.14,3.51,15.76,1393.6,229.6,4.2,alarm,motor_overload,critical
2026-01-15T08:35:38+00:00,MOTOR-001,88.22,3.54,16.39,1394.0,230.7,4.22,alarm,motor_overload,critical
2026-01-15T08:35:39+00:00,MOTOR-001,88.17,3.59,16.27,1391.2,230.3,4.22,alarm,motor_overload,critical
2026-01-15T08:35:40+00:00,MOTOR-001,88.07,3.42,15.85,1394.7,229.6,4.22,alarm,motor_overload,critical
2026-01-15T08:35:41+00:00,MOTOR-001,88.11,3.32,15.88,1393.3,229.0,4.21,alarm,motor_overload,critical
2026-01-15T08:35:42+00:00,MOTOR-001,88.29,3.39,16.0,1392.6,229.2,4.21,alarm,motor_overload,critical
2026-01-15T08:35:43+00:00,MOTOR-001,87.85,3.43,15.77,1395.4,229.6,4.21,alarm,motor_overload,critical
2026-01-15T08:35:44+00:00,MOTOR-001,87.76,3.46,15.55,1398.0,229.8,4.21,alarm,motor_overload,critical
2026-01-15T08:35:45+00:00,MOTOR-001,87.91,3.51,15.69,1398.7,230.3,4.22,alarm,motor_overload,critical
2026-01-15T08:35:46+00:00,MOTOR-001,88.18,3.51,15.55,1403.6,229.3,4.23,alarm,motor_overload,critical
2026-01-15T08:35:47+00:00,MOTOR-001,88.12,3.52,15.59,1400.9,229.9,4.21,alarm,motor_overload,critical
2026-01-15T08:35:48+00:00,MOTOR-001,88.06,3.52,16.0,1398.2,230.7,4.21,alarm,motor_overload,critical
2026-01-15T08:35:49+00:00,MOTOR-001,88.17,3.52,15.8,1396.3,230.6,4.21,alarm,motor_overload,critical
2026-01-15T08:35:50+00:00,MOTOR-001,88.11,3.71,16.17,1393.7,230.6,4.2,alarm,motor_overload,critical
2026-01-15T08:35:51+00:00,MOTOR-001,88.29,3.68,15.71,1391.4,230.1,4.2,alarm,motor_overload,critical
2026-01-15T08:35:52+00:00,MOTOR-001,88.17,3.69,15.53,1392.3,229.5,4.2,alarm,motor_overload,critical
2026-01-15T08:35:53+00:00,MOTOR-001,88.29,3.49,15.52,1390.1,230.6,4.21,alarm,motor_overload,critical
2026-01-15T08:35:54+00:00,MOTOR-001,88.28,3.49,15.8,1392.7,230.2,4.2,alarm,motor_overload,critical
2026-01-15T08:35:55+00:00,MOTOR-001,88.47,3.51,16.01,1394.2,230.3,4.2,alarm,motor_overload,critical
2026-01-15T08:35:56+00:00,MOTOR-001,88.39,3.6,16.45,1394.4,230.0,4.2,alarm,motor_overload,critical
2026-01-15T08:35:57+00:00,MOTOR-001,88.24,3.44,16.0,1393.9,230.3,4.21,alarm,motor_overload,critical
2026-01-15T08:35:58+00:00,MOTOR-001,88.19,3.55,15.8,1393.3,229.5,4.22,alarm,motor_overload,critical
2026-01-15T08:35:59+00:00,MOTOR-001,88.01,3.64,15.79,1394.1,230.0,4.23,alarm,motor_overload,critical
2026-01-15T08:36:00+00:00,MOTOR-001,88.21,3.61,15.53,1395.6,230.1,4.22,alarm,motor_overload,critical
2026-01-15T08:36:01+00:00,MOTOR-001,88.05,3.6,15.69,1394.3,230.3,4.23,alarm,motor_overload,critical
2026-01-15T08:36:02+00:00,MOTOR-001,88.16,3.6,15.37,1390.8,230.2,4.22,alarm,motor_overload,critical
2026-01-15T08:36:03+00:00,MOTOR-001,87.87,3.65,15.34,1389.6,230.9,4.23,alarm,motor_overload,critical
2026-01-15T08:36:04+00:00,MOTOR-001,88.02,3.62,15.69,1393.3,230.0,4.23,alarm,motor_overload,critical
2026-01-15T08:36:05+00:00,MOTOR-001,88.18,3.61,15.75,1392.5,229.3,4.22,alarm,motor_overload,critical
2026-01-15T08:36:06+00:00,MOTOR-001,88.31,3.58,15.88,1392.8,229.4,4.2,alarm,motor_overload,critical
2026-01-15T08:36:07+00:00,MOTOR-001,88.48,3.51,15.99,1393.0,229.9,4.22,alarm,motor_overload,critical
2026-01-15T08:36:08+00:00,MOTOR-001,88.46,3.58,15.78,1391.9,229.6,4.21,alarm,motor_overload,critical
2026-01-15T08:36:09+00:00,MOTOR-001,88.28,3.54,15.77,1393.7,229.9,4.19,alarm,motor_overload,critical
2026-01-15T08:36:10+00:00,MOTOR-001,88.17,3.59,15.92,1392.4,229.8,4.19,alarm,motor_overload,critical
2026-01-15T08:36:11+00:00,MOTOR-001,88.0,3.65,16.2,1392.5,229.1,4.19,alarm,motor_overload,critical
2026-01-15T08:36:12+00:00,MOTOR-001,88.23,3.7,16.58,1394.3,229.4,4.2,alarm,motor_overload,critical
2026-01-15T08:36:13+00:00,MOTOR-001,88.26,3.71,16.18,1394.6,229.6,4.2,alarm,motor_overload,critical
2026-01-15T08:36:14+00:00,MOTOR-001,88.05,3.84,15.98,1394.0,229.7,4.2,alarm,motor_overload,critical
2026-01-15T08:36:15+00:00,MOTOR-001,87.84,3.71,15.73,1392.9,229.4,4.21,alarm,motor_overload,critical
2026-01-15T08:36:16+00:00,MOTOR-001,87.73,3.57,15.78,1392.9,230.3,4.21,alarm,motor_overload,critical
2026-01-15T08:36:17+00:00,MOTOR-001,88.02,3.42,15.57,1393.4,229.6,4.2,alarm,motor_overload,critical
2026-01-15T08:36:18+00:00,MOTOR-001,87.96,3.54,16.04,1396.1,229.8,4.21,alarm,motor_overload,critical
2026-01-15T08:36:19+00:00,MOTOR-001,88.28,3.63,16.04,1395.8,230.0,4.21,alarm,motor_overload,critical
2026-01-15T08:36:20+00:00,MOTOR-001,88.2,3.61,16.17,1394.3,229.5,4.2,alarm,motor_overload,critical
2026-01-15T08:36:21+00:00,MOTOR-001,87.82,3.51,15.72,1396.2,229.5,4.19,alarm,motor_overload,critical
2026-01-15T08:36:22+00:00,MOTOR-001,88.04,3.56,16.24,1396.4,229.4,4.21,alarm,motor_overload,critical
2026-01-15T08:36:23+00:00,MOTOR-001,88.22,3.56,15.7,1394.6,229.7,4.18,alarm,motor_overload,critical
2026-01-15T08:36:24+00:00,MOTOR-001,87.93,3.5,15.86,1397.8,229.8,4.18,alarm,motor_overload,critical
2026-01-15T08:36:25+00:00,MOTOR-001,88.09,3.45,15.6,1402.0,229.6,4.19,alarm,motor_overload,critical
2026-01-15T08:36:26+00:00,MOTOR-001,87.93,3.54,15.93,1397.5,229.6,4.2,alarm,motor_overload,critical
2026-01-15T08:36:27+00:00,MOTOR-001,88.14,3.5,15.86,1397.0,229.8,4.19,alarm,motor_overload,critical
2026-01-15T08:36:28+00:00,MOTOR-001,87.99,3.56,15.96,1394.8,230.0,4.21,alarm,motor_overload,critical
2026-01-15T08:36:29+00:00,MOTOR-001,88.14,3.59,15.75,1394.5,229.7,4.19,alarm,motor_overload,critical
2026-01-15T08:36:30+00:00,MOTOR-001,87.76,3.57,15.35,1394.0,230.6,4.2,alarm,motor_overload,critical
2026-01-15T08:36:31+00:00,MOTOR-001,87.97,3.65,15.84,1396.7,230.7,4.19,alarm,motor_overload,critical
2026-01-15T08:36:32+00:00,MOTOR-001,87.75,3.65,15.87,1394.0,230.5,4.2,alarm,motor_overload,critical
2026-01-15T08:36:33+00:00,MOTOR-001,87.96,3.72,15.64,1398.8,230.1,4.21,alarm,motor_overload,critical
2026-01-15T08:36:34+00:00,MOTOR-001,87.63,3.71,16.03,1399.1,229.9,4.21,alarm,motor_overload,critical
2026-01-15T08:36:35+00:00,MOTOR-001,87.55,3.64,16.26,1392.7,229.4,4.2,alarm,motor_overload,critical
2026-01-15T08:36:36+00:00,MOTOR-001,87.58,3.69,15.97,1395.3,229.7,4.21,alarm,motor_overload,critical
2026-01-15T08:36:37+00:00,MOTOR-001,87.83,3.75,16.08,1398.6,230.2,4.2,alarm,motor_overload,critical
2026-01-15T08:36:38+00:00,MOTOR-001,87.89,3.78,15.91,1396.5,230.3,4.21,alarm,motor_overload,critical
2026-01-15T08:36:39+00:00,MOTOR-001,88.05,3.48,15.89,1395.3,229.4,4.22,alarm,motor_overload,critical
2026-01-15T08:36:40+00:00,MOTOR-001,78.87,2.62,12.5,1439.7,229.6,4.23,running,normal,normal
2026-01-15T08:36:41+00:00,MOTOR-001,72.08,2.14,10.75,1462.1,229.6,4.21,running,normal,normal
2026-01-15T08:36:42+00:00,MOTOR-001,66.98,1.84,9.86,1475.4,229.5,4.22,running,normal,normal
2026-01-15T08:36:43+00:00,MOTOR-001,63.18,1.68,9.46,1479.0,230.1,4.21,running,normal,normal
2026-01-15T08:36:44+00:00,MOTOR-001,60.33,1.53,9.22,1482.6,230.4,4.22,running,normal,normal
2026-01-15T08:36:45+00:00,MOTOR-001,58.15,1.42,9.11,1483.3,231.2,4.24,running,normal,normal
2026-01-15T08:36:46+00:00,MOTOR-001,56.5,1.4,9.07,1484.3,229.3,4.24,running,normal,normal
2026-01-15T08:36:47+00:00,MOTOR-001,55.33,1.46,9.04,1485.0,229.7,4.24,running,normal,normal
2026-01-15T08:36:48+00:00,MOTOR-001,54.52,1.45,8.99,1484.3,228.8,4.23,running,normal,normal
2026-01-15T08:36:49+00:00,MOTOR-001,53.95,1.42,9.03,1485.1,228.9,4.21,running,normal,normal
2026-01-15T08:36:50+00:00,MOTOR-001,53.36,1.46,9.05,1485.1,229.5,4.21,running,normal,normal
2026-01-15T08:36:51+00:00,MOTOR-001,53.0,1.41,9.03,1485.7,229.9,4.19,running,normal,normal
2026-01-15T08:36:52+00:00,MOTOR-001,52.72,1.4,9.0,1486.5,230.0,4.19,running,normal,normal
2026-01-15T08:36:53+00:00,MOTOR-001,52.43,1.37,9.08,1485.3,230.3,4.18,running,normal,normal
2026-01-15T08:36:54+00:00,MOTOR-001,52.3,1.36,9.01,1485.1,230.6,4.2,running,normal,normal
2026-01-15T08:36:55+00:00,MOTOR-001,52.17,1.41,9.09,1485.3,230.0,4.18,running,normal,normal
2026-01-15T08:36:56+00:00,MOTOR-001,52.1,1.45,8.96,1485.2,230.9,4.2,running,normal,normal
2026-01-15T08:36:57+00:00,MOTOR-001,52.0,1.36,8.96,1485.3,231.0,4.21,running,normal,normal
2026-01-15T08:36:58+00:00,MOTOR-001,51.89,1.31,8.99,1484.9,230.0,4.21,running,normal,normal
2026-01-15T08:36:59+00:00,MOTOR-001,51.78,1.3,9.03,1485.5,229.7,4.2,running,normal,normal
2026-01-15T08:37:00+00:00,MOTOR-001,51.85,1.3,9.05,1485.7,230.1,4.19,running,normal,normal
2026-01-15T08:37:01+00:00,MOTOR-001,51.87,1.27,9.02,1484.6,230.0,4.2,running,normal,normal
2026-01-15T08:37:02+00:00,MOTOR-001,51.91,1.21,8.93,1484.7,229.2,4.21,running,normal,normal
2026-01-15T08:37:03+00:00,MOTOR-001,51.98,1.26,8.97,1484.8,230.3,4.21,running,normal,normal
2026-01-15T08:37:04+00:00,MOTOR-001,52.03,1.28,8.93,1483.0,229.3,4.2,running,normal,normal
2026-01-15T08:37:05+00:00,MOTOR-001,52.05,1.28,9.08,1482.9,230.6,4.21,running,normal,normal
2026-01-15T08:37:06+00:00,MOTOR-001,52.12,1.26,9.0,1482.7,230.8,4.2,running,normal,normal
2026-01-15T08:37:07+00:00,MOTOR-001,52.08,1.31,8.96,1483.2,229.9,4.21,running,normal,normal
2026-01-15T08:37:08+00:00,MOTOR-001,52.09,1.24,8.99,1484.0,230.4,4.22,running,normal,normal
2026-01-15T08:37:09+00:00,MOTOR-001,52.21,1.25,8.98,1485.0,230.2,4.22,running,normal,normal
2026-01-15T08:37:10+00:00,MOTOR-001,52.24,1.25,9.0,1484.9,229.8,4.2,running,normal,normal
2026-01-15T08:37:11+00:00,MOTOR-001,52.23,1.34,8.9,1485.7,230.6,4.19,running,normal,normal
2026-01-15T08:37:12+00:00,MOTOR-001,52.31,1.32,8.98,1486.5,230.1,4.2,running,normal,normal
2026-01-15T08:37:13+00:00,MOTOR-001,52.31,1.31,8.92,1485.4,229.4,4.2,running,normal,normal
2026-01-15T08:37:14+00:00,MOTOR-001,52.28,1.33,8.97,1484.9,230.2,4.19,running,normal,normal
2026-01-15T08:37:15+00:00,MOTOR-001,52.23,1.35,8.93,1485.3,230.3,4.19,running,normal,normal
2026-01-15T08:37:16+00:00,MOTOR-001,52.23,1.3,8.87,1483.8,229.6,4.2,running,normal,normal
2026-01-15T08:37:17+00:00,MOTOR-001,52.29,1.38,8.88,1483.7,229.9,4.21,running,normal,normal
2026-01-15T08:37:18+00:00,MOTOR-001,52.37,1.33,8.93,1483.6,229.8,4.21,running,normal,normal
2026-01-15T08:37:19+00:00,MOTOR-001,52.26,1.36,8.94,1484.1,230.0,4.2,running,normal,normal
2026-01-15T08:37:20+00:00,MOTOR-001,52.25,1.31,8.97,1484.0,230.0,4.2,running,normal,normal
2026-01-15T08:37:21+00:00,MOTOR-001,52.43,1.28,8.97,1483.7,230.2,4.21,running,normal,normal
2026-01-15T08:37:22+00:00,MOTOR-001,52.43,1.25,8.92,1484.3,229.3,4.21,running,normal,normal
2026-01-15T08:37:23+00:00,MOTOR-001,52.47,1.31,8.98,1483.4,229.1,4.19,running,normal,normal
2026-01-15T08:37:24+00:00,MOTOR-001,52.52,1.33,8.95,1484.1,229.0,4.19,running,normal,normal
2026-01-15T08:37:25+00:00,MOTOR-001,52.48,1.33,8.96,1484.4,229.1,4.18,running,normal,normal
2026-01-15T08:37:26+00:00,MOTOR-001,52.53,1.34,8.86,1484.0,229.6,4.18,running,normal,normal
2026-01-15T08:37:27+00:00,MOTOR-001,52.53,1.34,8.92,1483.8,230.2,4.17,running,normal,normal
2026-01-15T08:37:28+00:00,MOTOR-001,52.49,1.36,8.88,1482.9,229.9,4.17,running,normal,normal
2026-01-15T08:37:29+00:00,MOTOR-001,52.55,1.34,8.76,1483.0,230.0,4.18,running,normal,normal
2026-01-15T08:37:30+00:00,MOTOR-001,52.55,1.33,8.82,1484.2,230.4,4.19,running,normal,normal
2026-01-15T08:37:31+00:00,MOTOR-001,52.54,1.37,8.88,1484.1,230.2,4.19,running,normal,normal
2026-01-15T08:37:32+00:00,MOTOR-001,52.67,1.34,8.84,1484.0,229.2,4.19,running,normal,normal
2026-01-15T08:37:33+00:00,MOTOR-001,52.54,1.36,8.96,1483.8,229.5,4.21,running,normal,normal
2026-01-15T08:37:34+00:00,MOTOR-001,52.55,1.32,8.98,1484.3,230.1,4.21,running,normal,normal
2026-01-15T08:37:35+00:00,MOTOR-001,52.59,1.39,8.95,1483.5,230.1,4.21,running,normal,normal
2026-01-15T08:37:36+00:00,MOTOR-001,52.62,1.43,8.98,1483.9,229.6,4.2,running,normal,normal
2026-01-15T08:37:37+00:00,MOTOR-001,52.62,1.41,8.94,1482.5,230.4,4.2,running,normal,normal
2026-01-15T08:37:38+00:00,MOTOR-001,52.7,1.37,9.02,1483.8,229.3,4.2,running,normal,normal
2026-01-15T08:37:39+00:00,MOTOR-001,52.61,1.42,9.01,1483.8,229.6,4.2,running,normal,normal
2026-01-15T08:37:40+00:00,MOTOR-001,52.67,1.47,9.01,1484.3,230.8,4.2,running,normal,normal
2026-01-15T08:37:41+00:00,MOTOR-001,52.65,1.47,8.95,1483.7,230.4,4.2,running,normal,normal
2026-01-15T08:37:42+00:00,MOTOR-001,52.75,1.44,8.9,1483.7,229.4,4.21,running,normal,normal
2026-01-15T08:37:43+00:00,MOTOR-001,52.81,1.45,8.89,1484.1,229.8,4.22,running,normal,normal
2026-01-15T08:37:44+00:00,MOTOR-001,52.78,1.51,8.96,1483.6,230.2,4.22,running,normal,normal
2026-01-15T08:37:45+00:00,MOTOR-001,52.77,1.48,8.95,1482.7,230.6,4.22,running,normal,normal
2026-01-15T08:37:46+00:00,MOTOR-001,52.68,1.48,8.96,1482.3,231.1,4.21,running,normal,normal
2026-01-15T08:37:47+00:00,MOTOR-001,52.71,1.52,9.01,1482.2,229.4,4.2,running,normal,normal
2026-01-15T08:37:48+00:00,MOTOR-001,52.65,1.45,8.98,1484.0,229.1,4.21,running,normal,normal
2026-01-15T08:37:49+00:00,MOTOR-001,52.57,1.47,9.04,1482.8,230.3,4.2,running,normal,normal
2026-01-15T08:37:50+00:00,MOTOR-001,52.6,1.47,8.93,1483.4,229.0,4.19,running,normal,normal
2026-01-15T08:37:51+00:00,MOTOR-001,52.76,1.55,8.94,1484.3,229.7,4.19,running,normal,normal
2026-01-15T08:37:52+00:00,MOTOR-001,52.75,1.58,8.96,1484.4,228.6,4.19,running,normal,normal
2026-01-15T08:37:53+00:00,MOTOR-001,52.72,1.58,8.92,1483.1,229.9,4.2,running,normal,normal
2026-01-15T08:37:54+00:00,MOTOR-001,52.68,1.51,8.91,1483.3,230.5,4.2,running,normal,normal
2026-01-15T08:37:55+00:00,MOTOR-001,52.62,1.56,8.83,1483.9,229.8,4.21,running,normal,normal
2026-01-15T08:37:56+00:00,MOTOR-001,52.77,1.56,8.83,1483.7,229.7,4.2,running,normal,normal
2026-01-15T08:37:57+00:00,MOTOR-001,52.77,1.51,8.8,1483.8,229.4,4.2,running,normal,normal
2026-01-15T08:37:58+00:00,MOTOR-001,52.72,1.53,8.89,1483.5,230.2,4.19,running,normal,normal
2026-01-15T08:37:59+00:00,MOTOR-001,52.66,1.54,8.86,1483.2,229.4,4.17,running,normal,normal
2026-01-15T08:38:00+00:00,MOTOR-001,52.69,1.54,8.83,1483.7,230.2,4.18,running,normal,normal
2026-01-15T08:38:01+00:00,MOTOR-001,52.66,1.57,8.89,1483.1,230.4,4.19,running,normal,normal
2026-01-15T08:38:02+00:00,MOTOR-001,52.69,1.61,8.79,1482.6,230.4,4.2,running,normal,normal
2026-01-15T08:38:03+00:00,MOTOR-001,52.62,1.57,8.82,1483.0,229.8,4.2,running,normal,normal
2026-01-15T08:38:04+00:00,MOTOR-001,52.72,1.63,8.88,1483.3,229.1,4.2,running,normal,normal
2026-01-15T08:38:05+00:00,MOTOR-001,52.64,1.63,8.88,1483.4,229.0,4.21,running,normal,normal
2026-01-15T08:38:06+00:00,MOTOR-001,52.57,1.62,8.8,1483.2,229.4,4.22,running,normal,normal
2026-01-15T08:38:07+00:00,MOTOR-001,52.59,1.64,8.78,1482.8,229.6,4.21,running,normal,normal
2026-01-15T08:38:08+00:00,MOTOR-001,52.5,1.62,8.84,1482.0,230.2,4.22,running,normal,normal
2026-01-15T08:38:09+00:00,MOTOR-001,52.52,1.65,8.88,1482.5,229.6,4.22,running,normal,normal
2026-01-15T08:38:10+00:00,MOTOR-001,52.57,1.61,8.8,1483.7,229.5,4.21,running,normal,normal
2026-01-15T08:38:11+00:00,MOTOR-001,52.54,1.66,8.85,1484.3,230.1,4.19,running,normal,normal
2026-01-15T08:38:12+00:00,MOTOR-001,52.55,1.65,8.92,1482.3,230.2,4.2,running,normal,normal
2026-01-15T08:38:13+00:00,MOTOR-001,52.51,1.64,8.86,1483.6,230.9,4.2,running,normal,normal
2026-01-15T08:38:14+00:00,MOTOR-001,52.57,1.66,8.84,1484.2,230.4,4.2,running,normal,normal
2026-01-15T08:38:15+00:00,MOTOR-001,52.64,1.61,8.86,1484.6,230.7,4.2,running,normal,normal
2026-01-15T08:38:16+00:00,MOTOR-001,52.6,1.57,8.85,1484.8,229.4,4.21,running,normal,normal
2026-01-15T08:38:17+00:00,MOTOR-001,52.6,1.56,8.75,1485.5,229.8,4.21,running,normal,normal
2026-01-15T08:38:18+00:00,MOTOR-001,52.7,1.56,8.79,1484.3,230.1,4.22,running,normal,normal
2026-01-15T08:38:19+00:00,MOTOR-001,52.65,1.52,8.75,1484.3,230.5,4.21,running,normal,normal
2026-01-15T08:38:20+00:00,MOTOR-001,52.63,1.54,8.82,1483.7,230.0,4.21,running,normal,normal
2026-01-15T08:38:21+00:00,MOTOR-001,52.61,1.54,8.76,1483.8,230.8,4.19,running,normal,normal
2026-01-15T08:38:22+00:00,MOTOR-001,52.52,1.57,8.72,1483.5,230.3,4.19,running,normal,normal
2026-01-15T08:38:23+00:00,MOTOR-001,52.58,1.6,8.7,1483.8,230.4,4.19,running,normal,normal
2026-01-15T08:38:24+00:00,MOTOR-001,52.57,1.56,8.77,1483.3,230.3,4.22,running,normal,normal
2026-01-15T08:38:25+00:00,MOTOR-001,52.5,1.64,8.83,1483.9,230.6,4.21,running,normal,normal
2026-01-15T08:38:26+00:00,MOTOR-001,52.42,1.54,8.7,1483.1,230.4,4.2,running,normal,normal
2026-01-15T08:38:27+00:00,MOTOR-001,52.43,1.56,8.8,1484.0,231.0,4.21,running,normal,normal
2026-01-15T08:38:28+00:00,MOTOR-001,52.39,1.54,8.75,1483.7,230.1,4.21,running,normal,normal
2026-01-15T08:38:29+00:00,MOTOR-001,52.44,1.53,8.73,1483.1,230.2,4.22,running,normal,normal
2026-01-15T08:38:30+00:00,MOTOR-001,52.41,1.51,8.81,1483.3,229.6,4.22,running,normal,normal
2026-01-15T08:38:31+00:00,MOTOR-001,52.32,1.51,8.76,1484.0,229.5,4.21,running,normal,normal
2026-01-15T08:38:32+00:00,MOTOR-001,52.44,1.55,8.77,1484.0,230.7,4.21,running,normal,normal
2026-01-15T08:38:33+00:00,MOTOR-001,52.48,1.54,8.77,1483.2,230.7,4.22,running,normal,normal
2026-01-15T08:38:34+00:00,MOTOR-001,52.47,1.52,8.76,1482.6,229.7,4.19,running,normal,normal
2026-01-15T08:38:35+00:00,MOTOR-001,52.47,1.51,8.75,1482.2,230.5,4.19,running,normal,normal
2026-01-15T08:38:36+00:00,MOTOR-001,52.39,1.49,8.8,1483.5,229.6,4.19,running,normal,normal
2026-01-15T08:38:37+00:00,MOTOR-001,52.38,1.52,8.75,1484.2,229.6,4.19,running,normal,normal
2026-01-15T08:38:38+00:00,MOTOR-001,52.31,1.5,8.73,1483.1,229.7,4.19,running,normal,normal
2026-01-15T08:38:39+00:00,MOTOR-001,52.17,1.54,8.72,1483.6,230.0,4.19,running,normal,normal
2026-01-15T08:38:40+00:00,MOTOR-001,52.18,1.52,8.74,1483.2,229.9,4.2,running,normal,normal
2026-01-15T08:38:41+00:00,MOTOR-001,52.15,1.51,8.66,1483.4,229.7,4.19,running,normal,normal
2026-01-15T08:38:42+00:00,MOTOR-001,52.22,1.52,8.62,1483.1,229.8,4.19,running,normal,normal
2026-01-15T08:38:43+00:00,MOTOR-001,52.23,1.46,8.65,1483.5,230.2,4.18,running,normal,normal
2026-01-15T08:38:44+00:00,MOTOR-001,52.24,1.48,8.72,1483.1,229.8,4.2,running,normal,normal
2026-01-15T08:38:45+00:00,MOTOR-001,52.18,1.46,8.75,1483.4,230.6,4.21,running,normal,normal
2026-01-15T08:38:46+00:00,MOTOR-001,52.16,1.43,8.67,1482.2,230.8,4.2,running,normal,normal
2026-01-15T08:38:47+00:00,MOTOR-001,52.22,1.44,8.67,1482.5,230.5,4.2,running,normal,normal
2026-01-15T08:38:48+00:00,MOTOR-001,52.22,1.39,8.69,1482.8,230.4,4.19,running,normal,normal
2026-01-15T08:38:49+00:00,MOTOR-001,52.18,1.41,8.73,1483.5,230.0,4.2,running,normal,normal
2026-01-15T08:38:50+00:00,MOTOR-001,52.08,1.35,8.72,1482.6,230.2,4.19,running,normal,normal
2026-01-15T08:38:51+00:00,MOTOR-001,52.14,1.39,8.76,1483.2,229.7,4.19,running,normal,normal
2026-01-15T08:38:52+00:00,MOTOR-001,52.16,1.36,8.73,1482.5,229.7,4.2,running,normal,normal
2026-01-15T08:38:53+00:00,MOTOR-001,52.16,1.33,8.76,1483.0,230.0,4.21,running,normal,normal
2026-01-15T08:38:54+00:00,MOTOR-001,52.05,1.33,8.79,1482.5,228.8,4.22,running,normal,normal
2026-01-15T08:38:55+00:00,MOTOR-001,51.98,1.38,8.67,1482.3,229.4,4.21,running,normal,normal
2026-01-15T08:38:56+00:00,MOTOR-001,51.9,1.37,8.62,1482.8,229.4,4.2,running,normal,normal
2026-01-15T08:38:57+00:00,MOTOR-001,51.99,1.34,8.7,1483.7,229.3,4.2,running,normal,normal
2026-01-15T08:38:58+00:00,MOTOR-001,51.84,1.34,8.72,1483.8,229.5,4.22,running,normal,normal
2026-01-15T08:38:59+00:00,MOTOR-001,51.86,1.31,8.71,1482.1,229.4,4.2,running,normal,normal
2026-01-15T08:39:00+00:00,MOTOR-001,51.8,1.31,8.61,1482.1,230.2,4.18,running,normal,normal
2026-01-15T08:39:01+00:00,MOTOR-001,51.76,1.36,8.61,1483.2,230.8,4.18,running,normal,normal
2026-01-15T08:39:02+00:00,MOTOR-001,51.79,1.34,8.69,1483.6,229.7,4.18,running,normal,normal
2026-01-15T08:39:03+00:00,MOTOR-001,51.68,1.29,8.74,1482.4,230.0,4.18,running,normal,normal
2026-01-15T08:39:04+00:00,MOTOR-001,51.62,1.29,8.76,1482.3,230.1,4.19,running,normal,normal
2026-01-15T08:39:05+00:00,MOTOR-001,51.61,1.34,8.68,1484.2,230.8,4.18,running,normal,normal
2026-01-15T08:39:06+00:00,MOTOR-001,51.67,1.28,8.7,1484.3,230.7,4.18,running,normal,normal
2026-01-15T08:39:07+00:00,MOTOR-001,51.61,1.31,8.76,1484.1,230.1,4.18,running,normal,normal
2026-01-15T08:39:08+00:00,MOTOR-001,51.52,1.31,8.73,1483.3,230.3,4.19,running,normal,normal
2026-01-15T08:39:09+00:00,MOTOR-001,51.63,1.31,8.66,1483.0,230.7,4.19,running,normal,normal
2026-01-15T08:39:10+00:00,MOTOR-001,51.64,1.3,8.69,1482.2,230.9,4.18,running,normal,normal
2026-01-15T08:39:11+00:00,MOTOR-001,51.52,1.27,8.7,1482.0,229.9,4.18,running,normal,normal
2026-01-15T08:39:12+00:00,MOTOR-001,51.61,1.34,8.74,1482.2,230.1,4.2,running,normal,normal
2026-01-15T08:39:13+00:00,MOTOR-001,51.69,1.35,8.68,1483.2,230.1,4.19,running,normal,normal
2026-01-15T08:39:14+00:00,MOTOR-001,51.55,1.34,8.68,1482.2,230.3,4.2,running,normal,normal
2026-01-15T08:39:15+00:00,MOTOR-001,51.64,1.33,8.7,1482.9,230.0,4.2,running,normal,normal
2026-01-15T08:39:16+00:00,MOTOR-001,51.68,1.31,8.76,1481.6,229.8,4.21,running,normal,normal
2026-01-15T08:39:17+00:00,MOTOR-001,51.61,1.32,8.71,1482.1,230.5,4.21,running,normal,normal
2026-01-15T08:39:18+00:00,MOTOR-001,51.62,1.26,8.73,1481.8,230.6,4.21,running,normal,normal
2026-01-15T08:39:19+00:00,MOTOR-001,51.6,1.26,8.68,1482.0,230.6,4.21,running,normal,normal
2026-01-15T08:39:20+00:00,MOTOR-001,51.51,1.22,8.62,1482.5,229.4,4.22,running,normal,normal
2026-01-15T08:39:21+00:00,MOTOR-001,51.56,1.28,8.56,1482.7,229.5,4.21,running,normal,normal
2026-01-15T08:39:22+00:00,MOTOR-001,51.51,1.34,8.58,1482.1,228.5,4.2,running,normal,normal
2026-01-15T08:39:23+00:00,MOTOR-001,51.58,1.32,8.57,1482.8,229.9,4.2,running,normal,normal
2026-01-15T08:39:24+00:00,MOTOR-001,51.51,1.36,8.67,1482.0,230.0,4.21,running,normal,normal
2026-01-15T08:39:25+00:00,MOTOR-001,51.47,1.37,8.67,1482.3,229.9,4.21,running,normal,normal
2026-01-15T08:39:26+00:00,MOTOR-001,51.41,1.34,8.69,1483.2,230.0,4.22,running,normal,normal
2026-01-15T08:39:27+00:00,MOTOR-001,51.24,1.35,8.61,1482.9,230.0,4.21,running,normal,normal
2026-01-15T08:39:28+00:00,MOTOR-001,51.37,1.35,8.61,1483.7,229.8,4.21,running,normal,normal
2026-01-15T08:39:29+00:00,MOTOR-001,51.41,1.36,8.61,1483.4,231.3,4.23,running,normal,normal
2026-01-15T08:39:30+00:00,MOTOR-001,51.2,1.37,8.6,1482.9,229.7,4.22,running,normal,normal
2026-01-15T08:39:31+00:00,MOTOR-001,51.23,1.34,8.6,1484.6,230.0,4.21,running,normal,normal
2026-01-15T08:39:32+00:00,MOTOR-001,51.16,1.31,8.71,1485.1,230.3,4.21,running,normal,normal
2026-01-15T08:39:33+00:00,MOTOR-001,51.09,1.35,8.72,1483.8,230.7,4.21,running,normal,normal
2026-01-15T08:39:34+00:00,MOTOR-001,51.05,1.32,8.61,1483.3,229.5,4.2,running,normal,normal
2026-01-15T08:39:35+00:00,MOTOR-001,51.12,1.32,8.6,1483.1,229.4,4.2,running,normal,normal
2026-01-15T08:39:36+00:00,MOTOR-001,51.1,1.27,8.66,1482.4,229.8,4.2,running,normal,normal
2026-01-15T08:39:37+00:00,MOTOR-001,51.11,1.35,8.64,1482.2,229.5,4.19,running,normal,normal
2026-01-15T08:39:38+00:00,MOTOR-001,51.07,1.39,8.65,1482.6,229.6,4.18,running,normal,normal
2026-01-15T08:39:39+00:00,MOTOR-001,51.05,1.35,8.66,1482.6,229.3,4.19,running,normal,normal
2026-01-15T08:39:40+00:00,MOTOR-001,51.03,1.37,8.73,1482.6,231.1,4.18,running,normal,normal
2026-01-15T08:39:41+00:00,MOTOR-001,51.02,1.33,8.72,1481.9,230.6,4.17,running,normal,normal
2026-01-15T08:39:42+00:00,MOTOR-001,51.04,1.37,8.68,1483.2,230.0,4.18,running,normal,normal
2026-01-15T08:39:43+00:00,MOTOR-001,50.92,1.39,8.57,1483.5,230.4,4.19,running,normal,normal
2026-01-15T08:39:44+00:00,MOTOR-001,50.91,1.44,8.6,1482.6,230.2,4.19,running,normal,normal
2026-01-15T08:39:45+00:00,MOTOR-001,50.87,1.4,8.59,1482.7,230.4,4.19,running,normal,normal
2026-01-15T08:39:46+00:00,MOTOR-001,50.91,1.36,8.63,1482.8,230.3,4.2,running,normal,normal
2026-01-15T08:39:47+00:00,MOTOR-001,50.88,1.42,8.66,1483.1,230.0,4.19,running,normal,normal
2026-01-15T08:39:48+00:00,MOTOR-001,50.94,1.38,8.57,1482.5,229.7,4.2,running,normal,normal
2026-01-15T08:39:49+00:00,MOTOR-001,51.0,1.42,8.61,1482.9,229.6,4.19,running,normal,normal
2026-01-15T08:39:50+00:00,MOTOR-001,50.96,1.42,8.58,1482.9,229.3,4.2,running,normal,normal
2026-01-15T08:39:51+00:00,MOTOR-001,50.94,1.41,8.65,1483.2,229.5,4.2,running,normal,normal
2026-01-15T08:39:52+00:00,MOTOR-001,50.86,1.43,8.63,1482.4,229.2,4.2,running,normal,normal
2026-01-15T08:39:53+00:00,MOTOR-001,50.81,1.42,8.61,1481.1,230.1,4.19,running,normal,normal
2026-01-15T08:39:54+00:00,MOTOR-001,50.78,1.47,8.66,1482.4,230.0,4.2,running,normal,normal
2026-01-15T08:39:55+00:00,MOTOR-001,50.73,1.51,8.69,1482.2,230.1,4.21,running,normal,normal
2026-01-15T08:39:56+00:00,MOTOR-001,50.8,1.55,8.68,1482.8,229.7,4.21,running,normal,normal
2026-01-15T08:39:57+00:00,MOTOR-001,50.73,1.52,8.61,1483.1,229.3,4.22,running,normal,normal
2026-01-15T08:39:58+00:00,MOTOR-001,50.77,1.59,8.61,1483.2,229.0,4.2,running,normal,normal
2026-01-15T08:39:59+00:00,MOTOR-001,50.73,1.64,8.58,1483.4,229.3,4.2,running,normal,normal
2026-01-15T08:40:00+00:00,MOTOR-001,53.46,5.63,9.38,1483.3,229.6,4.2,warning,excessive_vibration,high
2026-01-15T08:40:01+00:00,MOTOR-001,55.62,8.11,9.85,1482.5,230.0,4.21,warning,excessive_vibration,critical
2026-01-15T08:40:02+00:00,MOTOR-001,57.15,9.65,9.88,1482.7,230.6,4.21,warning,excessive_vibration,critical
2026-01-15T08:40:03+00:00,MOTOR-001,58.01,9.81,10.09,1482.4,231.2,4.21,warning,excessive_vibration,critical
2026-01-15T08:40:04+00:00,MOTOR-001,59.27,10.36,10.17,1481.4,230.4,4.21,warning,excessive_vibration,critical
2026-01-15T08:40:05+00:00,MOTOR-001,60.06,10.59,10.22,1482.0,231.0,4.21,warning,excessive_vibration,critical
2026-01-15T08:40:06+00:00,MOTOR-001,60.53,10.76,9.93,1483.4,230.4,4.2,warning,excessive_vibration,critical
2026-01-15T08:40:07+00:00,MOTOR-001,60.96,11.29,10.03,1483.5,229.6,4.21,warning,excessive_vibration,critical
2026-01-15T08:40:08+00:00,MOTOR-001,61.22,10.75,10.1,1484.2,229.7,4.21,warning,excessive_vibration,critical
2026-01-15T08:40:09+00:00,MOTOR-001,61.43,11.2,10.12,1484.8,229.6,4.2,warning,excessive_vibration,critical
2026-01-15T08:40:10+00:00,MOTOR-001,61.47,11.63,10.21,1485.0,228.8,4.19,warning,excessive_vibration,critical
2026-01-15T08:40:11+00:00,MOTOR-001,61.7,11.62,9.97,1483.6,229.1,4.19,warning,excessive_vibration,critical
2026-01-15T08:40:12+00:00,MOTOR-001,61.75,11.23,10.03,1483.9,230.7,4.19,warning,excessive_vibration,critical
2026-01-15T08:40:13+00:00,MOTOR-001,61.83,11.2,10.15,1482.7,229.2,4.2,warning,excessive_vibration,critical
2026-01-15T08:40:14+00:00,MOTOR-001,61.9,11.26,9.89,1483.1,229.0,4.21,warning,excessive_vibration,critical
2026-01-15T08:40:15+00:00,MOTOR-001,62.05,11.47,10.01,1483.2,229.4,4.21,warning,excessive_vibration,critical
2026-01-15T08:40:16+00:00,MOTOR-001,62.03,11.64,10.03,1483.2,229.9,4.21,warning,excessive_vibration,critical
2026-01-15T08:40:17+00:00,MOTOR-001,62.0,11.14,10.12,1483.6,230.1,4.21,warning,excessive_vibration,critical
2026-01-15T08:40:18+00:00,MOTOR-001,62.0,11.5,10.12,1483.5,230.1,4.21,warning,excessive_vibration,critical
2026-01-15T08:40:19+00:00,MOTOR-001,61.92,11.39,9.96,1483.5,230.3,4.22,warning,excessive_vibration,critical
2026-01-15T08:40:20+00:00,MOTOR-001,61.95,11.48,9.95,1484.2,231.3,4.21,warning,excessive_vibration,critical
2026-01-15T08:40:21+00:00,MOTOR-001,61.93,11.0,9.86,1482.4,230.6,4.21,warning,excessive_vibration,critical
2026-01-15T08:40:22+00:00,MOTOR-001,62.17,10.82,10.26,1482.5,229.5,4.2,warning,excessive_vibration,critical
2026-01-15T08:40:23+00:00,MOTOR-001,62.04,11.06,10.34,1482.5,229.8,4.2,warning,excessive_vibration,critical
2026-01-15T08:40:24+00:00,MOTOR-001,62.07,11.47,10.01,1482.6,230.1,4.2,warning,excessive_vibration,critical
2026-01-15T08:40:25+00:00,MOTOR-001,62.05,11.52,9.89,1482.6,229.5,4.2,warning,excessive_vibration,critical
2026-01-15T08:40:26+00:00,MOTOR-001,62.01,11.66,10.0,1483.0,229.7,4.22,warning,excessive_vibration,critical
2026-01-15T08:40:27+00:00,MOTOR-001,61.93,11.34,9.91,1482.6,230.9,4.21,warning,excessive_vibration,critical
2026-01-15T08:40:28+00:00,MOTOR-001,62.0,11.61,9.9,1483.2,230.6,4.21,warning,excessive_vibration,critical
2026-01-15T08:40:29+00:00,MOTOR-001,61.91,11.17,9.86,1482.0,230.2,4.2,warning,excessive_vibration,critical
2026-01-15T08:40:30+00:00,MOTOR-001,61.9,11.38,10.01,1482.6,229.5,4.2,warning,excessive_vibration,critical
2026-01-15T08:40:31+00:00,MOTOR-001,62.25,11.95,10.11,1482.8,229.6,4.19,warning,excessive_vibration,critical
2026-01-15T08:40:32+00:00,MOTOR-001,62.05,11.41,10.08,1483.4,230.0,4.17,warning,excessive_vibration,critical
2026-01-15T08:40:33+00:00,MOTOR-001,61.85,11.37,9.98,1483.9,228.7,4.18,warning,excessive_vibration,critical
2026-01-15T08:40:34+00:00,MOTOR-001,61.78,11.42,10.05,1483.8,230.0,4.19,warning,excessive_vibration,critical
2026-01-15T08:40:35+00:00,MOTOR-001,61.95,12.05,10.19,1483.5,229.2,4.2,warning,excessive_vibration,critical
2026-01-15T08:40:36+00:00,MOTOR-001,61.86,11.44,10.12,1483.8,229.5,4.2,warning,excessive_vibration,critical
2026-01-15T08:40:37+00:00,MOTOR-001,62.04,11.1,10.05,1484.2,228.9,4.21,warning,excessive_vibration,critical
2026-01-15T08:40:38+00:00,MOTOR-001,62.04,11.28,10.01,1484.2,228.2,4.22,warning,excessive_vibration,critical
2026-01-15T08:40:39+00:00,MOTOR-001,62.19,10.86,10.1,1484.7,229.3,4.21,warning,excessive_vibration,critical
2026-01-15T08:40:40+00:00,MOTOR-001,62.3,10.85,10.13,1484.9,229.2,4.21,warning,excessive_vibration,critical
2026-01-15T08:40:41+00:00,MOTOR-001,62.21,11.5,9.92,1482.9,230.0,4.19,warning,excessive_vibration,critical
2026-01-15T08:40:42+00:00,MOTOR-001,62.29,11.93,10.22,1484.0,229.8,4.19,warning,excessive_vibration,critical
2026-01-15T08:40:43+00:00,MOTOR-001,62.14,11.46,10.08,1484.3,229.5,4.2,warning,excessive_vibration,critical
2026-01-15T08:40:44+00:00,MOTOR-001,61.99,11.49,10.08,1483.6,229.7,4.2,warning,excessive_vibration,critical
2026-01-15T08:40:45+00:00,MOTOR-001,62.07,10.99,10.06,1483.9,230.2,4.21,warning,excessive_vibration,critical
2026-01-15T08:40:46+00:00,MOTOR-001,62.05,11.15,9.98,1484.1,230.2,4.21,warning,excessive_vibration,critical
2026-01-15T08:40:47+00:00,MOTOR-001,62.12,11.09,10.03,1483.6,230.0,4.22,warning,excessive_vibration,critical
2026-01-15T08:40:48+00:00,MOTOR-001,62.08,10.81,10.02,1484.3,229.7,4.21,warning,excessive_vibration,critical
2026-01-15T08:40:49+00:00,MOTOR-001,61.92,10.64,10.18,1484.2,230.6,4.21,warning,excessive_vibration,critical
2026-01-15T08:40:50+00:00,MOTOR-001,62.14,10.4,10.25,1485.1,228.8,4.2,warning,excessive_vibration,critical
2026-01-15T08:40:51+00:00,MOTOR-001,62.03,10.55,10.13,1484.6,229.8,4.21,warning,excessive_vibration,critical
2026-01-15T08:40:52+00:00,MOTOR-001,62.27,10.8,9.99,1484.0,229.6,4.21,warning,excessive_vibration,critical
2026-01-15T08:40:53+00:00,MOTOR-001,62.23,11.51,10.06,1483.8,228.9,4.19,warning,excessive_vibration,critical
2026-01-15T08:40:54+00:00,MOTOR-001,62.14,11.5,10.09,1484.2,228.8,4.18,warning,excessive_vibration,critical
2026-01-15T08:40:55+00:00,MOTOR-001,61.97,11.65,10.09,1483.8,229.6,4.19,warning,excessive_vibration,critical
2026-01-15T08:40:56+00:00,MOTOR-001,61.99,10.98,10.25,1484.4,230.4,4.2,warning,excessive_vibration,critical
2026-01-15T08:40:57+00:00,MOTOR-001,61.84,11.06,10.06,1484.2,230.0,4.2,warning,excessive_vibration,critical
2026-01-15T08:40:58+00:00,MOTOR-001,61.9,11.2,10.18,1484.6,230.2,4.2,warning,excessive_vibration,critical
2026-01-15T08:40:59+00:00,MOTOR-001,61.92,10.72,10.13,1485.0,229.8,4.19,warning,excessive_vibration,critical
2026-01-15T08:41:00+00:00,MOTOR-001,61.93,10.97,10.13,1483.5,228.8,4.2,warning,excessive_vibration,critical
2026-01-15T08:41:01+00:00,MOTOR-001,61.79,10.54,9.86,1484.5,230.4,4.19,warning,excessive_vibration,critical
2026-01-15T08:41:02+00:00,MOTOR-001,61.98,10.53,10.02,1484.5,230.0,4.2,warning,excessive_vibration,critical
2026-01-15T08:41:03+00:00,MOTOR-001,62.15,10.54,9.94,1483.4,229.8,4.2,warning,excessive_vibration,critical
2026-01-15T08:41:04+00:00,MOTOR-001,62.17,11.18,10.17,1483.0,229.7,4.21,warning,excessive_vibration,critical
2026-01-15T08:41:05+00:00,MOTOR-001,62.06,10.9,9.95,1485.4,230.2,4.2,warning,excessive_vibration,critical
2026-01-15T08:41:06+00:00,MOTOR-001,62.05,10.63,10.09,1484.9,229.9,4.19,warning,excessive_vibration,critical
2026-01-15T08:41:07+00:00,MOTOR-001,61.85,11.05,10.08,1484.5,229.0,4.2,warning,excessive_vibration,critical
2026-01-15T08:41:08+00:00,MOTOR-001,62.03,10.6,10.3,1484.4,229.9,4.2,warning,excessive_vibration,critical
2026-01-15T08:41:09+00:00,MOTOR-001,61.88,10.43,10.05,1484.9,230.7,4.19,warning,excessive_vibration,critical
2026-01-15T08:41:10+00:00,MOTOR-001,61.77,11.13,9.99,1484.0,230.3,4.2,warning,excessive_vibration,critical
2026-01-15T08:41:11+00:00,MOTOR-001,61.84,11.24,9.95,1484.1,230.4,4.2,warning,excessive_vibration,critical
2026-01-15T08:41:12+00:00,MOTOR-001,61.93,10.9,9.82,1484.5,230.1,4.19,warning,excessive_vibration,critical
2026-01-15T08:41:13+00:00,MOTOR-001,61.94,10.86,9.88,1483.9,230.8,4.2,warning,excessive_vibration,critical
2026-01-15T08:41:14+00:00,MOTOR-001,61.87,10.91,10.06,1483.3,229.2,4.21,warning,excessive_vibration,critical
2026-01-15T08:41:15+00:00,MOTOR-001,61.85,11.13,10.1,1483.6,229.6,4.2,warning,excessive_vibration,critical
2026-01-15T08:41:16+00:00,MOTOR-001,61.91,11.4,9.99,1483.9,229.7,4.2,warning,excessive_vibration,critical
2026-01-15T08:41:17+00:00,MOTOR-001,61.62,11.03,10.02,1483.9,230.1,4.2,warning,excessive_vibration,critical
2026-01-15T08:41:18+00:00,MOTOR-001,61.77,11.28,10.07,1484.2,229.7,4.21,warning,excessive_vibration,critical
2026-01-15T08:41:19+00:00,MOTOR-001,61.85,11.24,9.93,1484.3,229.3,4.22,warning,excessive_vibration,critical
2026-01-15T08:41:20+00:00,MOTOR-001,61.95,10.74,10.08,1484.7,230.0,4.22,warning,excessive_vibration,critical
2026-01-15T08:41:21+00:00,MOTOR-001,61.86,10.82,10.1,1484.6,230.2,4.2,warning,excessive_vibration,critical
2026-01-15T08:41:22+00:00,MOTOR-001,61.9,11.25,10.13,1484.3,229.7,4.2,warning,excessive_vibration,critical
2026-01-15T08:41:23+00:00,MOTOR-001,62.01,11.45,10.14,1484.5,230.4,4.22,warning,excessive_vibration,critical
2026-01-15T08:41:24+00:00,MOTOR-001,61.97,11.42,10.24,1484.9,230.6,4.22,warning,excessive_vibration,critical
2026-01-15T08:41:25+00:00,MOTOR-001,61.97,11.96,10.07,1484.6,230.1,4.21,warning,excessive_vibration,critical
2026-01-15T08:41:26+00:00,MOTOR-001,61.79,11.62,10.1,1483.6,230.1,4.2,warning,excessive_vibration,critical
2026-01-15T08:41:27+00:00,MOTOR-001,61.76,11.38,10.17,1483.2,229.7,4.21,warning,excessive_vibration,critical
2026-01-15T08:41:28+00:00,MOTOR-001,61.9,11.28,10.02,1484.7,229.6,4.22,warning,excessive_vibration,critical
2026-01-15T08:41:29+00:00,MOTOR-001,61.82,11.19,10.12,1484.4,229.9,4.21,warning,excessive_vibration,critical
2026-01-15T08:41:30+00:00,MOTOR-001,61.97,11.22,10.14,1485.1,230.2,4.2,warning,excessive_vibration,critical
2026-01-15T08:41:31+00:00,MOTOR-001,61.99,10.86,9.98,1484.9,229.2,4.21,warning,excessive_vibration,critical
2026-01-15T08:41:32+00:00,MOTOR-001,62.04,10.83,10.1,1485.6,230.2,4.22,warning,excessive_vibration,critical
2026-01-15T08:41:33+00:00,MOTOR-001,62.22,11.15,10.15,1485.3,230.3,4.2,warning,excessive_vibration,critical
2026-01-15T08:41:34+00:00,MOTOR-001,62.25,11.05,10.11,1485.5,230.7,4.2,warning,excessive_vibration,critical
2026-01-15T08:41:35+00:00,MOTOR-001,62.25,10.95,9.91,1485.2,230.1,4.18,warning,excessive_vibration,critical
2026-01-15T08:41:36+00:00,MOTOR-001,62.09,11.15,9.8,1484.7,230.5,4.18,warning,excessive_vibration,critical
2026-01-15T08:41:37+00:00,MOTOR-001,62.12,11.74,9.9,1485.2,231.0,4.2,warning,excessive_vibration,critical
2026-01-15T08:41:38+00:00,MOTOR-001,62.11,11.55,9.99,1485.3,229.2,4.21,warning,excessive_vibration,critical
2026-01-15T08:41:39+00:00,MOTOR-001,61.89,11.15,9.82,1484.9,229.8,4.21,warning,excessive_vibration,critical
2026-01-15T08:41:40+00:00,MOTOR-001,61.88,11.49,9.96,1485.7,230.4,4.22,warning,excessive_vibration,critical
2026-01-15T08:41:41+00:00,MOTOR-001,61.87,11.6,9.93,1484.8,230.5,4.24,warning,excessive_vibration,critical
2026-01-15T08:41:42+00:00,MOTOR-001,61.81,11.67,9.92,1485.1,230.0,4.23,warning,excessive_vibration,critical
2026-01-15T08:41:43+00:00,MOTOR-001,61.85,11.55,9.88,1484.9,229.4,4.24,warning,excessive_vibration,critical
2026-01-15T08:41:44+00:00,MOTOR-001,62.05,11.49,10.0,1483.0,229.8,4.21,warning,excessive_vibration,critical
2026-01-15T08:41:45+00:00,MOTOR-001,61.94,11.79,10.19,1484.4,229.4,4.21,warning,excessive_vibration,critical
2026-01-15T08:41:46+00:00,MOTOR-001,62.03,11.75,10.16,1484.8,229.7,4.22,warning,excessive_vibration,critical
2026-01-15T08:41:47+00:00,MOTOR-001,61.82,11.59,10.21,1485.2,229.9,4.21,warning,excessive_vibration,critical
2026-01-15T08:41:48+00:00,MOTOR-001,61.82,11.31,10.23,1485.0,230.2,4.2,warning,excessive_vibration,critical
2026-01-15T08:41:49+00:00,MOTOR-001,61.93,11.1,10.18,1484.2,230.1,4.19,warning,excessive_vibration,critical
2026-01-15T08:41:50+00:00,MOTOR-001,61.86,11.11,10.15,1485.6,229.8,4.2,warning,excessive_vibration,critical
2026-01-15T08:41:51+00:00,MOTOR-001,61.85,10.72,10.12,1485.1,229.7,4.21,warning,excessive_vibration,critical
2026-01-15T08:41:52+00:00,MOTOR-001,61.93,10.61,10.02,1484.1,229.1,4.22,warning,excessive_vibration,critical
2026-01-15T08:41:53+00:00,MOTOR-001,62.13,11.1,10.18,1484.8,230.1,4.21,warning,excessive_vibration,critical
2026-01-15T08:41:54+00:00,MOTOR-001,62.14,10.69,10.38,1484.3,229.1,4.2,warning,excessive_vibration,critical
2026-01-15T08:41:55+00:00,MOTOR-001,62.04,11.18,10.43,1484.7,230.2,4.2,warning,excessive_vibration,critical
2026-01-15T08:41:56+00:00,MOTOR-001,61.97,11.67,10.39,1484.3,230.4,4.2,warning,excessive_vibration,critical
2026-01-15T08:41:57+00:00,MOTOR-001,61.85,11.41,10.24,1484.7,230.0,4.19,warning,excessive_vibration,critical
2026-01-15T08:41:58+00:00,MOTOR-001,61.84,11.13,9.99,1485.3,230.0,4.19,warning,excessive_vibration,critical
2026-01-15T08:41:59+00:00,MOTOR-001,61.78,11.28,10.11,1485.7,230.5,4.2,warning,excessive_vibration,critical
2026-01-15T08:42:00+00:00,MOTOR-001,61.87,10.93,10.22,1485.5,228.9,4.2,warning,excessive_vibration,critical
2026-01-15T08:42:01+00:00,MOTOR-001,61.83,10.8,10.32,1485.2,229.2,4.21,warning,excessive_vibration,critical
2026-01-15T08:42:02+00:00,MOTOR-001,61.9,10.6,10.27,1485.1,229.1,4.2,warning,excessive_vibration,critical
2026-01-15T08:42:03+00:00,MOTOR-001,62.03,10.75,10.1,1485.5,230.2,4.19,warning,excessive_vibration,critical
2026-01-15T08:42:04+00:00,MOTOR-001,61.85,11.12,10.04,1484.5,230.5,4.19,warning,excessive_vibration,critical
2026-01-15T08:42:05+00:00,MOTOR-001,61.96,11.11,9.91,1485.2,229.7,4.2,warning,excessive_vibration,critical
2026-01-15T08:42:06+00:00,MOTOR-001,61.94,11.0,9.97,1485.3,229.7,4.2,warning,excessive_vibration,critical
2026-01-15T08:42:07+00:00,MOTOR-001,62.01,10.99,10.07,1485.3,229.7,4.2,warning,excessive_vibration,critical
2026-01-15T08:42:08+00:00,MOTOR-001,62.12,10.68,10.18,1485.2,230.2,4.18,warning,excessive_vibration,critical
2026-01-15T08:42:09+00:00,MOTOR-001,62.03,10.79,10.31,1485.3,229.1,4.18,warning,excessive_vibration,critical
2026-01-15T08:42:10+00:00,MOTOR-001,61.87,10.63,10.11,1486.1,228.9,4.18,warning,excessive_vibration,critical
2026-01-15T08:42:11+00:00,MOTOR-001,61.69,10.64,10.24,1485.4,229.8,4.19,warning,excessive_vibration,critical
2026-01-15T08:42:12+00:00,MOTOR-001,61.76,10.87,10.21,1485.8,229.9,4.19,warning,excessive_vibration,critical
2026-01-15T08:42:13+00:00,MOTOR-001,61.83,11.18,10.11,1485.9,230.6,4.2,warning,excessive_vibration,critical
2026-01-15T08:42:14+00:00,MOTOR-001,61.97,11.39,10.2,1485.7,231.3,4.19,warning,excessive_vibration,critical
2026-01-15T08:42:15+00:00,MOTOR-001,61.91,11.57,10.22,1485.5,229.6,4.22,warning,excessive_vibration,critical
2026-01-15T08:42:16+00:00,MOTOR-001,62.09,11.53,10.23,1485.5,229.5,4.21,warning,excessive_vibration,critical
2026-01-15T08:42:17+00:00,MOTOR-001,62.07,11.26,10.15,1485.3,229.5,4.21,warning,excessive_vibration,critical
2026-01-15T08:42:18+00:00,MOTOR-001,61.93,11.27,10.17,1485.7,229.6,4.21,warning,excessive_vibration,critical
2026-01-15T08:42:19+00:00,MOTOR-001,61.93,11.36,10.02,1485.7,230.1,4.19,warning,excessive_vibration,critical
2026-01-15T08:42:20+00:00,MOTOR-001,62.03,11.19,10.2,1485.9,230.1,4.2,warning,excessive_vibration,critical
2026-01-15T08:42:21+00:00,MOTOR-001,62.02,11.17,10.34,1485.5,230.4,4.19,warning,excessive_vibration,critical
2026-01-15T08:42:22+00:00,MOTOR-001,61.95,11.14,10.29,1486.0,230.6,4.21,warning,excessive_vibration,critical
2026-01-15T08:42:23+00:00,MOTOR-001,61.96,10.67,10.09,1485.9,230.7,4.21,warning,excessive_vibration,critical
2026-01-15T08:42:24+00:00,MOTOR-001,62.0,10.75,10.15,1485.8,230.8,4.2,warning,excessive_vibration,critical
2026-01-15T08:42:25+00:00,MOTOR-001,62.15,10.88,10.11,1485.6,230.1,4.18,warning,excessive_vibration,critical
2026-01-15T08:42:26+00:00,MOTOR-001,62.16,10.34,10.13,1486.2,229.5,4.2,warning,excessive_vibration,critical
2026-01-15T08:42:27+00:00,MOTOR-001,62.24,10.33,10.14,1485.9,229.8,4.21,warning,excessive_vibration,critical
2026-01-15T08:42:28+00:00,MOTOR-001,62.3,10.6,10.23,1486.9,229.4,4.19,warning,excessive_vibration,critical
2026-01-15T08:42:29+00:00,MOTOR-001,62.06,10.76,10.05,1485.8,230.0,4.19,warning,excessive_vibration,critical
2026-01-15T08:42:30+00:00,MOTOR-001,62.14,10.97,10.2,1486.1,229.8,4.18,warning,excessive_vibration,critical
2026-01-15T08:42:31+00:00,MOTOR-001,62.09,11.3,10.13,1486.1,229.8,4.18,warning,excessive_vibration,critical
2026-01-15T08:42:32+00:00,MOTOR-001,62.02,11.01,10.11,1485.8,230.0,4.18,warning,excessive_vibration,critical
2026-01-15T08:42:33+00:00,MOTOR-001,62.06,11.39,10.31,1485.7,230.3,4.17,warning,excessive_vibration,critical
2026-01-15T08:42:34+00:00,MOTOR-001,62.03,10.99,10.29,1486.4,229.8,4.18,warning,excessive_vibration,critical
2026-01-15T08:42:35+00:00,MOTOR-001,62.12,11.0,10.24,1486.3,229.8,4.19,warning,excessive_vibration,critical
2026-01-15T08:42:36+00:00,MOTOR-001,62.03,10.7,10.21,1485.3,229.3,4.18,warning,excessive_vibration,critical
2026-01-15T08:42:37+00:00,MOTOR-001,62.06,10.93,10.08,1485.6,229.6,4.18,warning,excessive_vibration,critical
2026-01-15T08:42:38+00:00,MOTOR-001,61.92,10.67,10.19,1484.6,229.3,4.19,warning,excessive_vibration,critical
2026-01-15T08:42:39+00:00,MOTOR-001,61.91,11.28,10.13,1485.0,229.4,4.2,warning,excessive_vibration,critical
2026-01-15T08:42:40+00:00,MOTOR-001,61.88,11.24,10.09,1484.5,229.3,4.2,warning,excessive_vibration,critical
2026-01-15T08:42:41+00:00,MOTOR-001,61.92,11.08,10.16,1485.3,229.1,4.22,warning,excessive_vibration,critical
2026-01-15T08:42:42+00:00,MOTOR-001,61.96,10.81,10.08,1484.9,229.1,4.2,warning,excessive_vibration,critical
2026-01-15T08:42:43+00:00,MOTOR-001,62.06,10.77,10.23,1486.4,229.5,4.2,warning,excessive_vibration,critical
2026-01-15T08:42:44+00:00,MOTOR-001,62.02,10.92,10.19,1485.8,229.7,4.21,warning,excessive_vibration,critical
2026-01-15T08:42:45+00:00,MOTOR-001,62.3,10.33,10.05,1486.1,229.9,4.21,warning,excessive_vibration,critical
2026-01-15T08:42:46+00:00,MOTOR-001,62.28,10.95,10.09,1487.1,229.6,4.2,warning,excessive_vibration,critical
2026-01-15T08:42:47+00:00,MOTOR-001,62.21,10.95,10.17,1487.0,229.8,4.2,warning,excessive_vibration,critical
2026-01-15T08:42:48+00:00,MOTOR-001,62.18,11.14,9.98,1487.6,230.2,4.19,warning,excessive_vibration,critical
2026-01-15T08:42:49+00:00,MOTOR-001,62.11,11.18,10.12,1485.7,230.3,4.2,warning,excessive_vibration,critical
2026-01-15T08:42:50+00:00,MOTOR-001,62.04,11.3,10.09,1485.4,230.6,4.19,warning,excessive_vibration,critical
2026-01-15T08:42:51+00:00,MOTOR-001,62.03,11.16,10.33,1485.0,229.4,4.19,warning,excessive_vibration,critical
2026-01-15T08:42:52+00:00,MOTOR-001,62.06,11.73,10.27,1485.9,230.1,4.2,warning,excessive_vibration,critical
2026-01-15T08:42:53+00:00,MOTOR-001,62.09,11.58,10.22,1487.2,229.3,4.21,warning,excessive_vibration,critical
2026-01-15T08:42:54+00:00,MOTOR-001,62.06,11.12,10.37,1485.9,230.2,4.19,warning,excessive_vibration,critical
2026-01-15T08:42:55+00:00,MOTOR-001,62.06,10.99,10.16,1485.5,229.9,4.18,warning,excessive_vibration,critical
2026-01-15T08:42:56+00:00,MOTOR-001,62.1,11.51,10.01,1486.2,230.4,4.19,warning,excessive_vibration,critical
2026-01-15T08:42:57+00:00,MOTOR-001,62.11,11.43,9.92,1486.5,230.2,4.21,warning,excessive_vibration,critical
2026-01-15T08:42:58+00:00,MOTOR-001,61.98,11.44,10.19,1486.8,230.4,4.2,warning,excessive_vibration,critical
2026-01-15T08:42:59+00:00,MOTOR-001,62.13,11.34,10.21,1485.4,230.0,4.2,warning,excessive_vibration,critical
2026-01-15T08:43:00+00:00,MOTOR-001,62.29,11.24,10.17,1485.4,229.8,4.19,warning,excessive_vibration,critical
2026-01-15T08:43:01+00:00,MOTOR-001,62.32,11.03,9.98,1485.8,230.2,4.2,warning,excessive_vibration,critical
2026-01-15T08:43:02+00:00,MOTOR-001,62.36,11.02,10.13,1486.8,231.2,4.2,warning,excessive_vibration,critical
2026-01-15T08:43:03+00:00,MOTOR-001,62.33,11.24,10.23,1486.0,231.1,4.19,warning,excessive_vibration,critical
2026-01-15T08:43:04+00:00,MOTOR-001,62.33,11.33,10.09,1485.8,231.4,4.19,warning,excessive_vibration,critical
2026-01-15T08:43:05+00:00,MOTOR-001,62.4,11.28,10.07,1485.9,230.0,4.18,warning,excessive_vibration,critical
2026-01-15T08:43:06+00:00,MOTOR-001,62.4,10.78,10.12,1486.0,230.5,4.19,warning,excessive_vibration,critical
2026-01-15T08:43:07+00:00,MOTOR-001,62.16,11.01,10.28,1485.5,229.9,4.17,warning,excessive_vibration,critical
2026-01-15T08:43:08+00:00,MOTOR-001,62.22,10.75,10.26,1486.8,229.7,4.19,warning,excessive_vibration,critical
2026-01-15T08:43:09+00:00,MOTOR-001,62.37,11.46,9.97,1487.3,229.6,4.2,warning,excessive_vibration,critical
2026-01-15T08:43:10+00:00,MOTOR-001,62.31,11.69,10.0,1486.6,230.4,4.19,warning,excessive_vibration,critical
2026-01-15T08:43:11+00:00,MOTOR-001,62.44,11.2,10.13,1485.9,230.5,4.19,warning,excessive_vibration,critical
2026-01-15T08:43:12+00:00,MOTOR-001,62.35,11.41,9.92,1486.9,231.3,4.2,warning,excessive_vibration,critical
2026-01-15T08:43:13+00:00,MOTOR-001,62.28,11.76,9.99,1487.1,231.3,4.22,warning,excessive_vibration,critical
2026-01-15T08:43:14+00:00,MOTOR-001,62.21,11.77,10.16,1487.3,230.2,4.2,warning,excessive_vibration,critical
2026-01-15T08:43:15+00:00,MOTOR-001,62.13,11.21,10.06,1486.2,229.3,4.21,warning,excessive_vibration,critical
2026-01-15T08:43:16+00:00,MOTOR-001,61.99,11.06,10.07,1485.7,230.1,4.22,warning,excessive_vibration,critical
2026-01-15T08:43:17+00:00,MOTOR-001,62.16,10.47,10.23,1485.8,230.2,4.22,warning,excessive_vibration,critical
2026-01-15T08:43:18+00:00,MOTOR-001,62.01,10.8,10.29,1486.0,230.3,4.22,warning,excessive_vibration,critical
2026-01-15T08:43:19+00:00,MOTOR-001,61.94,10.8,10.31,1485.9,229.8,4.22,warning,excessive_vibration,critical
2026-01-15T08:43:20+00:00,MOTOR-001,61.99,10.73,10.29,1485.4,231.3,4.22,warning,excessive_vibration,critical
2026-01-15T08:43:21+00:00,MOTOR-001,61.97,10.99,10.07,1486.6,230.3,4.21,warning,excessive_vibration,critical
2026-01-15T08:43:22+00:00,MOTOR-001,61.98,11.09,10.07,1485.3,229.6,4.2,warning,excessive_vibration,critical
2026-01-15T08:43:23+00:00,MOTOR-001,61.91,11.22,10.04,1486.1,230.1,4.2,warning,excessive_vibration,critical
2026-01-15T08:43:24+00:00,MOTOR-001,61.94,11.47,10.07,1486.4,229.9,4.2,warning,excessive_vibration,critical
2026-01-15T08:43:25+00:00,MOTOR-001,61.84,11.7,10.15,1486.8,229.9,4.19,warning,excessive_vibration,critical
2026-01-15T08:43:26+00:00,MOTOR-001,61.96,11.59,10.2,1486.8,230.4,4.2,warning,excessive_vibration,critical
2026-01-15T08:43:27+00:00,MOTOR-001,61.94,11.56,10.25,1487.2,230.1,4.19,warning,excessive_vibration,critical
2026-01-15T08:43:28+00:00,MOTOR-001,61.98,11.18,10.19,1486.8,230.6,4.18,warning,excessive_vibration,critical
2026-01-15T08:43:29+00:00,MOTOR-001,62.07,10.58,10.28,1487.6,230.1,4.2,warning,excessive_vibration,critical
2026-01-15T08:43:30+00:00,MOTOR-001,62.1,10.9,10.18,1487.0,230.0,4.21,warning,excessive_vibration,critical
2026-01-15T08:43:31+00:00,MOTOR-001,62.25,10.52,10.06,1486.3,230.7,4.21,warning,excessive_vibration,critical
2026-01-15T08:43:32+00:00,MOTOR-001,62.07,10.87,10.07,1485.9,230.3,4.22,warning,excessive_vibration,critical
2026-01-15T08:43:33+00:00,MOTOR-001,62.02,11.02,10.12,1486.3,231.0,4.22,warning,excessive_vibration,critical
2026-01-15T08:43:34+00:00,MOTOR-001,62.09,11.31,10.27,1485.7,230.5,4.2,warning,excessive_vibration,critical
2026-01-15T08:43:35+00:00,MOTOR-001,62.0,11.35,10.29,1486.3,229.4,4.21,warning,excessive_vibration,critical
2026-01-15T08:43:36+00:00,MOTOR-001,61.94,11.14,10.18,1485.8,230.3,4.21,warning,excessive_vibration,critical
2026-01-15T08:43:37+00:00,MOTOR-001,62.03,10.98,10.16,1485.6,230.6,4.21,warning,excessive_vibration,critical
2026-01-15T08:43:38+00:00,MOTOR-001,61.99,11.26,10.04,1486.3,230.6,4.2,warning,excessive_vibration,critical
2026-01-15T08:43:39+00:00,MOTOR-001,61.96,11.04,10.2,1487.5,230.5,4.19,warning,excessive_vibration,critical
2026-01-15T08:43:40+00:00,MOTOR-001,62.17,11.28,10.02,1487.7,231.0,4.21,warning,excessive_vibration,critical
2026-01-15T08:43:41+00:00,MOTOR-001,62.2,11.33,10.02,1487.5,230.2,4.2,warning,excessive_vibration,critical
2026-01-15T08:43:42+00:00,MOTOR-001,62.12,11.04,10.0,1487.6,230.2,4.2,warning,excessive_vibration,critical
2026-01-15T08:43:43+00:00,MOTOR-001,62.09,10.92,10.17,1487.5,230.4,4.19,warning,excessive_vibration,critical
2026-01-15T08:43:44+00:00,MOTOR-001,62.1,10.45,10.09,1488.1,230.3,4.2,warning,excessive_vibration,critical
2026-01-15T08:43:45+00:00,MOTOR-001,62.01,10.23,9.95,1487.4,229.7,4.2,warning,excessive_vibration,critical
2026-01-15T08:43:46+00:00,MOTOR-001,61.97,10.44,10.07,1486.1,230.1,4.2,warning,excessive_vibration,critical
2026-01-15T08:43:47+00:00,MOTOR-001,62.02,11.05,10.07,1486.8,230.0,4.19,warning,excessive_vibration,critical
2026-01-15T08:43:48+00:00,MOTOR-001,62.0,10.86,10.24,1486.9,229.6,4.2,warning,excessive_vibration,critical
2026-01-15T08:43:49+00:00,MOTOR-001,62.07,10.42,10.29,1487.1,229.9,4.2,warning,excessive_vibration,critical
2026-01-15T08:43:50+00:00,MOTOR-001,62.21,10.03,10.03,1486.9,230.4,4.19,warning,excessive_vibration,critical
2026-01-15T08:43:51+00:00,MOTOR-001,62.04,10.86,10.08,1487.4,230.6,4.18,warning,excessive_vibration,critical
2026-01-15T08:43:52+00:00,MOTOR-001,62.18,11.1,10.18,1486.9,230.8,4.2,warning,excessive_vibration,critical
2026-01-15T08:43:53+00:00,MOTOR-001,62.22,10.84,10.12,1487.4,230.2,4.2,warning,excessive_vibration,critical
2026-01-15T08:43:54+00:00,MOTOR-001,62.15,11.21,10.09,1487.0,229.8,4.22,warning,excessive_vibration,critical
2026-01-15T08:43:55+00:00,MOTOR-001,62.19,10.84,10.04,1487.7,230.0,4.21,warning,excessive_vibration,critical
2026-01-15T08:43:56+00:00,MOTOR-001,62.12,11.23,9.97,1486.5,229.6,4.21,warning,excessive_vibration,critical
2026-01-15T08:43:57+00:00,MOTOR-001,62.19,11.28,9.88,1486.4,230.3,4.23,warning,excessive_vibration,critical
2026-01-15T08:43:58+00:00,MOTOR-001,62.16,11.41,10.08,1487.0,229.8,4.24,warning,excessive_vibration,critical
2026-01-15T08:43:59+00:00,MOTOR-001,62.13,11.37,10.09,1487.6,230.2,4.24,warning,excessive_vibration,critical
2026-01-15T08:44:00+00:00,MOTOR-001,62.06,11.07,10.14,1487.1,229.8,4.23,warning,excessive_vibration,critical
2026-01-15T08:44:01+00:00,MOTOR-001,62.2,11.39,10.1,1487.4,230.1,4.21,warning,excessive_vibration,critical
2026-01-15T08:44:02+00:00,MOTOR-001,62.3,11.63,10.09,1487.4,230.3,4.2,warning,excessive_vibration,critical
2026-01-15T08:44:03+00:00,MOTOR-001,62.38,11.4,9.89,1487.9,230.5,4.19,warning,excessive_vibration,critical
2026-01-15T08:44:04+00:00,MOTOR-001,62.23,11.15,9.97,1487.7,229.7,4.21,warning,excessive_vibration,critical
2026-01-15T08:44:05+00:00,MOTOR-001,62.19,11.19,10.1,1486.6,230.0,4.22,warning,excessive_vibration,critical
2026-01-15T08:44:06+00:00,MOTOR-001,62.06,11.19,10.11,1486.8,229.9,4.2,warning,excessive_vibration,critical
2026-01-15T08:44:07+00:00,MOTOR-001,61.92,11.68,10.05,1486.5,230.1,4.21,warning,excessive_vibration,critical
2026-01-15T08:44:08+00:00,MOTOR-001,62.02,12.03,10.13,1487.3,230.3,4.2,warning,excessive_vibration,critical
2026-01-15T08:44:09+00:00,MOTOR-001,61.98,11.8,10.06,1488.3,229.7,4.19,warning,excessive_vibration,critical
2026-01-15T08:44:10+00:00,MOTOR-001,62.05,11.83,9.97,1489.0,230.3,4.2,warning,excessive_vibration,critical
2026-01-15T08:44:11+00:00,MOTOR-001,62.22,11.73,10.06,1488.0,231.6,4.21,warning,excessive_vibration,critical
2026-01-15T08:44:12+00:00,MOTOR-001,62.31,10.94,10.05,1488.0,230.3,4.2,warning,excessive_vibration,critical
2026-01-15T08:44:13+00:00,MOTOR-001,62.38,10.91,9.9,1488.5,230.6,4.2,warning,excessive_vibration,critical
2026-01-15T08:44:14+00:00,MOTOR-001,62.37,11.04,10.01,1486.9,230.6,4.22,warning,excessive_vibration,critical
2026-01-15T08:44:15+00:00,MOTOR-001,62.06,11.27,10.09,1487.5,230.9,4.2,warning,excessive_vibration,critical
2026-01-15T08:44:16+00:00,MOTOR-001,61.86,11.22,10.07,1488.7,229.7,4.21,warning,excessive_vibration,critical
2026-01-15T08:44:17+00:00,MOTOR-001,61.91,11.18,10.07,1487.8,229.8,4.2,warning,excessive_vibration,critical
2026-01-15T08:44:18+00:00,MOTOR-001,61.96,11.37,9.96,1487.4,229.8,4.2,warning,excessive_vibration,critical
2026-01-15T08:44:19+00:00,MOTOR-001,61.85,11.07,10.03,1487.1,230.6,4.21,warning,excessive_vibration,critical
2026-01-15T08:44:20+00:00,MOTOR-001,61.89,11.41,10.23,1488.0,230.5,4.2,warning,excessive_vibration,critical
2026-01-15T08:44:21+00:00,MOTOR-001,61.9,11.06,10.24,1486.8,230.9,4.2,warning,excessive_vibration,critical
2026-01-15T08:44:22+00:00,MOTOR-001,61.95,11.2,10.29,1486.7,229.8,4.19,warning,excessive_vibration,critical
2026-01-15T08:44:23+00:00,MOTOR-001,61.94,10.68,10.16,1486.8,229.0,4.19,warning,excessive_vibration,critical
2026-01-15T08:44:24+00:00,MOTOR-001,61.81,10.67,10.32,1487.3,229.3,4.19,warning,excessive_vibration,critical
2026-01-15T08:44:25+00:00,MOTOR-001,61.99,11.03,10.23,1487.2,229.2,4.19,warning,excessive_vibration,critical
2026-01-15T08:44:26+00:00,MOTOR-001,61.87,10.7,10.13,1487.7,228.7,4.18,warning,excessive_vibration,critical
2026-01-15T08:44:27+00:00,MOTOR-001,62.0,10.94,10.16,1487.7,229.3,4.2,warning,excessive_vibration,critical
2026-01-15T08:44:28+00:00,MOTOR-001,62.08,10.44,10.09,1487.1,230.0,4.21,warning,excessive_vibration,critical
2026-01-15T08:44:29+00:00,MOTOR-001,62.07,10.82,9.9,1487.4,230.4,4.2,warning,excessive_vibration,critical
2026-01-15T08:44:30+00:00,MOTOR-001,61.91,10.92,9.97,1487.0,229.5,4.2,warning,excessive_vibration,critical
2026-01-15T08:44:31+00:00,MOTOR-001,61.8,11.01,10.01,1487.9,230.0,4.21,warning,excessive_vibration,critical
2026-01-15T08:44:32+00:00,MOTOR-001,61.8,11.08,10.08,1486.7,229.1,4.2,warning,excessive_vibration,critical
2026-01-15T08:44:33+00:00,MOTOR-001,61.86,11.52,10.09,1485.9,229.3,4.21,warning,excessive_vibration,critical
2026-01-15T08:44:34+00:00,MOTOR-001,61.81,11.93,10.17,1486.9,230.4,4.22,warning,excessive_vibration,critical
2026-01-15T08:44:35+00:00,MOTOR-001,61.9,11.22,10.07,1486.4,231.1,4.21,warning,excessive_vibration,critical
2026-01-15T08:44:36+00:00,MOTOR-001,62.0,11.08,10.09,1486.5,230.4,4.2,warning,excessive_vibration,critical
2026-01-15T08:44:37+00:00,MOTOR-001,62.06,11.55,9.99,1487.4,230.4,4.19,warning,excessive_vibration,critical
2026-01-15T08:44:38+00:00,MOTOR-001,62.1,11.74,10.22,1487.7,229.9,4.2,warning,excessive_vibration,critical
2026-01-15T08:44:39+00:00,MOTOR-001,62.19,11.95,10.2,1486.9,230.0,4.21,warning,excessive_vibration,critical
2026-01-15T08:44:40+00:00,MOTOR-001,61.9,11.96,10.03,1487.0,230.5,4.19,warning,excessive_vibration,critical
2026-01-15T08:44:41+00:00,MOTOR-001,61.92,12.27,9.96,1486.2,229.6,4.19,warning,excessive_vibration,critical
2026-01-15T08:44:42+00:00,MOTOR-001,62.05,12.22,10.06,1486.8,229.4,4.19,warning,excessive_vibration,critical
2026-01-15T08:44:43+00:00,MOTOR-001,62.06,11.41,9.96,1487.9,229.8,4.18,warning,excessive_vibration,critical
2026-01-15T08:44:44+00:00,MOTOR-001,62.07,11.46,10.1,1487.1,230.2,4.18,warning,excessive_vibration,critical
2026-01-15T08:44:45+00:00,MOTOR-001,62.16,11.8,9.99,1487.0,230.2,4.19,warning,excessive_vibration,critical
2026-01-15T08:44:46+00:00,MOTOR-001,62.21,11.6,10.12,1486.9,229.4,4.19,warning,excessive_vibration,critical
2026-01-15T08:44:47+00:00,MOTOR-001,62.1,11.51,10.05,1487.8,230.0,4.19,warning,excessive_vibration,critical
2026-01-15T08:44:48+00:00,MOTOR-001,62.04,11.0,9.98,1487.5,230.9,4.2,warning,excessive_vibration,critical
2026-01-15T08:44:49+00:00,MOTOR-001,61.88,11.11,10.03,1487.4,230.7,4.21,warning,excessive_vibration,critical
2026-01-15T08:44:50+00:00,MOTOR-001,61.84,11.03,10.18,1487.4,230.5,4.2,warning,excessive_vibration,critical
2026-01-15T08:44:51+00:00,MOTOR-001,61.81,11.03,10.19,1487.2,230.2,4.19,warning,excessive_vibration,critical
2026-01-15T08:44:52+00:00,MOTOR-001,61.9,11.32,10.26,1486.0,230.0,4.2,warning,excessive_vibration,critical
2026-01-15T08:44:53+00:00,MOTOR-001,62.02,10.81,10.23,1486.0,230.5,4.2,warning,excessive_vibration,critical
2026-01-15T08:44:54+00:00,MOTOR-001,61.89,10.83,10.21,1487.6,229.5,4.2,warning,excessive_vibration,critical
2026-01-15T08:44:55+00:00,MOTOR-001,61.81,10.87,10.16,1486.1,230.8,4.18,warning,excessive_vibration,critical
2026-01-15T08:44:56+00:00,MOTOR-001,61.84,10.85,10.26,1487.0,230.0,4.2,warning,excessive_vibration,critical
2026-01-15T08:44:57+00:00,MOTOR-001,61.91,11.3,10.07,1487.6,230.6,4.2,warning,excessive_vibration,critical
2026-01-15T08:44:58+00:00,MOTOR-001,61.94,11.76,10.13,1487.0,230.0,4.19,warning,excessive_vibration,critical
2026-01-15T08:44:59+00:00,MOTOR-001,61.9,11.67,9.94,1486.8,229.3,4.18,warning,excessive_vibration,critical
2026-01-15T08:45:00+00:00,MOTOR-001,61.63,11.41,10.08,1486.6,229.9,4.18,warning,excessive_vibration,critical
2026-01-15T08:45:01+00:00,MOTOR-001,61.71,11.38,10.0,1486.6,229.8,4.18,warning,excessive_vibration,critical
2026-01-15T08:45:02+00:00,MOTOR-001,61.88,11.34,9.91,1487.0,229.0,4.2,warning,excessive_vibration,critical
2026-01-15T08:45:03+00:00,MOTOR-001,61.87,11.2,10.15,1486.4,229.6,4.18,warning,excessive_vibration,critical
2026-01-15T08:45:04+00:00,MOTOR-001,61.84,11.28,9.99,1486.1,230.3,4.21,warning,excessive_vibration,critical
2026-01-15T08:45:05+00:00,MOTOR-001,61.87,11.05,9.95,1486.2,230.0,4.19,warning,excessive_vibration,critical
2026-01-15T08:45:06+00:00,MOTOR-001,61.77,10.49,10.04,1486.5,230.3,4.18,warning,excessive_vibration,critical
2026-01-15T08:45:07+00:00,MOTOR-001,61.93,11.01,10.15,1487.2,230.5,4.19,warning,excessive_vibration,critical
2026-01-15T08:45:08+00:00,MOTOR-001,61.86,11.33,10.0,1487.5,230.0,4.18,warning,excessive_vibration,critical
2026-01-15T08:45:09+00:00,MOTOR-001,61.76,11.37,10.17,1487.8,230.2,4.18,warning,excessive_vibration,critical
2026-01-15T08:45:10+00:00,MOTOR-001,61.84,10.87,10.19,1487.9,229.2,4.19,warning,excessive_vibration,critical
2026-01-15T08:45:11+00:00,MOTOR-001,61.77,10.69,10.16,1487.8,230.0,4.18,warning,excessive_vibration,critical
2026-01-15T08:45:12+00:00,MOTOR-001,61.81,10.87,10.01,1486.7,229.4,4.18,warning,excessive_vibration,critical
2026-01-15T08:45:13+00:00,MOTOR-001,61.97,10.96,10.01,1486.4,229.8,4.19,warning,excessive_vibration,critical
2026-01-15T08:45:14+00:00,MOTOR-001,61.73,11.02,10.08,1486.8,230.0,4.21,warning,excessive_vibration,critical
2026-01-15T08:45:15+00:00,MOTOR-001,61.83,11.07,10.23,1485.7,230.7,4.2,warning,excessive_vibration,critical
2026-01-15T08:45:16+00:00,MOTOR-001,61.81,11.62,10.14,1486.3,230.5,4.2,warning,excessive_vibration,critical
2026-01-15T08:45:17+00:00,MOTOR-001,61.84,12.05,10.3,1487.3,230.1,4.19,warning,excessive_vibration,critical
2026-01-15T08:45:18+00:00,MOTOR-001,61.9,11.87,10.27,1486.7,230.4,4.2,warning,excessive_vibration,critical
2026-01-15T08:45:19+00:00,MOTOR-001,62.11,11.93,10.3,1485.9,231.1,4.19,warning,excessive_vibration,critical
2026-01-15T08:45:20+00:00,MOTOR-001,62.05,11.66,10.23,1487.0,231.2,4.19,warning,excessive_vibration,critical
2026-01-15T08:45:21+00:00,MOTOR-001,62.07,11.47,10.18,1486.4,229.9,4.2,warning,excessive_vibration,critical
2026-01-15T08:45:22+00:00,MOTOR-001,62.17,10.93,10.05,1486.8,229.9,4.19,warning,excessive_vibration,critical
2026-01-15T08:45:23+00:00,MOTOR-001,62.24,11.21,10.19,1486.3,230.3,4.19,warning,excessive_vibration,critical
2026-01-15T08:45:24+00:00,MOTOR-001,62.08,11.55,10.08,1485.4,229.3,4.2,warning,excessive_vibration,critical
2026-01-15T08:45:25+00:00,MOTOR-001,62.02,11.16,9.96,1486.2,229.6,4.19,warning,excessive_vibration,critical
2026-01-15T08:45:26+00:00,MOTOR-001,62.14,10.75,10.05,1487.1,229.7,4.2,warning,excessive_vibration,critical
2026-01-15T08:45:27+00:00,MOTOR-001,62.02,11.08,9.94,1486.2,229.9,4.23,warning,excessive_vibration,critical
2026-01-15T08:45:28+00:00,MOTOR-001,62.15,11.29,10.03,1484.7,230.8,4.22,warning,excessive_vibration,critical
2026-01-15T08:45:29+00:00,MOTOR-001,62.25,11.6,10.22,1484.9,230.0,4.2,warning,excessive_vibration,critical
2026-01-15T08:45:30+00:00,MOTOR-001,62.36,11.45,10.16,1486.5,230.5,4.2,warning,excessive_vibration,critical
2026-01-15T08:45:31+00:00,MOTOR-001,62.38,11.76,10.23,1487.1,229.2,4.21,warning,excessive_vibration,critical
2026-01-15T08:45:32+00:00,MOTOR-001,62.3,11.26,10.21,1486.7,229.9,4.2,warning,excessive_vibration,critical
2026-01-15T08:45:33+00:00,MOTOR-001,62.16,11.07,10.1,1487.7,230.5,4.2,warning,excessive_vibration,critical
2026-01-15T08:45:34+00:00,MOTOR-001,62.05,11.34,10.13,1487.2,230.2,4.22,warning,excessive_vibration,critical
2026-01-15T08:45:35+00:00,MOTOR-001,62.04,11.46,10.06,1487.3,229.3,4.22,warning,excessive_vibration,critical
2026-01-15T08:45:36+00:00,MOTOR-001,61.98,11.16,10.02,1486.4,230.1,4.21,warning,excessive_vibration,critical
2026-01-15T08:45:37+00:00,MOTOR-001,62.0,10.96,10.13,1485.6,230.7,4.21,warning,excessive_vibration,critical
2026-01-15T08:45:38+00:00,MOTOR-001,61.99,11.01,10.15,1485.6,231.1,4.2,warning,excessive_vibration,critical
2026-01-15T08:45:39+00:00,MOTOR-001,62.0,11.44,10.06,1486.3,229.4,4.2,warning,excessive_vibration,critical
2026-01-15T08:45:40+00:00,MOTOR-001,61.88,11.34,10.17,1486.4,229.8,4.21,warning,excessive_vibration,critical
2026-01-15T08:45:41+00:00,MOTOR-001,62.09,11.38,10.13,1486.2,230.8,4.21,warning,excessive_vibration,critical
2026-01-15T08:45:42+00:00,MOTOR-001,62.03,11.36,10.11,1486.1,231.2,4.21,warning,excessive_vibration,critical
2026-01-15T08:45:43+00:00,MOTOR-001,62.02,10.81,10.07,1486.6,230.7,4.2,warning,excessive_vibration,critical
2026-01-15T08:45:44+00:00,MOTOR-001,62.03,11.05,10.11,1486.5,230.3,4.21,warning,excessive_vibration,critical
2026-01-15T08:45:45+00:00,MOTOR-001,62.03,11.01,10.07,1486.6,230.1,4.21,warning,excessive_vibration,critical
2026-01-15T08:45:46+00:00,MOTOR-001,62.02,11.46,10.13,1487.0,229.8,4.21,warning,excessive_vibration,critical
2026-01-15T08:45:47+00:00,MOTOR-001,61.99,11.26,10.18,1486.4,229.6,4.21,warning,excessive_vibration,critical
2026-01-15T08:45:48+00:00,MOTOR-001,61.85,11.0,10.18,1486.5,231.0,4.21,warning,excessive_vibration,critical
2026-01-15T08:45:49+00:00,MOTOR-001,61.99,11.48,10.28,1485.9,231.2,4.22,warning,excessive_vibration,critical
2026-01-15T08:45:50+00:00,MOTOR-001,62.09,11.32,10.18,1486.3,230.4,4.23,warning,excessive_vibration,critical
2026-01-15T08:45:51+00:00,MOTOR-001,62.14,11.39,10.44,1486.3,229.9,4.22,warning,excessive_vibration,critical
2026-01-15T08:45:52+00:00,MOTOR-001,62.03,11.24,10.23,1487.0,230.4,4.22,warning,excessive_vibration,critical
2026-01-15T08:45:53+00:00,MOTOR-001,62.07,11.41,10.22,1486.7,229.8,4.21,warning,excessive_vibration,critical
2026-01-15T08:45:54+00:00,MOTOR-001,62.1,11.3,10.09,1487.6,230.0,4.2,warning,excessive_vibration,critical
2026-01-15T08:45:55+00:00,MOTOR-001,62.01,11.74,10.01,1486.7,230.5,4.2,warning,excessive_vibration,critical
2026-01-15T08:45:56+00:00,MOTOR-001,61.94,11.48,9.92,1486.5,230.1,4.21,warning,excessive_vibration,critical
2026-01-15T08:45:57+00:00,MOTOR-001,61.91,11.78,9.88,1485.5,229.4,4.21,warning,excessive_vibration,critical
2026-01-15T08:45:58+00:00,MOTOR-001,62.03,11.67,10.08,1486.5,229.8,4.2,warning,excessive_vibration,critical
2026-01-15T08:45:59+00:00,MOTOR-001,61.82,11.59,10.14,1486.3,230.7,4.19,warning,excessive_vibration,critical
2026-01-15T08:46:00+00:00,MOTOR-001,61.96,11.29,10.17,1486.5,230.2,4.21,warning,excessive_vibration,critical
2026-01-15T08:46:01+00:00,MOTOR-001,61.82,11.12,10.11,1486.6,228.9,4.22,warning,excessive_vibration,critical
2026-01-15T08:46:02+00:00,MOTOR-001,61.99,11.42,10.02,1485.5,228.9,4.22,warning,excessive_vibration,critical
2026-01-15T08:46:03+00:00,MOTOR-001,62.03,11.74,10.08,1486.7,229.1,4.2,warning,excessive_vibration,critical
2026-01-15T08:46:04+00:00,MOTOR-001,62.04,11.52,9.97,1486.7,230.7,4.19,warning,excessive_vibration,critical
2026-01-15T08:46:05+00:00,MOTOR-001,62.06,11.57,10.21,1485.7,230.1,4.18,warning,excessive_vibration,critical
2026-01-15T08:46:06+00:00,MOTOR-001,62.05,11.43,9.98,1486.6,229.6,4.18,warning,excessive_vibration,critical
2026-01-15T08:46:07+00:00,MOTOR-001,62.03,11.69,9.98,1486.0,229.3,4.2,warning,excessive_vibration,critical
2026-01-15T08:46:08+00:00,MOTOR-001,62.03,11.33,10.05,1486.2,229.3,4.2,warning,excessive_vibration,critical
2026-01-15T08:46:09+00:00,MOTOR-001,62.0,11.13,10.02,1485.5,230.0,4.19,warning,excessive_vibration,critical
2026-01-15T08:46:10+00:00,MOTOR-001,62.02,11.32,10.22,1486.9,230.5,4.19,warning,excessive_vibration,critical
2026-01-15T08:46:11+00:00,MOTOR-001,62.12,11.25,10.04,1487.0,229.5,4.21,warning,excessive_vibration,critical
2026-01-15T08:46:12+00:00,MOTOR-001,61.91,11.73,9.99,1486.3,230.0,4.21,warning,excessive_vibration,critical
2026-01-15T08:46:13+00:00,MOTOR-001,62.02,10.76,10.15,1485.5,229.8,4.19,warning,excessive_vibration,critical
2026-01-15T08:46:14+00:00,MOTOR-001,62.07,10.8,10.04,1486.4,229.5,4.19,warning,excessive_vibration,critical
2026-01-15T08:46:15+00:00,MOTOR-001,62.03,11.12,10.07,1487.7,230.1,4.2,warning,excessive_vibration,critical
2026-01-15T08:46:16+00:00,MOTOR-001,62.01,11.33,10.12,1486.6,229.3,4.19,warning,excessive_vibration,critical
2026-01-15T08:46:17+00:00,MOTOR-001,62.0,11.69,10.07,1486.7,229.1,4.2,warning,excessive_vibration,critical
2026-01-15T08:46:18+00:00,MOTOR-001,62.01,11.71,10.0,1485.9,229.5,4.18,warning,excessive_vibration,critical
2026-01-15T08:46:19+00:00,MOTOR-001,61.93,11.9,9.92,1486.0,229.8,4.18,warning,excessive_vibration,critical
2026-01-15T08:46:20+00:00,MOTOR-001,62.09,11.83,10.12,1487.1,230.5,4.2,warning,excessive_vibration,critical
2026-01-15T08:46:21+00:00,MOTOR-001,62.02,11.45,10.05,1486.3,230.2,4.22,warning,excessive_vibration,critical
2026-01-15T08:46:22+00:00,MOTOR-001,62.04,11.28,10.15,1485.6,231.0,4.2,warning,excessive_vibration,critical
2026-01-15T08:46:23+00:00,MOTOR-001,61.83,11.24,10.24,1486.4,230.6,4.2,warning,excessive_vibration,critical
2026-01-15T08:46:24+00:00,MOTOR-001,61.81,11.19,10.13,1486.3,230.3,4.2,warning,excessive_vibration,critical
2026-01-15T08:46:25+00:00,MOTOR-001,62.02,11.15,10.26,1485.6,229.9,4.2,warning,excessive_vibration,critical
2026-01-15T08:46:26+00:00,MOTOR-001,61.82,11.3,10.21,1485.6,230.0,4.2,warning,excessive_vibration,critical
2026-01-15T08:46:27+00:00,MOTOR-001,61.85,10.88,10.27,1484.7,230.1,4.2,warning,excessive_vibration,critical
2026-01-15T08:46:28+00:00,MOTOR-001,61.99,11.03,10.14,1485.9,229.8,4.2,warning,excessive_vibration,critical
2026-01-15T08:46:29+00:00,MOTOR-001,62.05,10.99,10.12,1486.1,229.9,4.19,warning,excessive_vibration,critical
2026-01-15T08:46:30+00:00,MOTOR-001,61.9,11.43,10.15,1486.1,230.2,4.19,warning,excessive_vibration,critical
2026-01-15T08:46:31+00:00,MOTOR-001,61.81,11.55,10.13,1485.9,230.5,4.2,warning,excessive_vibration,critical
2026-01-15T08:46:32+00:00,MOTOR-001,61.71,11.7,10.07,1486.2,229.3,4.2,warning,excessive_vibration,critical
2026-01-15T08:46:33+00:00,MOTOR-001,61.76,11.3,10.22,1486.5,229.5,4.19,warning,excessive_vibration,critical
2026-01-15T08:46:34+00:00,MOTOR-001,61.88,10.63,10.23,1487.2,229.7,4.19,warning,excessive_vibration,critical
2026-01-15T08:46:35+00:00,MOTOR-001,61.94,11.22,10.22,1487.3,229.2,4.2,warning,excessive_vibration,critical
2026-01-15T08:46:36+00:00,MOTOR-001,62.13,10.8,10.18,1486.9,229.6,4.21,warning,excessive_vibration,critical
2026-01-15T08:46:37+00:00,MOTOR-001,62.07,10.66,10.24,1486.3,229.8,4.21,warning,excessive_vibration,critical
2026-01-15T08:46:38+00:00,MOTOR-001,62.09,11.27,10.17,1485.3,230.3,4.19,warning,excessive_vibration,critical
2026-01-15T08:46:39+00:00,MOTOR-001,62.15,11.33,10.21,1486.5,230.0,4.2,warning,excessive_vibration,critical
2026-01-15T08:46:40+00:00,MOTOR-001,59.38,7.47,9.45,1486.4,230.1,4.19,running,normal,normal
2026-01-15T08:46:41+00:00,MOTOR-001,57.27,5.16,9.06,1486.6,229.9,4.21,running,normal,normal
2026-01-15T08:46:42+00:00,MOTOR-001,55.56,3.74,8.79,1486.0,229.5,4.2,running,normal,normal
2026-01-15T08:46:43+00:00,MOTOR-001,54.46,2.89,8.78,1486.0,229.7,4.21,running,normal,normal
2026-01-15T08:46:44+00:00,MOTOR-001,53.64,2.39,8.71,1484.8,230.3,4.2,running,normal,normal
2026-01-15T08:46:45+00:00,MOTOR-001,53.1,2.08,8.67,1484.7,231.2,4.2,running,normal,normal
2026-01-15T08:46:46+00:00,MOTOR-001,52.61,1.87,8.6,1484.4,230.6,4.2,running,normal,normal
2026-01-15T08:46:47+00:00,MOTOR-001,52.27,1.74,8.53,1483.8,229.9,4.21,running,normal,normal
2026-01-15T08:46:48+00:00,MOTOR-001,52.05,1.67,8.53,1484.7,230.4,4.21,running,normal,normal
2026-01-15T08:46:49+00:00,MOTOR-001,51.82,1.62,8.55,1485.8,230.8,4.2,running,normal,normal
2026-01-15T08:46:50+00:00,MOTOR-001,51.62,1.62,8.5,1484.8,230.9,4.21,running,normal,normal
2026-01-15T08:46:51+00:00,MOTOR-001,51.5,1.58,8.53,1484.6,229.5,4.2,running,normal,normal
2026-01-15T08:46:52+00:00,MOTOR-001,51.38,1.63,8.58,1485.1,230.3,4.21,running,normal,normal
2026-01-15T08:46:53+00:00,MOTOR-001,51.25,1.58,8.63,1485.2,229.4,4.23,running,normal,normal
2026-01-15T08:46:54+00:00,MOTOR-001,51.15,1.55,8.78,1485.5,229.1,4.22,running,normal,normal
2026-01-15T08:46:55+00:00,MOTOR-001,51.19,1.55,8.7,1486.3,229.5,4.2,running,normal,normal
2026-01-15T08:46:56+00:00,MOTOR-001,51.21,1.61,8.66,1486.7,229.7,4.2,running,normal,normal
2026-01-15T08:46:57+00:00,MOTOR-001,51.26,1.54,8.74,1485.6,230.0,4.19,running,normal,normal
2026-01-15T08:46:58+00:00,MOTOR-001,51.23,1.58,8.63,1485.2,229.3,4.18,running,normal,normal
2026-01-15T08:46:59+00:00,MOTOR-001,51.3,1.51,8.55,1485.6,229.6,4.18,running,normal,normal
2026-01-15T08:47:00+00:00,MOTOR-001,51.36,1.54,8.57,1485.3,230.0,4.19,running,normal,normal
2026-01-15T08:47:01+00:00,MOTOR-001,51.33,1.55,8.59,1486.2,229.3,4.21,running,normal,normal
2026-01-15T08:47:02+00:00,MOTOR-001,51.39,1.54,8.58,1485.7,229.8,4.22,running,normal,normal
2026-01-15T08:47:03+00:00,MOTOR-001,51.47,1.53,8.56,1485.3,230.0,4.21,running,normal,normal
2026-01-15T08:47:04+00:00,MOTOR-001,51.45,1.54,8.53,1485.7,229.4,4.2,running,normal,normal
2026-01-15T08:47:05+00:00,MOTOR-001,51.44,1.54,8.57,1484.7,230.1,4.19,running,normal,normal
2026-01-15T08:47:06+00:00,MOTOR-001,51.46,1.5,8.58,1485.2,230.0,4.18,running,normal,normal
2026-01-15T08:47:07+00:00,MOTOR-001,51.5,1.5,8.6,1485.1,230.7,4.19,running,normal,normal
2026-01-15T08:47:08+00:00,MOTOR-001,51.47,1.52,8.54,1486.2,230.1,4.2,running,normal,normal
2026-01-15T08:47:09+00:00,MOTOR-001,51.44,1.48,8.54,1487.1,230.5,4.19,running,normal,normal
2026-01-15T08:47:10+00:00,MOTOR-001,51.52,1.42,8.55,1486.2,230.5,4.2,running,normal,normal
2026-01-15T08:47:11+00:00,MOTOR-001,51.55,1.47,8.58,1485.9,230.4,4.19,running,normal,normal
2026-01-15T08:47:12+00:00,MOTOR-001,51.56,1.47,8.59,1485.6,229.5,4.18,running,normal,normal
2026-01-15T08:47:13+00:00,MOTOR-001,51.62,1.47,8.61,1485.3,230.1,4.17,running,normal,normal
2026-01-15T08:47:14+00:00,MOTOR-001,51.53,1.48,8.58,1484.3,229.8,4.18,running,normal,normal
2026-01-15T08:47:15+00:00,MOTOR-001,51.56,1.46,8.61,1484.8,229.8,4.2,running,normal,normal
2026-01-15T08:47:16+00:00,MOTOR-001,51.5,1.42,8.64,1484.5,229.9,4.2,running,normal,normal
2026-01-15T08:47:17+00:00,MOTOR-001,51.49,1.42,8.47,1484.9,230.3,4.2,running,normal,normal
2026-01-15T08:47:18+00:00,MOTOR-001,51.61,1.42,8.57,1484.9,230.5,4.19,running,normal,normal
2026-01-15T08:47:19+00:00,MOTOR-001,51.6,1.4,8.61,1483.7,230.5,4.19,running,normal,normal
2026-01-15T08:47:20+00:00,MOTOR-001,51.57,1.4,8.67,1484.5,230.0,4.19,running,normal,normal
2026-01-15T08:47:21+00:00,MOTOR-001,51.59,1.36,8.57,1484.7,230.7,4.19,running,normal,normal
2026-01-15T08:47:22+00:00,MOTOR-001,51.69,1.39,8.57,1484.9,230.8,4.21,running,normal,normal
2026-01-15T08:47:23+00:00,MOTOR-001,51.67,1.41,8.58,1485.5,229.9,4.21,running,normal,normal
2026-01-15T08:47:24+00:00,MOTOR-001,51.78,1.37,8.58,1484.3,229.2,4.19,running,normal,normal
2026-01-15T08:47:25+00:00,MOTOR-001,51.83,1.38,8.61,1483.5,229.9,4.19,running,normal,normal
2026-01-15T08:47:26+00:00,MOTOR-001,51.88,1.44,8.58,1483.5,230.5,4.19,running,normal,normal
2026-01-15T08:47:27+00:00,MOTOR-001,51.95,1.41,8.57,1485.0,230.5,4.18,running,normal,normal
2026-01-15T08:47:28+00:00,MOTOR-001,51.97,1.36,8.57,1485.8,230.4,4.2,running,normal,normal
2026-01-15T08:47:29+00:00,MOTOR-001,52.1,1.3,8.52,1483.7,229.7,4.2,running,normal,normal
2026-01-15T08:47:30+00:00,MOTOR-001,52.07,1.31,8.59,1484.7,230.3,4.2,running,normal,normal
2026-01-15T08:47:31+00:00,MOTOR-001,52.15,1.35,8.61,1484.8,230.0,4.19,running,normal,normal
2026-01-15T08:47:32+00:00,MOTOR-001,52.07,1.32,8.69,1485.1,230.2,4.2,running,normal,normal
2026-01-15T08:47:33+00:00,MOTOR-001,52.11,1.32,8.59,1484.9,230.2,4.2,running,normal,normal
2026-01-15T08:47:34+00:00,MOTOR-001,52.06,1.29,8.56,1484.9,230.3,4.2,running,normal,normal
2026-01-15T08:47:35+00:00,MOTOR-001,52.01,1.3,8.57,1484.6,230.7,4.21,running,normal,normal
2026-01-15T08:47:36+00:00,MOTOR-001,52.0,1.3,8.54,1484.4,230.4,4.21,running,normal,normal
2026-01-15T08:47:37+00:00,MOTOR-001,52.04,1.32,8.58,1484.5,231.0,4.21,running,normal,normal
2026-01-15T08:47:38+00:00,MOTOR-001,52.03,1.32,8.65,1484.0,229.4,4.2,running,normal,normal
2026-01-15T08:47:39+00:00,MOTOR-001,52.1,1.33,8.63,1483.8,229.7,4.21,running,normal,normal
2026-01-15T08:47:40+00:00,MOTOR-001,52.1,1.29,8.58,1484.6,230.3,4.21,running,normal,normal
2026-01-15T08:47:41+00:00,MOTOR-001,52.24,1.28,8.66,1485.0,230.3,4.22,running,normal,normal
2026-01-15T08:47:42+00:00,MOTOR-001,52.18,1.31,8.68,1484.3,230.3,4.23,running,normal,normal
2026-01-15T08:47:43+00:00,MOTOR-001,52.24,1.31,8.64,1485.5,230.5,4.2,running,normal,normal
2026-01-15T08:47:44+00:00,MOTOR-001,52.29,1.34,8.62,1485.5,230.8,4.19,running,normal,normal
2026-01-15T08:47:45+00:00,MOTOR-001,52.34,1.31,8.65,1484.2,230.8,4.19,running,normal,normal
2026-01-15T08:47:46+00:00,MOTOR-001,52.26,1.38,8.69,1483.8,230.7,4.18,running,normal,normal
2026-01-15T08:47:47+00:00,MOTOR-001,52.24,1.4,8.56,1482.9,230.2,4.2,running,normal,normal
2026-01-15T08:47:48+00:00,MOTOR-001,52.26,1.4,8.64,1484.5,229.4,4.19,running,normal,normal
2026-01-15T08:47:49+00:00,MOTOR-001,52.3,1.36,8.62,1484.5,230.3,4.19,running,normal,normal
2026-01-15T08:47:50+00:00,MOTOR-001,52.39,1.38,8.6,1485.0,230.0,4.2,running,normal,normal
2026-01-15T08:47:51+00:00,MOTOR-001,52.41,1.35,8.6,1484.7,229.5,4.2,running,normal,normal
2026-01-15T08:47:52+00:00,MOTOR-001,52.33,1.35,8.63,1484.9,230.3,4.2,running,normal,normal
2026-01-15T08:47:53+00:00,MOTOR-001,52.37,1.32,8.71,1483.7,230.7,4.21,running,normal,normal
2026-01-15T08:47:54+00:00,MOTOR-001,52.36,1.39,8.62,1482.8,230.6,4.22,running,normal,normal
2026-01-15T08:47:55+00:00,MOTOR-001,52.37,1.41,8.54,1483.1,230.9,4.21,running,normal,normal
2026-01-15T08:47:56+00:00,MOTOR-001,52.41,1.39,8.71,1482.7,230.3,4.2,running,normal,normal
2026-01-15T08:47:57+00:00,MOTOR-001,52.48,1.36,8.71,1483.0,229.8,4.19,running,normal,normal
2026-01-15T08:47:58+00:00,MOTOR-001,52.52,1.41,8.66,1483.5,229.2,4.2,running,normal,normal
2026-01-15T08:47:59+00:00,MOTOR-001,52.69,1.36,8.68,1484.1,229.0,4.2,running,normal,normal
2026-01-15T08:48:00+00:00,MOTOR-001,52.67,1.38,8.6,1483.6,229.3,4.21,running,normal,normal
2026-01-15T08:48:01+00:00,MOTOR-001,52.59,1.4,8.63,1483.7,229.9,4.22,running,normal,normal
2026-01-15T08:48:02+00:00,MOTOR-001,52.53,1.35,8.67,1482.8,229.9,4.22,running,normal,normal
2026-01-15T08:48:03+00:00,MOTOR-001,52.58,1.38,8.68,1483.0,230.4,4.2,running,normal,normal
2026-01-15T08:48:04+00:00,MOTOR-001,52.66,1.36,8.61,1483.4,230.1,4.21,running,normal,normal
2026-01-15T08:48:05+00:00,MOTOR-001,52.64,1.46,8.61,1483.5,230.0,4.19,running,normal,normal
2026-01-15T08:48:06+00:00,MOTOR-001,52.56,1.46,8.73,1483.9,230.7,4.22,running,normal,normal
2026-01-15T08:48:07+00:00,MOTOR-001,52.51,1.44,8.69,1483.0,230.1,4.2,running,normal,normal
2026-01-15T08:48:08+00:00,MOTOR-001,52.6,1.4,8.68,1484.8,230.8,4.19,running,normal,normal
2026-01-15T08:48:09+00:00,MOTOR-001,52.6,1.42,8.79,1484.2,230.2,4.21,running,normal,normal
2026-01-15T08:48:10+00:00,MOTOR-001,52.73,1.45,8.78,1484.7,230.1,4.2,running,normal,normal
2026-01-15T08:48:11+00:00,MOTOR-001,52.67,1.45,8.8,1484.5,230.1,4.2,running,normal,normal
2026-01-15T08:48:12+00:00,MOTOR-001,52.71,1.48,8.7,1484.6,230.2,4.19,running,normal,normal
2026-01-15T08:48:13+00:00,MOTOR-001,52.66,1.43,8.79,1484.6,230.2,4.2,running,normal,normal
2026-01-15T08:48:14+00:00,MOTOR-001,52.58,1.45,8.74,1484.0,230.1,4.21,running,normal,normal
2026-01-15T08:48:15+00:00,MOTOR-001,52.59,1.49,8.77,1484.1,230.4,4.2,running,normal,normal
2026-01-15T08:48:16+00:00,MOTOR-001,52.57,1.44,8.76,1484.7,230.6,4.21,running,normal,normal
2026-01-15T08:48:17+00:00,MOTOR-001,52.61,1.49,8.71,1484.9,230.5,4.22,running,normal,normal
2026-01-15T08:48:18+00:00,MOTOR-001,52.77,1.51,8.66,1484.2,230.1,4.22,running,normal,normal
2026-01-15T08:48:19+00:00,MOTOR-001,52.79,1.48,8.68,1484.2,230.2,4.21,running,normal,normal
2026-01-15T08:48:20+00:00,MOTOR-001,52.85,1.46,8.67,1483.4,229.5,4.2,running,normal,normal
2026-01-15T08:48:21+00:00,MOTOR-001,52.78,1.47,8.67,1482.9,230.2,4.21,running,normal,normal
2026-01-15T08:48:22+00:00,MOTOR-001,52.63,1.56,8.64,1483.2,230.6,4.21,running,normal,normal
2026-01-15T08:48:23+00:00,MOTOR-001,52.67,1.52,8.63,1484.2,229.6,4.21,running,normal,normal
2026-01-15T08:48:24+00:00,MOTOR-001,52.69,1.55,8.73,1483.2,230.1,4.2,running,normal,normal
2026-01-15T08:48:25+00:00,MOTOR-001,52.74,1.55,8.74,1483.9,229.4,4.2,running,normal,normal
2026-01-15T08:48:26+00:00,MOTOR-001,52.67,1.57,8.76,1484.2,229.5,4.2,running,normal,normal
2026-01-15T08:48:27+00:00,MOTOR-001,52.68,1.61,8.75,1483.2,229.7,4.21,running,normal,normal
2026-01-15T08:48:28+00:00,MOTOR-001,52.67,1.59,8.81,1482.8,229.8,4.21,running,normal,normal
2026-01-15T08:48:29+00:00,MOTOR-001,52.64,1.54,8.77,1483.8,229.3,4.2,running,normal,normal
2026-01-15T08:48:30+00:00,MOTOR-001,52.68,1.62,8.75,1483.6,229.8,4.19,running,normal,normal
2026-01-15T08:48:31+00:00,MOTOR-001,52.75,1.65,8.78,1484.5,229.4,4.2,running,normal,normal
2026-01-15T08:48:32+00:00,MOTOR-001,52.71,1.61,8.81,1484.2,229.7,4.2,running,normal,normal
2026-01-15T08:48:33+00:00,MOTOR-001,52.65,1.66,8.75,1484.2,230.2,4.2,running,normal,normal
2026-01-15T08:48:34+00:00,MOTOR-001,52.68,1.6,8.79,1485.1,229.5,4.2,running,normal,normal
2026-01-15T08:48:35+00:00,MOTOR-001,52.55,1.61,8.81,1483.5,229.8,4.19,running,normal,normal
2026-01-15T08:48:36+00:00,MOTOR-001,52.66,1.56,8.87,1483.2,228.9,4.2,running,normal,normal
2026-01-15T08:48:37+00:00,MOTOR-001,52.69,1.57,8.85,1482.8,229.7,4.2,running,normal,normal
2026-01-15T08:48:38+00:00,MOTOR-001,52.67,1.53,8.84,1482.9,229.9,4.2,running,normal,normal
2026-01-15T08:48:39+00:00,MOTOR-001,52.64,1.56,8.88,1483.7,229.9,4.19,running,normal,normal
2026-01-15T08:48:40+00:00,MOTOR-001,52.68,1.62,8.72,1483.6,230.4,4.19,running,normal,normal
2026-01-15T08:48:41+00:00,MOTOR-001,52.6,1.56,8.73,1482.9,229.4,4.2,running,normal,normal
2026-01-15T08:48:42+00:00,MOTOR-001,52.66,1.53,8.85,1482.3,229.5,4.19,running,normal,normal
2026-01-15T08:48:43+00:00,MOTOR-001,52.59,1.56,8.8,1482.2,229.9,4.18,running,normal,normal
2026-01-15T08:48:44+00:00,MOTOR-001,52.55,1.58,8.73,1482.2,229.3,4.2,running,normal,normal
2026-01-15T08:48:45+00:00,MOTOR-001,52.6,1.64,8.82,1482.8,229.5,4.2,running,normal,normal
2026-01-15T08:48:46+00:00,MOTOR-001,52.62,1.6,8.85,1483.8,229.6,4.19,running,normal,normal
2026-01-15T08:48:47+00:00,MOTOR-001,52.63,1.55,8.85,1483.4,230.2,4.19,running,normal,normal
2026-01-15T08:48:48+00:00,MOTOR-001,52.62,1.54,8.81,1483.3,230.8,4.19,running,normal,normal
2026-01-15T08:48:49+00:00,MOTOR-001,52.56,1.56,8.83,1483.4,229.6,4.2,running,normal,normal
2026-01-15T08:48:50+00:00,MOTOR-001,52.66,1.62,8.77,1484.2,230.0,4.2,running,normal,normal
2026-01-15T08:48:51+00:00,MOTOR-001,52.6,1.54,8.78,1483.8,230.5,4.2,running,normal,normal
2026-01-15T08:48:52+00:00,MOTOR-001,52.49,1.53,8.74,1482.5,230.7,4.19,running,normal,normal
2026-01-15T08:48:53+00:00,MOTOR-001,52.59,1.49,8.79,1483.4,229.5,4.2,running,normal,normal
2026-01-15T08:48:54+00:00,MOTOR-001,52.48,1.58,8.78,1483.1,229.3,4.19,running,normal,normal
2026-01-15T08:48:55+00:00,MOTOR-001,52.52,1.58,8.8,1484.5,229.2,4.19,running,normal,normal
2026-01-15T08:48:56+00:00,MOTOR-001,52.43,1.53,8.79,1483.4,230.2,4.21,running,normal,normal
2026-01-15T08:48:57+00:00,MOTOR-001,52.61,1.59,8.78,1483.3,229.8,4.2,running,normal,normal
2026-01-15T08:48:58+00:00,MOTOR-001,52.61,1.61,8.78,1484.0,229.8,4.22,running,normal,normal
2026-01-15T08:48:59+00:00,MOTOR-001,52.72,1.52,8.77,1483.6,230.8,4.21,running,normal,normal
2026-01-15T08:49:00+00:00,MOTOR-001,52.61,1.48,8.79,1483.3,230.2,4.21,running,normal,normal
2026-01-15T08:49:01+00:00,MOTOR-001,52.52,1.55,8.82,1482.7,229.6,4.2,running,normal,normal
2026-01-15T08:49:02+00:00,MOTOR-001,52.46,1.56,8.89,1483.9,229.3,4.21,running,normal,normal
2026-01-15T08:49:03+00:00,MOTOR-001,52.42,1.48,8.85,1483.2,229.8,4.23,running,normal,normal
2026-01-15T08:49:04+00:00,MOTOR-001,52.48,1.43,8.79,1483.8,230.1,4.21,running,normal,normal
2026-01-15T08:49:05+00:00,MOTOR-001,52.58,1.47,8.83,1483.5,230.9,4.21,running,normal,normal
2026-01-15T08:49:06+00:00,MOTOR-001,52.5,1.47,8.81,1483.4,231.5,4.21,running,normal,normal
2026-01-15T08:49:07+00:00,MOTOR-001,52.49,1.45,8.89,1483.5,230.9,4.21,running,normal,normal
2026-01-15T08:49:08+00:00,MOTOR-001,52.43,1.44,8.82,1484.4,230.1,4.2,running,normal,normal
2026-01-15T08:49:09+00:00,MOTOR-001,52.35,1.41,8.85,1485.1,229.9,4.19,running,normal,normal
2026-01-15T08:49:10+00:00,MOTOR-001,52.3,1.44,8.86,1483.5,229.3,4.19,running,normal,normal
2026-01-15T08:49:11+00:00,MOTOR-001,52.17,1.44,8.88,1483.6,229.3,4.18,running,normal,normal
2026-01-15T08:49:12+00:00,MOTOR-001,52.07,1.52,8.87,1482.8,229.0,4.19,running,normal,normal
2026-01-15T08:49:13+00:00,MOTOR-001,52.1,1.53,8.91,1483.0,229.6,4.19,running,normal,normal
2026-01-15T08:49:14+00:00,MOTOR-001,52.22,1.39,8.94,1483.2,229.5,4.19,running,normal,normal
2026-01-15T08:49:15+00:00,MOTOR-001,52.21,1.38,8.94,1482.6,230.4,4.19,running,normal,normal
2026-01-15T08:49:16+00:00,MOTOR-001,52.15,1.38,8.95,1483.4,231.0,4.19,running,normal,normal
2026-01-15T08:49:17+00:00,MOTOR-001,52.18,1.42,8.93,1485.4,230.3,4.19,running,normal,normal
2026-01-15T08:49:18+00:00,MOTOR-001,52.26,1.42,8.86,1484.6,229.2,4.19,running,normal,normal
2026-01-15T08:49:19+00:00,MOTOR-001,52.14,1.41,8.89,1483.6,228.8,4.19,running,normal,normal
2026-01-15T08:49:20+00:00,MOTOR-001,52.14,1.48,8.83,1483.6,229.3,4.19,running,normal,normal
2026-01-15T08:49:21+00:00,MOTOR-001,52.19,1.46,8.92,1482.6,230.3,4.21,running,normal,normal
2026-01-15T08:49:22+00:00,MOTOR-001,52.16,1.45,8.86,1483.1,229.4,4.2,running,normal,normal
2026-01-15T08:49:23+00:00,MOTOR-001,52.21,1.42,8.9,1483.9,230.2,4.21,running,normal,normal
2026-01-15T08:49:24+00:00,MOTOR-001,52.16,1.38,8.83,1483.2,229.7,4.19,running,normal,normal
2026-01-15T08:49:25+00:00,MOTOR-001,52.11,1.37,8.85,1483.9,230.1,4.18,running,normal,normal
2026-01-15T08:49:26+00:00,MOTOR-001,52.1,1.38,8.83,1483.0,230.3,4.2,running,normal,normal
2026-01-15T08:49:27+00:00,MOTOR-001,51.99,1.35,8.85,1483.7,230.3,4.21,running,normal,normal
2026-01-15T08:49:28+00:00,MOTOR-001,52.03,1.33,8.83,1484.6,231.1,4.19,running,normal,normal
2026-01-15T08:49:29+00:00,MOTOR-001,51.96,1.39,8.96,1484.7,230.0,4.2,running,normal,normal
2026-01-15T08:49:30+00:00,MOTOR-001,51.85,1.35,8.96,1483.8,230.9,4.2,running,normal,normal
2026-01-15T08:49:31+00:00,MOTOR-001,51.88,1.32,8.99,1483.8,230.6,4.2,running,normal,normal
2026-01-15T08:49:32+00:00,MOTOR-001,51.93,1.31,9.05,1483.7,230.1,4.2,running,normal,normal
2026-01-15T08:49:33+00:00,MOTOR-001,51.88,1.3,8.97,1484.3,230.5,4.22,running,normal,normal
2026-01-15T08:49:34+00:00,MOTOR-001,51.72,1.28,8.91,1484.2,230.6,4.22,running,normal,normal
2026-01-15T08:49:35+00:00,MOTOR-001,51.75,1.29,8.93,1483.9,230.2,4.21,running,normal,normal
2026-01-15T08:49:36+00:00,MOTOR-001,51.72,1.29,8.83,1483.4,230.5,4.21,running,normal,normal
2026-01-15T08:49:37+00:00,MOTOR-001,51.55,1.26,8.82,1483.7,229.3,4.23,running,normal,normal
2026-01-15T08:49:38+00:00,MOTOR-001,51.64,1.33,8.85,1483.6,230.2,4.23,running,normal,normal
2026-01-15T08:49:39+00:00,MOTOR-001,51.53,1.37,9.01,1483.4,230.0,4.22,running,normal,normal
2026-01-15T08:49:40+00:00,MOTOR-001,51.58,1.36,9.0,1483.7,229.9,4.21,running,normal,normal
2026-01-15T08:49:41+00:00,MOTOR-001,51.55,1.3,8.93,1483.9,230.2,4.19,running,normal,normal
2026-01-15T08:49:42+00:00,MOTOR-001,51.64,1.3,8.89,1484.5,229.7,4.18,running,normal,normal
2026-01-15T08:49:43+00:00,MOTOR-001,51.61,1.27,9.03,1483.3,229.6,4.19,running,normal,normal
2026-01-15T08:49:44+00:00,MOTOR-001,51.59,1.25,9.03,1483.3,230.5,4.19,running,normal,normal
2026-01-15T08:49:45+00:00,MOTOR-001,51.53,1.29,9.02,1483.0,230.1,4.19,running,normal,normal
2026-01-15T08:49:46+00:00,MOTOR-001,51.46,1.32,8.93,1482.8,230.2,4.19,running,normal,normal
2026-01-15T08:49:47+00:00,MOTOR-001,51.48,1.3,8.94,1482.4,230.2,4.2,running,normal,normal
2026-01-15T08:49:48+00:00,MOTOR-001,51.45,1.28,8.99,1482.5,229.6,4.2,running,normal,normal
2026-01-15T08:49:49+00:00,MOTOR-001,51.47,1.32,8.92,1482.8,229.5,4.2,running,normal,normal
2026-01-15T08:49:50+00:00,MOTOR-001,51.42,1.33,8.99,1482.0,229.2,4.2,running,normal,normal
2026-01-15T08:49:51+00:00,MOTOR-001,51.47,1.32,8.95,1482.2,229.8,4.19,running,normal,normal
2026-01-15T08:49:52+00:00,MOTOR-001,51.44,1.28,8.97,1483.7,229.9,4.2,running,normal,normal
2026-01-15T08:49:53+00:00,MOTOR-001,51.46,1.29,8.93,1483.1,229.5,4.2,running,normal,normal
2026-01-15T08:49:54+00:00,MOTOR-001,51.42,1.24,8.94,1483.2,229.9,4.2,running,normal,normal
2026-01-15T08:49:55+00:00,MOTOR-001,51.39,1.3,8.87,1483.3,230.5,4.2,running,normal,normal
2026-01-15T08:49:56+00:00,MOTOR-001,51.32,1.38,8.92,1482.2,229.5,4.19,running,normal,normal
2026-01-15T08:49:57+00:00,MOTOR-001,51.15,1.38,8.92,1482.6,230.2,4.19,running,normal,normal
2026-01-15T08:49:58+00:00,MOTOR-001,51.06,1.31,8.88,1481.4,230.7,4.2,running,normal,normal
2026-01-15T08:49:59+00:00,MOTOR-001,51.14,1.33,8.84,1483.9,230.4,4.2,running,normal,normal
2026-01-15T08:50:00+00:00,MOTOR-001,56.32,1.37,9.06,1483.5,230.5,3.4,warning,low_pressure,warning
2026-01-15T08:50:01+00:00,MOTOR-001,60.16,1.42,9.05,1483.8,230.1,2.85,warning,low_pressure,warning
2026-01-15T08:50:02+00:00,MOTOR-001,63.06,1.43,9.07,1482.6,230.4,2.47,warning,low_pressure,warning
2026-01-15T08:50:03+00:00,MOTOR-001,65.42,1.44,8.99,1482.6,230.5,2.22,warning,low_pressure,warning
2026-01-15T08:50:04+00:00,MOTOR-001,67.09,1.45,9.01,1482.3,230.5,2.04,warning,low_pressure,warning
2026-01-15T08:50:05+00:00,MOTOR-001,68.29,1.44,9.02,1483.6,230.0,1.93,warning,low_pressure,critical
2026-01-15T08:50:06+00:00,MOTOR-001,69.26,1.33,9.03,1482.2,229.5,1.83,warning,low_pressure,critical
2026-01-15T08:50:07+00:00,MOTOR-001,69.96,1.29,8.98,1483.1,229.8,1.75,warning,low_pressure,critical
2026-01-15T08:50:08+00:00,MOTOR-001,70.51,1.32,9.02,1484.2,229.7,1.68,warning,low_pressure,critical
2026-01-15T08:50:09+00:00,MOTOR-001,70.68,1.35,9.04,1483.9,228.6,1.65,warning,low_pressure,critical
2026-01-15T08:50:10+00:00,MOTOR-001,71.07,1.32,9.01,1483.8,229.5,1.63,warning,low_pressure,critical
2026-01-15T08:50:11+00:00,MOTOR-001,71.28,1.36,8.99,1483.5,229.7,1.61,warning,low_pressure,critical
2026-01-15T08:50:12+00:00,MOTOR-001,71.55,1.36,9.0,1482.9,229.5,1.65,warning,low_pressure,critical
2026-01-15T08:50:13+00:00,MOTOR-001,71.85,1.38,9.04,1483.1,229.3,1.67,warning,low_pressure,critical
2026-01-15T08:50:14+00:00,MOTOR-001,71.86,1.38,8.98,1483.3,230.1,1.67,warning,low_pressure,critical
2026-01-15T08:50:15+00:00,MOTOR-001,72.14,1.35,8.92,1483.0,230.4,1.61,warning,low_pressure,critical
2026-01-15T08:50:16+00:00,MOTOR-001,72.29,1.35,9.0,1483.3,230.4,1.57,warning,low_pressure,critical
2026-01-15T08:50:17+00:00,MOTOR-001,72.08,1.41,8.99,1482.9,230.1,1.58,warning,low_pressure,critical
2026-01-15T08:50:18+00:00,MOTOR-001,72.16,1.45,9.07,1483.4,230.0,1.58,warning,low_pressure,critical
2026-01-15T08:50:19+00:00,MOTOR-001,72.32,1.44,9.01,1482.4,230.0,1.54,warning,low_pressure,critical
2026-01-15T08:50:20+00:00,MOTOR-001,72.36,1.46,8.99,1482.5,230.6,1.59,warning,low_pressure,critical
2026-01-15T08:50:21+00:00,MOTOR-001,72.46,1.5,8.98,1482.5,230.0,1.64,warning,low_pressure,critical
2026-01-15T08:50:22+00:00,MOTOR-001,72.43,1.49,9.02,1482.6,230.1,1.59,warning,low_pressure,critical
2026-01-15T08:50:23+00:00,MOTOR-001,72.27,1.5,8.97,1482.9,229.8,1.57,warning,low_pressure,critical
2026-01-15T08:50:24+00:00,MOTOR-001,72.22,1.5,8.97,1483.4,229.1,1.59,warning,low_pressure,critical
2026-01-15T08:50:25+00:00,MOTOR-001,72.07,1.54,8.98,1483.3,229.4,1.56,warning,low_pressure,critical
2026-01-15T08:50:26+00:00,MOTOR-001,72.05,1.5,9.0,1483.7,229.7,1.57,warning,low_pressure,critical
2026-01-15T08:50:27+00:00,MOTOR-001,71.9,1.49,9.01,1483.0,229.2,1.62,warning,low_pressure,critical
2026-01-15T08:50:28+00:00,MOTOR-001,71.98,1.54,9.07,1483.4,229.2,1.59,warning,low_pressure,critical
2026-01-15T08:50:29+00:00,MOTOR-001,71.81,1.52,8.97,1482.7,229.8,1.58,warning,low_pressure,critical
2026-01-15T08:50:30+00:00,MOTOR-001,71.89,1.54,8.98,1482.6,230.1,1.6,warning,low_pressure,critical
2026-01-15T08:50:31+00:00,MOTOR-001,71.97,1.59,9.01,1483.2,230.8,1.62,warning,low_pressure,critical
2026-01-15T08:50:32+00:00,MOTOR-001,71.94,1.59,8.99,1483.5,230.8,1.58,warning,low_pressure,critical
2026-01-15T08:50:33+00:00,MOTOR-001,71.82,1.59,8.97,1483.3,230.2,1.57,warning,low_pressure,critical
2026-01-15T08:50:34+00:00,MOTOR-001,71.82,1.54,9.0,1484.4,230.1,1.57,warning,low_pressure,critical
2026-01-15T08:50:35+00:00,MOTOR-001,71.81,1.54,9.0,1484.4,230.8,1.56,warning,low_pressure,critical
2026-01-15T08:50:36+00:00,MOTOR-001,71.64,1.56,9.01,1483.9,230.6,1.56,warning,low_pressure,critical
2026-01-15T08:50:37+00:00,MOTOR-001,71.52,1.55,8.95,1483.8,230.2,1.59,warning,low_pressure,critical
2026-01-15T08:50:38+00:00,MOTOR-001,71.67,1.51,8.96,1483.9,229.5,1.6,warning,low_pressure,critical
2026-01-15T08:50:39+00:00,MOTOR-001,71.88,1.49,8.92,1482.8,229.7,1.58,warning,low_pressure,critical
2026-01-15T08:50:40+00:00,MOTOR-001,71.91,1.56,8.91,1484.0,229.4,1.56,warning,low_pressure,critical
2026-01-15T08:50:41+00:00,MOTOR-001,72.04,1.59,9.02,1484.3,229.3,1.59,warning,low_pressure,critical
2026-01-15T08:50:42+00:00,MOTOR-001,72.06,1.58,9.04,1484.3,230.2,1.58,warning,low_pressure,critical
2026-01-15T08:50:43+00:00,MOTOR-001,72.06,1.59,9.03,1484.1,229.2,1.56,warning,low_pressure,critical
2026-01-15T08:50:44+00:00,MOTOR-001,72.16,1.59,9.06,1484.4,230.4,1.56,warning,low_pressure,critical
2026-01-15T08:50:45+00:00,MOTOR-001,72.22,1.61,8.99,1484.3,229.8,1.58,warning,low_pressure,critical
2026-01-15T08:50:46+00:00,MOTOR-001,72.06,1.59,8.91,1484.1,229.8,1.57,warning,low_pressure,critical
2026-01-15T08:50:47+00:00,MOTOR-001,72.0,1.62,8.83,1482.7,229.9,1.6,warning,low_pressure,critical
2026-01-15T08:50:48+00:00,MOTOR-001,71.84,1.61,8.89,1483.7,229.4,1.66,warning,low_pressure,critical
2026-01-15T08:50:49+00:00,MOTOR-001,71.89,1.65,8.95,1483.1,230.3,1.6,warning,low_pressure,critical
2026-01-15T08:50:50+00:00,MOTOR-001,72.2,1.6,8.99,1484.4,230.2,1.63,warning,low_pressure,critical
2026-01-15T08:50:51+00:00,MOTOR-001,72.19,1.55,9.01,1483.8,229.7,1.65,warning,low_pressure,critical
2026-01-15T08:50:52+00:00,MOTOR-001,72.12,1.58,9.02,1483.5,229.9,1.62,warning,low_pressure,critical
2026-01-15T08:50:53+00:00,MOTOR-001,72.06,1.59,9.04,1484.1,229.8,1.58,warning,low_pressure,critical
2026-01-15T08:50:54+00:00,MOTOR-001,72.1,1.54,9.0,1483.9,230.1,1.55,warning,low_pressure,critical
2026-01-15T08:50:55+00:00,MOTOR-001,71.96,1.51,8.94,1482.7,229.7,1.53,warning,low_pressure,critical
2026-01-15T08:50:56+00:00,MOTOR-001,71.79,1.55,8.98,1482.9,230.1,1.59,warning,low_pressure,critical
2026-01-15T08:50:57+00:00,MOTOR-001,71.72,1.56,8.98,1482.5,229.8,1.66,warning,low_pressure,critical
2026-01-15T08:50:58+00:00,MOTOR-001,71.85,1.58,8.93,1482.3,230.7,1.63,warning,low_pressure,critical
2026-01-15T08:50:59+00:00,MOTOR-001,72.07,1.58,9.02,1483.4,230.7,1.58,warning,low_pressure,critical
2026-01-15T08:51:00+00:00,MOTOR-001,71.97,1.52,9.06,1484.0,230.0,1.62,warning,low_pressure,critical
2026-01-15T08:51:01+00:00,MOTOR-001,71.95,1.57,9.04,1484.9,229.8,1.62,warning,low_pressure,critical
2026-01-15T08:51:02+00:00,MOTOR-001,71.97,1.55,9.01,1484.0,230.2,1.58,warning,low_pressure,critical
2026-01-15T08:51:03+00:00,MOTOR-001,71.85,1.55,8.98,1483.4,229.4,1.58,warning,low_pressure,critical
2026-01-15T08:51:04+00:00,MOTOR-001,71.94,1.59,9.04,1483.9,229.4,1.64,warning,low_pressure,critical
2026-01-15T08:51:05+00:00,MOTOR-001,72.1,1.61,9.07,1484.0,230.0,1.62,warning,low_pressure,critical
2026-01-15T08:51:06+00:00,MOTOR-001,71.98,1.6,8.99,1482.6,230.1,1.58,warning,low_pressure,critical
2026-01-15T08:51:07+00:00,MOTOR-001,72.21,1.55,8.94,1483.2,230.0,1.62,warning,low_pressure,critical
2026-01-15T08:51:08+00:00,MOTOR-001,72.05,1.47,9.03,1484.1,230.6,1.61,warning,low_pressure,critical
2026-01-15T08:51:09+00:00,MOTOR-001,72.04,1.48,8.99,1482.2,230.6,1.58,warning,low_pressure,critical
2026-01-15T08:51:10+00:00,MOTOR-001,72.08,1.56,9.05,1481.3,230.1,1.63,warning,low_pressure,critical
2026-01-15T08:51:11+00:00,MOTOR-001,72.02,1.56,9.01,1483.0,230.4,1.6,warning,low_pressure,critical
2026-01-15T08:51:12+00:00,MOTOR-001,72.04,1.55,9.0,1482.5,231.0,1.57,warning,low_pressure,critical
2026-01-15T08:51:13+00:00,MOTOR-001,72.27,1.5,9.0,1483.1,229.8,1.56,warning,low_pressure,critical
2026-01-15T08:51:14+00:00,MOTOR-001,72.04,1.47,8.91,1482.5,231.3,1.52,warning,low_pressure,critical
2026-01-15T08:51:15+00:00,MOTOR-001,71.97,1.44,8.87,1482.2,230.0,1.57,warning,low_pressure,critical
2026-01-15T08:51:16+00:00,MOTOR-001,72.02,1.45,8.95,1484.5,228.9,1.55,warning,low_pressure,critical
2026-01-15T08:51:17+00:00,MOTOR-001,72.19,1.48,8.96,1484.6,230.6,1.55,warning,low_pressure,critical
2026-01-15T08:51:18+00:00,MOTOR-001,72.06,1.42,8.98,1484.1,229.5,1.58,warning,low_pressure,critical
2026-01-15T08:51:19+00:00,MOTOR-001,72.02,1.4,9.0,1483.8,229.8,1.59,warning,low_pressure,critical
2026-01-15T08:51:20+00:00,MOTOR-001,71.94,1.4,8.96,1484.3,229.6,1.61,warning,low_pressure,critical
2026-01-15T08:51:21+00:00,MOTOR-001,71.96,1.37,8.98,1484.5,230.1,1.65,warning,low_pressure,critical
2026-01-15T08:51:22+00:00,MOTOR-001,71.68,1.4,8.99,1484.0,229.8,1.59,warning,low_pressure,critical
2026-01-15T08:51:23+00:00,MOTOR-001,71.91,1.42,8.92,1483.5,230.4,1.61,warning,low_pressure,critical
2026-01-15T08:51:24+00:00,MOTOR-001,71.61,1.35,8.89,1483.8,230.3,1.65,warning,low_pressure,critical
2026-01-15T08:51:25+00:00,MOTOR-001,71.58,1.33,8.83,1483.8,230.0,1.68,warning,low_pressure,critical
2026-01-15T08:51:26+00:00,MOTOR-001,71.68,1.35,8.83,1484.4,230.2,1.66,warning,low_pressure,critical
2026-01-15T08:51:27+00:00,MOTOR-001,71.8,1.36,8.85,1484.6,229.1,1.63,warning,low_pressure,critical
2026-01-15T08:51:28+00:00,MOTOR-001,71.94,1.39,8.9,1484.9,229.5,1.67,warning,low_pressure,critical
2026-01-15T08:51:29+00:00,MOTOR-001,72.05,1.36,8.88,1483.4,230.0,1.64,warning,low_pressure,critical
2026-01-15T08:51:30+00:00,MOTOR-001,72.12,1.35,8.96,1483.7,230.4,1.63,warning,low_pressure,critical
2026-01-15T08:51:31+00:00,MOTOR-001,72.3,1.31,8.91,1483.8,230.2,1.57,warning,low_pressure,critical
2026-01-15T08:51:32+00:00,MOTOR-001,72.01,1.29,8.95,1483.7,230.6,1.6,warning,low_pressure,critical
2026-01-15T08:51:33+00:00,MOTOR-001,72.03,1.34,8.9,1483.6,230.0,1.6,warning,low_pressure,critical
2026-01-15T08:51:34+00:00,MOTOR-001,71.88,1.37,8.95,1483.2,229.3,1.62,warning,low_pressure,critical
2026-01-15T08:51:35+00:00,MOTOR-001,71.7,1.33,9.0,1483.6,230.5,1.65,warning,low_pressure,critical
2026-01-15T08:51:36+00:00,MOTOR-001,71.83,1.37,9.05,1483.2,229.8,1.63,warning,low_pressure,critical
2026-01-15T08:51:37+00:00,MOTOR-001,71.88,1.33,9.04,1483.9,230.1,1.67,warning,low_pressure,critical
2026-01-15T08:51:38+00:00,MOTOR-001,71.89,1.3,9.02,1484.6,229.0,1.7,warning,low_pressure,critical
2026-01-15T08:51:39+00:00,MOTOR-001,71.86,1.28,8.88,1485.4,229.0,1.65,warning,low_pressure,critical
2026-01-15T08:51:40+00:00,MOTOR-001,71.79,1.3,8.8,1485.1,229.0,1.66,warning,low_pressure,critical
2026-01-15T08:51:41+00:00,MOTOR-001,71.99,1.33,8.78,1483.8,230.7,1.65,warning,low_pressure,critical
2026-01-15T08:51:42+00:00,MOTOR-001,72.1,1.24,8.89,1483.7,230.0,1.61,warning,low_pressure,critical
2026-01-15T08:51:43+00:00,MOTOR-001,72.16,1.31,8.97,1484.5,229.9,1.64,warning,low_pressure,critical
2026-01-15T08:51:44+00:00,MOTOR-001,72.08,1.35,8.93,1484.0,229.9,1.67,warning,low_pressure,critical
2026-01-15T08:51:45+00:00,MOTOR-001,72.3,1.3,8.91,1484.1,231.0,1.62,warning,low_pressure,critical
2026-01-15T08:51:46+00:00,MOTOR-001,72.26,1.26,8.84,1484.7,230.5,1.61,warning,low_pressure,critical
2026-01-15T08:51:47+00:00,MOTOR-001,72.06,1.23,8.86,1484.9,230.0,1.62,warning,low_pressure,critical
2026-01-15T08:51:48+00:00,MOTOR-001,72.13,1.28,8.84,1484.8,230.3,1.67,warning,low_pressure,critical
2026-01-15T08:51:49+00:00,MOTOR-001,72.26,1.26,8.99,1483.0,229.8,1.61,warning,low_pressure,critical
2026-01-15T08:51:50+00:00,MOTOR-001,72.1,1.27,8.88,1483.0,229.9,1.56,warning,low_pressure,critical
2026-01-15T08:51:51+00:00,MOTOR-001,72.11,1.3,8.93,1483.9,229.8,1.63,warning,low_pressure,critical
2026-01-15T08:51:52+00:00,MOTOR-001,72.19,1.31,8.91,1483.5,229.3,1.67,warning,low_pressure,critical
2026-01-15T08:51:53+00:00,MOTOR-001,72.0,1.3,8.87,1485.3,229.9,1.68,warning,low_pressure,critical
2026-01-15T08:51:54+00:00,MOTOR-001,72.24,1.31,8.87,1484.7,230.1,1.7,warning,low_pressure,critical
2026-01-15T08:51:55+00:00,MOTOR-001,72.17,1.29,8.86,1485.1,229.8,1.63,warning,low_pressure,critical
2026-01-15T08:51:56+00:00,MOTOR-001,72.26,1.25,8.87,1485.5,229.8,1.63,warning,low_pressure,critical
2026-01-15T08:51:57+00:00,MOTOR-001,72.29,1.29,8.93,1483.9,229.6,1.64,warning,low_pressure,critical
2026-01-15T08:51:58+00:00,MOTOR-001,72.41,1.33,8.85,1484.4,229.4,1.57,warning,low_pressure,critical
2026-01-15T08:51:59+00:00,MOTOR-001,72.17,1.33,8.92,1484.7,230.6,1.54,warning,low_pressure,critical
2026-01-15T08:52:00+00:00,MOTOR-001,72.23,1.37,8.9,1484.1,230.2,1.56,warning,low_pressure,critical
2026-01-15T08:52:01+00:00,MOTOR-001,72.4,1.35,8.8,1483.7,229.6,1.57,warning,low_pressure,critical
2026-01-15T08:52:02+00:00,MOTOR-001,72.34,1.35,8.83,1484.8,229.4,1.64,warning,low_pressure,critical
2026-01-15T08:52:03+00:00,MOTOR-001,72.31,1.35,8.8,1485.0,229.6,1.63,warning,low_pressure,critical
2026-01-15T08:52:04+00:00,MOTOR-001,72.06,1.38,8.85,1485.8,230.4,1.63,warning,low_pressure,critical
2026-01-15T08:52:05+00:00,MOTOR-001,72.04,1.38,8.84,1484.2,229.9,1.6,warning,low_pressure,critical
2026-01-15T08:52:06+00:00,MOTOR-001,72.07,1.39,8.85,1486.2,230.2,1.58,warning,low_pressure,critical
2026-01-15T08:52:07+00:00,MOTOR-001,71.85,1.36,8.86,1485.2,228.9,1.54,warning,low_pressure,critical
2026-01-15T08:52:08+00:00,MOTOR-001,71.84,1.36,8.89,1484.9,231.4,1.56,warning,low_pressure,critical
2026-01-15T08:52:09+00:00,MOTOR-001,71.97,1.3,8.79,1484.3,230.2,1.61,warning,low_pressure,critical
2026-01-15T08:52:10+00:00,MOTOR-001,72.13,1.31,8.8,1483.4,230.3,1.66,warning,low_pressure,critical
2026-01-15T08:52:11+00:00,MOTOR-001,71.96,1.34,8.71,1484.6,230.0,1.64,warning,low_pressure,critical
2026-01-15T08:52:12+00:00,MOTOR-001,72.11,1.36,8.72,1484.0,229.3,1.62,warning,low_pressure,critical
2026-01-15T08:52:13+00:00,MOTOR-001,72.06,1.36,8.72,1483.6,229.0,1.61,warning,low_pressure,critical
2026-01-15T08:52:14+00:00,MOTOR-001,72.01,1.39,8.66,1485.2,229.5,1.6,warning,low_pressure,critical
2026-01-15T08:52:15+00:00,MOTOR-001,72.01,1.35,8.74,1485.0,230.1,1.54,warning,low_pressure,critical
2026-01-15T08:52:16+00:00,MOTOR-001,71.99,1.35,8.81,1484.2,229.7,1.56,warning,low_pressure,critical
2026-01-15T08:52:17+00:00,MOTOR-001,72.22,1.39,8.86,1484.0,229.6,1.55,warning,low_pressure,critical
2026-01-15T08:52:18+00:00,MOTOR-001,72.27,1.44,8.88,1484.8,229.8,1.57,warning,low_pressure,critical
2026-01-15T08:52:19+00:00,MOTOR-001,72.05,1.46,8.87,1485.7,229.9,1.62,warning,low_pressure,critical
2026-01-15T08:52:20+00:00,MOTOR-001,72.18,1.5,8.85,1484.7,230.0,1.68,warning,low_pressure,critical
2026-01-15T08:52:21+00:00,MOTOR-001,72.21,1.43,8.79,1485.1,230.4,1.65,warning,low_pressure,critical
2026-01-15T08:52:22+00:00,MOTOR-001,72.23,1.43,8.86,1485.5,230.6,1.62,warning,low_pressure,critical
2026-01-15T08:52:23+00:00,MOTOR-001,72.09,1.43,8.79,1486.3,229.6,1.66,warning,low_pressure,critical
2026-01-15T08:52:24+00:00,MOTOR-001,72.02,1.46,8.83,1486.2,229.4,1.64,warning,low_pressure,critical
2026-01-15T08:52:25+00:00,MOTOR-001,72.01,1.46,8.88,1484.9,230.0,1.71,warning,low_pressure,critical
2026-01-15T08:52:26+00:00,MOTOR-001,71.93,1.52,8.9,1483.7,230.4,1.68,warning,low_pressure,critical
2026-01-15T08:52:27+00:00,MOTOR-001,72.09,1.49,8.87,1484.6,229.0,1.71,warning,low_pressure,critical
2026-01-15T08:52:28+00:00,MOTOR-001,72.13,1.45,8.95,1484.8,229.9,1.66,warning,low_pressure,critical
2026-01-15T08:52:29+00:00,MOTOR-001,72.2,1.39,8.91,1486.2,230.5,1.62,warning,low_pressure,critical
2026-01-15T08:52:30+00:00,MOTOR-001,72.19,1.36,8.9,1484.7,230.2,1.64,warning,low_pressure,critical
2026-01-15T08:52:31+00:00,MOTOR-001,72.26,1.43,8.85,1485.1,230.0,1.63,warning,low_pressure,critical
2026-01-15T08:52:32+00:00,MOTOR-001,72.23,1.45,8.88,1484.0,230.0,1.64,warning,low_pressure,critical
2026-01-15T08:52:33+00:00,MOTOR-001,72.09,1.49,8.89,1485.1,230.5,1.65,warning,low_pressure,critical
2026-01-15T08:52:34+00:00,MOTOR-001,72.15,1.49,8.83,1484.7,229.4,1.59,warning,low_pressure,critical
2026-01-15T08:52:35+00:00,MOTOR-001,72.08,1.6,8.76,1486.0,229.8,1.58,warning,low_pressure,critical
2026-01-15T08:52:36+00:00,MOTOR-001,72.14,1.56,8.72,1485.3,230.3,1.62,warning,low_pressure,critical
2026-01-15T08:52:37+00:00,MOTOR-001,71.96,1.55,8.72,1485.5,230.0,1.59,warning,low_pressure,critical
2026-01-15T08:52:38+00:00,MOTOR-001,72.11,1.56,8.73,1484.3,229.8,1.62,warning,low_pressure,critical
2026-01-15T08:52:39+00:00,MOTOR-001,72.12,1.6,8.72,1485.0,230.4,1.62,warning,low_pressure,critical
2026-01-15T08:52:40+00:00,MOTOR-001,72.04,1.56,8.71,1484.9,230.3,1.59,warning,low_pressure,critical
2026-01-15T08:52:41+00:00,MOTOR-001,72.01,1.6,8.69,1484.6,230.4,1.59,warning,low_pressure,critical
2026-01-15T08:52:42+00:00,MOTOR-001,72.02,1.59,8.73,1484.2,230.8,1.54,warning,low_pressure,critical
2026-01-15T08:52:43+00:00,MOTOR-001,71.78,1.57,8.72,1484.5,231.5,1.53,warning,low_pressure,critical
2026-01-15T08:52:44+00:00,MOTOR-001,71.81,1.61,8.7,1485.0,230.8,1.56,warning,low_pressure,critical
2026-01-15T08:52:45+00:00,MOTOR-001,71.84,1.62,8.75,1486.1,231.0,1.51,warning,low_pressure,critical
2026-01-15T08:52:46+00:00,MOTOR-001,71.95,1.57,8.78,1486.5,230.3,1.52,warning,low_pressure,critical
2026-01-15T08:52:47+00:00,MOTOR-001,72.1,1.59,8.77,1485.6,229.7,1.53,warning,low_pressure,critical
2026-01-15T08:52:48+00:00,MOTOR-001,72.11,1.61,8.72,1484.8,229.5,1.61,warning,low_pressure,critical
2026-01-15T08:52:49+00:00,MOTOR-001,72.13,1.54,8.68,1484.9,229.2,1.61,warning,low_pressure,critical
2026-01-15T08:52:50+00:00,MOTOR-001,72.05,1.59,8.64,1486.1,229.8,1.54,warning,low_pressure,critical
2026-01-15T08:52:51+00:00,MOTOR-001,71.99,1.62,8.63,1486.6,230.5,1.56,warning,low_pressure,critical
2026-01-15T08:52:52+00:00,MOTOR-001,72.0,1.66,8.65,1486.3,231.0,1.59,warning,low_pressure,critical
2026-01-15T08:52:53+00:00,MOTOR-001,71.9,1.67,8.69,1486.5,230.9,1.55,warning,low_pressure,critical
2026-01-15T08:52:54+00:00,MOTOR-001,72.11,1.66,8.7,1485.3,230.4,1.54,warning,low_pressure,critical
2026-01-15T08:52:55+00:00,MOTOR-001,71.97,1.57,8.61,1485.3,230.2,1.49,warning,low_pressure,critical
2026-01-15T08:52:56+00:00,MOTOR-001,71.67,1.57,8.58,1485.0,230.0,1.52,warning,low_pressure,critical
2026-01-15T08:52:57+00:00,MOTOR-001,71.8,1.62,8.58,1485.0,230.9,1.52,warning,low_pressure,critical
2026-01-15T08:52:58+00:00,MOTOR-001,71.76,1.62,8.63,1485.1,230.3,1.55,warning,low_pressure,critical
2026-01-15T08:52:59+00:00,MOTOR-001,71.99,1.61,8.69,1484.7,230.2,1.55,warning,low_pressure,critical
2026-01-15T08:53:00+00:00,MOTOR-001,71.94,1.65,8.64,1485.9,229.7,1.57,warning,low_pressure,critical
2026-01-15T08:53:01+00:00,MOTOR-001,72.04,1.6,8.73,1485.3,230.1,1.58,warning,low_pressure,critical
2026-01-15T08:53:02+00:00,MOTOR-001,72.16,1.61,8.67,1486.2,229.7,1.53,warning,low_pressure,critical
2026-01-15T08:53:03+00:00,MOTOR-001,72.13,1.57,8.64,1485.6,229.6,1.53,warning,low_pressure,critical
2026-01-15T08:53:04+00:00,MOTOR-001,72.38,1.6,8.62,1485.5,230.2,1.57,warning,low_pressure,critical
2026-01-15T08:53:05+00:00,MOTOR-001,72.15,1.61,8.66,1485.1,229.3,1.57,warning,low_pressure,critical
2026-01-15T08:53:06+00:00,MOTOR-001,72.09,1.59,8.64,1487.1,230.4,1.61,warning,low_pressure,critical
2026-01-15T08:53:07+00:00,MOTOR-001,72.18,1.53,8.62,1486.7,230.7,1.64,warning,low_pressure,critical
2026-01-15T08:53:08+00:00,MOTOR-001,71.92,1.54,8.66,1487.1,230.0,1.63,warning,low_pressure,critical
2026-01-15T08:53:09+00:00,MOTOR-001,71.67,1.57,8.62,1486.1,229.7,1.61,warning,low_pressure,critical
2026-01-15T08:53:10+00:00,MOTOR-001,71.8,1.58,8.61,1486.6,230.3,1.59,warning,low_pressure,critical
2026-01-15T08:53:11+00:00,MOTOR-001,71.91,1.58,8.61,1486.9,229.9,1.59,warning,low_pressure,critical
2026-01-15T08:53:12+00:00,MOTOR-001,72.04,1.6,8.63,1485.9,229.8,1.57,warning,low_pressure,critical
2026-01-15T08:53:13+00:00,MOTOR-001,71.92,1.55,8.64,1486.8,230.1,1.55,warning,low_pressure,critical
2026-01-15T08:53:14+00:00,MOTOR-001,71.74,1.54,8.68,1487.7,229.9,1.6,warning,low_pressure,critical
2026-01-15T08:53:15+00:00,MOTOR-001,71.88,1.54,8.68,1486.2,229.3,1.62,warning,low_pressure,critical
2026-01-15T08:53:16+00:00,MOTOR-001,71.82,1.56,8.71,1486.1,230.0,1.59,warning,low_pressure,critical
2026-01-15T08:53:17+00:00,MOTOR-001,71.9,1.48,8.7,1485.6,229.8,1.62,warning,low_pressure,critical
2026-01-15T08:53:18+00:00,MOTOR-001,71.74,1.55,8.7,1485.4,229.7,1.6,warning,low_pressure,critical
2026-01-15T08:53:19+00:00,MOTOR-001,71.83,1.5,8.61,1486.1,229.5,1.59,warning,low_pressure,critical
2026-01-15T08:53:20+00:00,MOTOR-001,71.73,1.48,8.75,1485.6,229.7,1.57,warning,low_pressure,critical
2026-01-15T08:53:21+00:00,MOTOR-001,71.83,1.45,8.67,1485.3,230.3,1.59,warning,low_pressure,critical
2026-01-15T08:53:22+00:00,MOTOR-001,72.0,1.48,8.7,1485.5,229.5,1.59,warning,low_pressure,critical
2026-01-15T08:53:23+00:00,MOTOR-001,71.84,1.48,8.72,1484.9,229.9,1.6,warning,low_pressure,critical
2026-01-15T08:53:24+00:00,MOTOR-001,71.8,1.46,8.62,1485.5,229.8,1.56,warning,low_pressure,critical
2026-01-15T08:53:25+00:00,MOTOR-001,71.76,1.51,8.6,1485.6,230.0,1.61,warning,low_pressure,critical
2026-01-15T08:53:26+00:00,MOTOR-001,71.84,1.52,8.62,1485.2,229.6,1.57,warning,low_pressure,critical
2026-01-15T08:53:27+00:00,MOTOR-001,72.04,1.5,8.58,1486.9,229.4,1.57,warning,low_pressure,critical
2026-01-15T08:53:28+00:00,MOTOR-001,72.06,1.42,8.58,1486.2,230.3,1.54,warning,low_pressure,critical
2026-01-15T08:53:29+00:00,MOTOR-001,72.22,1.45,8.49,1485.6,230.0,1.56,warning,low_pressure,critical
2026-01-15T08:53:30+00:00,MOTOR-001,72.32,1.41,8.63,1485.7,229.9,1.58,warning,low_pressure,critical
2026-01-15T08:53:31+00:00,MOTOR-001,72.3,1.42,8.62,1485.7,230.6,1.53,warning,low_pressure,critical
2026-01-15T08:53:32+00:00,MOTOR-001,72.09,1.36,8.61,1486.9,230.5,1.54,warning,low_pressure,critical
2026-01-15T08:53:33+00:00,MOTOR-001,72.22,1.44,8.56,1486.8,230.0,1.53,warning,low_pressure,critical
2026-01-15T08:53:34+00:00,MOTOR-001,72.34,1.38,8.64,1487.0,230.3,1.56,warning,low_pressure,critical
2026-01-15T08:53:35+00:00,MOTOR-001,72.05,1.42,8.5,1486.3,230.1,1.58,warning,low_pressure,critical
2026-01-15T08:53:36+00:00,MOTOR-001,72.04,1.34,8.49,1486.4,230.3,1.54,warning,low_pressure,critical
2026-01-15T08:53:37+00:00,MOTOR-001,72.08,1.36,8.61,1486.0,230.7,1.58,warning,low_pressure,critical
2026-01-15T08:53:38+00:00,MOTOR-001,72.2,1.37,8.6,1485.1,229.9,1.57,warning,low_pressure,critical
2026-01-15T08:53:39+00:00,MOTOR-001,72.12,1.42,8.66,1485.8,229.9,1.62,warning,low_pressure,critical
2026-01-15T08:53:40+00:00,MOTOR-001,71.93,1.39,8.65,1485.7,229.8,1.61,warning,low_pressure,critical
2026-01-15T08:53:41+00:00,MOTOR-001,71.98,1.37,8.66,1487.5,229.4,1.64,warning,low_pressure,critical
2026-01-15T08:53:42+00:00,MOTOR-001,71.96,1.41,8.65,1487.1,229.3,1.62,warning,low_pressure,critical
2026-01-15T08:53:43+00:00,MOTOR-001,72.0,1.41,8.68,1486.5,229.8,1.65,warning,low_pressure,critical
2026-01-15T08:53:44+00:00,MOTOR-001,72.17,1.35,8.6,1486.4,230.8,1.66,warning,low_pressure,critical
2026-01-15T08:53:45+00:00,MOTOR-001,72.19,1.38,8.61,1487.2,230.5,1.6,warning,low_pressure,critical
2026-01-15T08:53:46+00:00,MOTOR-001,72.27,1.37,8.42,1488.0,229.7,1.58,warning,low_pressure,critical
2026-01-15T08:53:47+00:00,MOTOR-001,72.24,1.37,8.49,1487.3,229.5,1.6,warning,low_pressure,critical
2026-01-15T08:53:48+00:00,MOTOR-001,72.02,1.29,8.55,1486.1,230.1,1.55,warning,low_pressure,critical
2026-01-15T08:53:49+00:00,MOTOR-001,71.96,1.33,8.55,1487.1,229.2,1.59,warning,low_pressure,critical
2026-01-15T08:53:50+00:00,MOTOR-001,72.29,1.27,8.51,1487.4,230.6,1.58,warning,low_pressure,critical
2026-01-15T08:53:51+00:00,MOTOR-001,72.14,1.33,8.63,1486.8,229.7,1.58,warning,low_pressure,critical
2026-01-15T08:53:52+00:00,MOTOR-001,72.07,1.36,8.65,1486.1,230.4,1.5,warning,low_pressure,critical
2026-01-15T08:53:53+00:00,MOTOR-001,71.99,1.4,8.61,1485.9,230.0,1.58,warning,low_pressure,critical
2026-01-15T08:53:54+00:00,MOTOR-001,72.13,1.34,8.52,1486.2,229.1,1.63,warning,low_pressure,critical
2026-01-15T08:53:55+00:00,MOTOR-001,72.16,1.25,8.57,1486.1,229.6,1.61,warning,low_pressure,critical
2026-01-15T08:53:56+00:00,MOTOR-001,72.21,1.32,8.51,1485.8,229.0,1.62,warning,low_pressure,critical
2026-01-15T08:53:57+00:00,MOTOR-001,72.07,1.3,8.64,1486.1,229.2,1.6,warning,low_pressure,critical
2026-01-15T08:53:58+00:00,MOTOR-001,72.09,1.31,8.56,1487.2,229.5,1.61,warning,low_pressure,critical
2026-01-15T08:53:59+00:00,MOTOR-001,72.03,1.27,8.64,1485.9,229.6,1.62,warning,low_pressure,critical
2026-01-15T08:54:00+00:00,MOTOR-001,72.12,1.27,8.64,1486.6,230.2,1.65,warning,low_pressure,critical
2026-01-15T08:54:01+00:00,MOTOR-001,72.23,1.31,8.58,1486.9,230.7,1.63,warning,low_pressure,critical
2026-01-15T08:54:02+00:00,MOTOR-001,72.27,1.33,8.6,1486.9,230.9,1.62,warning,low_pressure,critical
2026-01-15T08:54:03+00:00,MOTOR-001,72.25,1.33,8.63,1487.0,230.5,1.6,warning,low_pressure,critical
2026-01-15T08:54:04+00:00,MOTOR-001,72.02,1.32,8.58,1487.2,230.3,1.52,warning,low_pressure,critical
2026-01-15T08:54:05+00:00,MOTOR-001,71.89,1.29,8.64,1487.4,230.2,1.54,warning,low_pressure,critical
2026-01-15T08:54:06+00:00,MOTOR-001,71.92,1.31,8.61,1486.9,229.0,1.55,warning,low_pressure,critical
2026-01-15T08:54:07+00:00,MOTOR-001,71.86,1.3,8.59,1486.9,229.4,1.57,warning,low_pressure,critical
2026-01-15T08:54:08+00:00,MOTOR-001,72.03,1.37,8.65,1487.8,229.3,1.58,warning,low_pressure,critical
2026-01-15T08:54:09+00:00,MOTOR-001,72.21,1.4,8.64,1487.4,229.6,1.59,warning,low_pressure,critical
2026-01-15T08:54:10+00:00,MOTOR-001,71.98,1.42,8.64,1486.3,230.6,1.59,warning,low_pressure,critical
2026-01-15T08:54:11+00:00,MOTOR-001,71.92,1.41,8.69,1484.6,230.1,1.59,warning,low_pressure,critical
2026-01-15T08:54:12+00:00,MOTOR-001,71.88,1.41,8.62,1485.6,229.5,1.56,warning,low_pressure,critical
2026-01-15T08:54:13+00:00,MOTOR-001,71.81,1.39,8.65,1486.6,229.8,1.55,warning,low_pressure,critical
2026-01-15T08:54:14+00:00,MOTOR-001,71.95,1.43,8.67,1486.5,230.2,1.52,warning,low_pressure,critical
2026-01-15T08:54:15+00:00,MOTOR-001,71.75,1.37,8.59,1486.6,230.1,1.59,warning,low_pressure,critical
2026-01-15T08:54:16+00:00,MOTOR-001,71.65,1.42,8.57,1487.0,229.6,1.58,warning,low_pressure,critical
2026-01-15T08:54:17+00:00,MOTOR-001,72.0,1.42,8.49,1487.3,229.8,1.56,warning,low_pressure,critical
2026-01-15T08:54:18+00:00,MOTOR-001,72.02,1.43,8.53,1486.6,230.2,1.58,warning,low_pressure,critical
2026-01-15T08:54:19+00:00,MOTOR-001,72.0,1.4,8.6,1486.5,230.4,1.54,warning,low_pressure,critical
2026-01-15T08:54:20+00:00,MOTOR-001,72.04,1.36,8.64,1486.7,230.5,1.53,warning,low_pressure,critical
2026-01-15T08:54:21+00:00,MOTOR-001,71.89,1.38,8.61,1486.4,229.9,1.6,warning,low_pressure,critical
2026-01-15T08:54:22+00:00,MOTOR-001,72.01,1.41,8.67,1486.1,230.2,1.57,warning,low_pressure,critical
2026-01-15T08:54:23+00:00,MOTOR-001,72.22,1.46,8.6,1486.3,230.1,1.58,warning,low_pressure,critical
2026-01-15T08:54:24+00:00,MOTOR-001,72.22,1.47,8.51,1486.9,229.9,1.57,warning,low_pressure,critical
2026-01-15T08:54:25+00:00,MOTOR-001,71.99,1.53,8.62,1485.8,230.1,1.54,warning,low_pressure,critical
2026-01-15T08:54:26+00:00,MOTOR-001,71.93,1.46,8.58,1486.4,230.1,1.53,warning,low_pressure,critical
2026-01-15T08:54:27+00:00,MOTOR-001,71.94,1.41,8.55,1487.5,228.7,1.58,warning,low_pressure,critical
2026-01-15T08:54:28+00:00,MOTOR-001,71.86,1.41,8.57,1487.9,229.9,1.61,warning,low_pressure,critical
2026-01-15T08:54:29+00:00,MOTOR-001,71.83,1.37,8.44,1487.0,229.2,1.62,warning,low_pressure,critical
2026-01-15T08:54:30+00:00,MOTOR-001,71.73,1.43,8.59,1485.9,229.3,1.65,warning,low_pressure,critical
2026-01-15T08:54:31+00:00,MOTOR-001,71.93,1.46,8.65,1486.9,230.3,1.63,warning,low_pressure,critical
2026-01-15T08:54:32+00:00,MOTOR-001,72.05,1.52,8.58,1487.2,229.3,1.63,warning,low_pressure,critical
2026-01-15T08:54:33+00:00,MOTOR-001,71.95,1.5,8.54,1488.3,229.4,1.59,warning,low_pressure,critical
2026-01-15T08:54:34+00:00,MOTOR-001,72.08,1.55,8.53,1487.5,228.9,1.56,warning,low_pressure,critical
2026-01-15T08:54:35+00:00,MOTOR-001,72.15,1.5,8.65,1487.0,229.3,1.59,warning,low_pressure,critical
2026-01-15T08:54:36+00:00,MOTOR-001,72.04,1.5,8.64,1486.3,229.2,1.57,warning,low_pressure,critical
2026-01-15T08:54:37+00:00,MOTOR-001,72.04,1.49,8.55,1486.2,229.9,1.56,warning,low_pressure,critical
2026-01-15T08:54:38+00:00,MOTOR-001,71.66,1.45,8.52,1486.9,231.0,1.58,warning,low_pressure,critical
2026-01-15T08:54:39+00:00,MOTOR-001,71.71,1.52,8.54,1487.1,230.5,1.63,warning,low_pressure,critical
2026-01-15T08:54:40+00:00,MOTOR-001,71.92,1.55,8.59,1487.9,230.2,1.64,warning,low_pressure,critical
2026-01-15T08:54:41+00:00,MOTOR-001,71.67,1.54,8.55,1488.2,230.5,1.67,warning,low_pressure,critical
2026-01-15T08:54:42+00:00,MOTOR-001,71.81,1.61,8.59,1488.0,230.6,1.64,warning,low_pressure,critical
2026-01-15T08:54:43+00:00,MOTOR-001,71.85,1.62,8.54,1488.1,230.1,1.61,warning,low_pressure,critical
2026-01-15T08:54:44+00:00,MOTOR-001,71.79,1.59,8.61,1486.4,230.0,1.62,warning,low_pressure,critical
2026-01-15T08:54:45+00:00,MOTOR-001,71.69,1.57,8.61,1486.9,230.6,1.61,warning,low_pressure,critical
2026-01-15T08:54:46+00:00,MOTOR-001,72.07,1.57,8.6,1487.4,230.8,1.57,warning,low_pressure,critical
2026-01-15T08:54:47+00:00,MOTOR-001,71.82,1.63,8.66,1487.1,230.5,1.63,warning,low_pressure,critical
2026-01-15T08:54:48+00:00,MOTOR-001,71.56,1.6,8.6,1487.2,230.1,1.61,warning,low_pressure,critical
2026-01-15T08:54:49+00:00,MOTOR-001,71.62,1.61,8.67,1487.4,230.2,1.67,warning,low_pressure,critical
2026-01-15T08:54:50+00:00,MOTOR-001,71.68,1.57,8.77,1486.5,230.2,1.62,warning,low_pressure,critical
2026-01-15T08:54:51+00:00,MOTOR-001,71.86,1.58,8.76,1486.4,230.3,1.66,warning,low_pressure,critical
2026-01-15T08:54:52+00:00,MOTOR-001,71.79,1.54,8.71,1486.3,230.4,1.63,warning,low_pressure,critical
2026-01-15T08:54:53+00:00,MOTOR-001,71.85,1.6,8.69,1487.7,229.6,1.61,warning,low_pressure,critical
2026-01-15T08:54:54+00:00,MOTOR-001,71.91,1.6,8.63,1487.3,229.7,1.65,warning,low_pressure,critical
2026-01-15T08:54:55+00:00,MOTOR-001,71.92,1.55,8.72,1487.1,229.5,1.65,warning,low_pressure,critical
2026-01-15T08:54:56+00:00,MOTOR-001,72.07,1.61,8.75,1488.0,230.7,1.63,warning,low_pressure,critical
2026-01-15T08:54:57+00:00,MOTOR-001,71.93,1.59,8.7,1486.5,230.0,1.61,warning,low_pressure,critical
2026-01-15T08:54:58+00:00,MOTOR-001,71.84,1.65,8.69,1487.7,230.5,1.61,warning,low_pressure,critical
2026-01-15T08:54:59+00:00,MOTOR-001,71.89,1.61,8.68,1487.4,230.8,1.54,warning,low_pressure,critical
2026-01-15T08:55:00+00:00,MOTOR-001,71.83,1.58,8.6,1487.0,229.5,1.58,warning,low_pressure,critical
2026-01-15T08:55:01+00:00,MOTOR-001,72.04,1.59,8.67,1487.5,229.7,1.56,warning,low_pressure,critical
2026-01-15T08:55:02+00:00,MOTOR-001,71.88,1.57,8.68,1487.4,230.3,1.53,warning,low_pressure,critical
2026-01-15T08:55:03+00:00,MOTOR-001,71.85,1.58,8.64,1486.8,230.0,1.56,warning,low_pressure,critical
2026-01-15T08:55:04+00:00,MOTOR-001,71.89,1.56,8.66,1487.8,230.5,1.59,warning,low_pressure,critical
2026-01-15T08:55:05+00:00,MOTOR-001,72.18,1.55,8.62,1487.5,230.8,1.55,warning,low_pressure,critical
2026-01-15T08:55:06+00:00,MOTOR-001,72.06,1.54,8.64,1487.5,230.0,1.54,warning,low_pressure,critical
2026-01-15T08:55:07+00:00,MOTOR-001,72.28,1.58,8.75,1487.4,229.4,1.54,warning,low_pressure,critical
2026-01-15T08:55:08+00:00,MOTOR-001,72.17,1.58,8.75,1486.9,230.1,1.54,warning,low_pressure,critical
2026-01-15T08:55:09+00:00,MOTOR-001,71.87,1.61,8.66,1486.9,229.9,1.52,warning,low_pressure,critical
2026-01-15T08:55:10+00:00,MOTOR-001,71.77,1.58,8.67,1486.5,230.4,1.55,warning,low_pressure,critical
2026-01-15T08:55:11+00:00,MOTOR-001,72.08,1.56,8.69,1487.2,229.9,1.54,warning,low_pressure,critical
2026-01-15T08:55:12+00:00,MOTOR-001,72.17,1.56,8.74,1487.0,229.5,1.52,warning,low_pressure,critical
2026-01-15T08:55:13+00:00,MOTOR-001,72.03,1.62,8.77,1486.3,230.1,1.5,warning,low_pressure,critical
2026-01-15T08:55:14+00:00,MOTOR-001,71.79,1.67,8.69,1486.0,230.4,1.58,warning,low_pressure,critical
2026-01-15T08:55:15+00:00,MOTOR-001,71.85,1.58,8.69,1486.4,230.9,1.55,warning,low_pressure,critical
2026-01-15T08:55:16+00:00,MOTOR-001,71.96,1.61,8.63,1487.2,231.2,1.58,warning,low_pressure,critical
2026-01-15T08:55:17+00:00,MOTOR-001,71.87,1.59,8.61,1487.5,231.3,1.58,warning,low_pressure,critical
2026-01-15T08:55:18+00:00,MOTOR-001,71.88,1.49,8.72,1486.8,230.7,1.6,warning,low_pressure,critical
2026-01-15T08:55:19+00:00,MOTOR-001,72.06,1.52,8.63,1487.7,230.2,1.58,warning,low_pressure,critical
2026-01-15T08:55:20+00:00,MOTOR-001,72.38,1.45,8.63,1486.8,230.6,1.6,warning,low_pressure,critical
2026-01-15T08:55:21+00:00,MOTOR-001,72.11,1.42,8.66,1487.9,230.5,1.56,warning,low_pressure,critical
2026-01-15T08:55:22+00:00,MOTOR-001,71.86,1.44,8.67,1488.0,229.6,1.59,warning,low_pressure,critical
2026-01-15T08:55:23+00:00,MOTOR-001,71.79,1.48,8.7,1487.4,230.1,1.63,warning,low_pressure,critical
2026-01-15T08:55:24+00:00,MOTOR-001,71.78,1.49,8.71,1487.2,230.0,1.59,warning,low_pressure,critical
2026-01-15T08:55:25+00:00,MOTOR-001,71.75,1.44,8.63,1487.5,229.2,1.58,warning,low_pressure,critical
2026-01-15T08:55:26+00:00,MOTOR-001,71.91,1.47,8.72,1486.4,229.4,1.65,warning,low_pressure,critical
2026-01-15T08:55:27+00:00,MOTOR-001,71.98,1.49,8.68,1487.1,230.2,1.66,warning,low_pressure,critical
2026-01-15T08:55:28+00:00,MOTOR-001,72.15,1.46,8.7,1487.8,229.8,1.65,warning,low_pressure,critical
2026-01-15T08:55:29+00:00,MOTOR-001,71.93,1.44,8.77,1486.6,229.5,1.65,warning,low_pressure,critical
2026-01-15T08:55:30+00:00,MOTOR-001,71.89,1.47,8.74,1486.2,230.1,1.64,warning,low_pressure,critical
2026-01-15T08:55:31+00:00,MOTOR-001,71.88,1.47,8.7,1486.6,230.0,1.62,warning,low_pressure,critical
2026-01-15T08:55:32+00:00,MOTOR-001,72.09,1.45,8.75,1487.0,229.9,1.61,warning,low_pressure,critical
2026-01-15T08:55:33+00:00,MOTOR-001,72.11,1.43,8.76,1486.6,230.0,1.61,warning,low_pressure,critical
2026-01-15T08:55:34+00:00,MOTOR-001,72.17,1.43,8.77,1486.9,230.7,1.58,warning,low_pressure,critical
2026-01-15T08:55:35+00:00,MOTOR-001,72.15,1.41,8.81,1485.5,230.1,1.61,warning,low_pressure,critical
2026-01-15T08:55:36+00:00,MOTOR-001,72.07,1.37,8.73,1484.9,229.9,1.59,warning,low_pressure,critical
2026-01-15T08:55:37+00:00,MOTOR-001,72.07,1.32,8.77,1486.2,230.0,1.56,warning,low_pressure,critical
2026-01-15T08:55:38+00:00,MOTOR-001,72.22,1.32,8.8,1485.6,230.8,1.54,warning,low_pressure,critical
2026-01-15T08:55:39+00:00,MOTOR-001,72.12,1.31,8.9,1485.9,231.0,1.57,warning,low_pressure,critical
2026-01-15T08:55:40+00:00,MOTOR-001,72.13,1.28,8.81,1487.0,231.2,1.56,warning,low_pressure,critical
2026-01-15T08:55:41+00:00,MOTOR-001,72.18,1.3,8.82,1487.3,230.5,1.53,warning,low_pressure,critical
2026-01-15T08:55:42+00:00,MOTOR-001,72.05,1.37,8.75,1486.0,229.6,1.54,warning,low_pressure,critical
2026-01-15T08:55:43+00:00,MOTOR-001,72.12,1.41,8.82,1486.4,230.0,1.58,warning,low_pressure,critical
2026-01-15T08:55:44+00:00,MOTOR-001,72.02,1.37,8.83,1485.8,229.5,1.6,warning,low_pressure,critical
2026-01-15T08:55:45+00:00,MOTOR-001,71.98,1.32,8.71,1486.9,229.0,1.59,warning,low_pressure,critical
2026-01-15T08:55:46+00:00,MOTOR-001,71.9,1.34,8.75,1485.9,230.1,1.56,warning,low_pressure,critical
2026-01-15T08:55:47+00:00,MOTOR-001,71.81,1.33,8.83,1486.8,230.9,1.61,warning,low_pressure,critical
2026-01-15T08:55:48+00:00,MOTOR-001,71.81,1.35,8.76,1486.7,229.6,1.61,warning,low_pressure,critical
2026-01-15T08:55:49+00:00,MOTOR-001,71.75,1.31,8.72,1487.1,230.5,1.59,warning,low_pressure,critical
2026-01-15T08:55:50+00:00,MOTOR-001,71.84,1.31,8.73,1486.8,229.6,1.66,warning,low_pressure,critical
2026-01-15T08:55:51+00:00,MOTOR-001,71.84,1.3,8.84,1486.8,229.2,1.67,warning,low_pressure,critical
2026-01-15T08:55:52+00:00,MOTOR-001,71.69,1.32,8.83,1487.4,230.2,1.64,warning,low_pressure,critical
2026-01-15T08:55:53+00:00,MOTOR-001,71.6,1.32,8.87,1487.2,229.2,1.63,warning,low_pressure,critical
2026-01-15T08:55:54+00:00,MOTOR-001,71.84,1.31,8.81,1486.5,229.5,1.57,warning,low_pressure,critical
2026-01-15T08:55:55+00:00,MOTOR-001,71.94,1.35,8.7,1486.0,229.4,1.55,warning,low_pressure,critical
2026-01-15T08:55:56+00:00,MOTOR-001,72.01,1.31,8.74,1486.4,229.4,1.61,warning,low_pressure,critical
2026-01-15T08:55:57+00:00,MOTOR-001,72.06,1.25,8.79,1487.0,229.9,1.65,warning,low_pressure,critical
2026-01-15T08:55:58+00:00,MOTOR-001,72.01,1.29,8.86,1487.6,230.4,1.66,warning,low_pressure,critical
2026-01-15T08:55:59+00:00,MOTOR-001,71.96,1.27,8.85,1486.2,229.8,1.64,warning,low_pressure,critical
2026-01-15T08:56:00+00:00,MOTOR-001,72.11,1.28,8.91,1487.1,230.0,1.62,warning,low_pressure,critical
2026-01-15T08:56:01+00:00,MOTOR-001,71.98,1.34,8.92,1487.5,230.3,1.63,warning,low_pressure,critical
2026-01-15T08:56:02+00:00,MOTOR-001,71.8,1.33,8.84,1487.7,231.6,1.61,warning,low_pressure,critical
2026-01-15T08:56:03+00:00,MOTOR-001,71.83,1.3,8.86,1488.3,230.2,1.57,warning,low_pressure,critical
2026-01-15T08:56:04+00:00,MOTOR-001,71.84,1.31,8.86,1487.8,230.2,1.53,warning,low_pressure,critical
2026-01-15T08:56:05+00:00,MOTOR-001,71.74,1.31,8.88,1487.4,230.3,1.63,warning,low_pressure,critical
2026-01-15T08:56:06+00:00,MOTOR-001,72.0,1.31,8.86,1487.6,229.0,1.54,warning,low_pressure,critical
2026-01-15T08:56:07+00:00,MOTOR-001,71.93,1.33,8.79,1487.0,229.7,1.54,warning,low_pressure,critical
2026-01-15T08:56:08+00:00,MOTOR-001,72.01,1.34,8.84,1485.9,230.1,1.56,warning,low_pressure,critical
2026-01-15T08:56:09+00:00,MOTOR-001,71.99,1.31,8.79,1486.9,229.2,1.59,warning,low_pressure,critical
2026-01-15T08:56:10+00:00,MOTOR-001,71.93,1.33,8.81,1486.6,229.6,1.6,warning,low_pressure,critical
2026-01-15T08:56:11+00:00,MOTOR-001,71.93,1.27,8.85,1486.6,229.7,1.59,warning,low_pressure,critical
2026-01-15T08:56:12+00:00,MOTOR-001,71.84,1.33,8.8,1486.6,230.0,1.56,warning,low_pressure,critical
2026-01-15T08:56:13+00:00,MOTOR-001,71.81,1.34,8.86,1486.7,229.7,1.52,warning,low_pressure,critical
2026-01-15T08:56:14+00:00,MOTOR-001,71.82,1.32,8.88,1486.8,230.0,1.52,warning,low_pressure,critical
2026-01-15T08:56:15+00:00,MOTOR-001,71.9,1.32,8.87,1486.2,229.5,1.54,warning,low_pressure,critical
2026-01-15T08:56:16+00:00,MOTOR-001,71.77,1.31,8.95,1485.3,230.1,1.54,warning,low_pressure,critical
2026-01-15T08:56:17+00:00,MOTOR-001,71.83,1.26,8.93,1485.1,230.0,1.57,warning,low_pressure,critical
2026-01-15T08:56:18+00:00,MOTOR-001,71.67,1.37,8.93,1484.5,229.3,1.61,warning,low_pressure,critical
2026-01-15T08:56:19+00:00,MOTOR-001,71.6,1.32,8.9,1484.3,229.2,1.55,warning,low_pressure,critical
2026-01-15T08:56:20+00:00,MOTOR-001,71.75,1.31,8.81,1485.0,229.4,1.57,warning,low_pressure,critical
2026-01-15T08:56:21+00:00,MOTOR-001,71.73,1.36,8.83,1485.6,230.3,1.56,warning,low_pressure,critical
2026-01-15T08:56:22+00:00,MOTOR-001,71.86,1.36,8.93,1486.5,230.5,1.54,warning,low_pressure,critical
2026-01-15T08:56:23+00:00,MOTOR-001,71.67,1.37,8.96,1486.5,231.0,1.57,warning,low_pressure,critical
2026-01-15T08:56:24+00:00,MOTOR-001,71.76,1.36,8.9,1487.5,230.1,1.59,warning,low_pressure,critical
2026-01-15T08:56:25+00:00,MOTOR-001,71.91,1.35,8.93,1486.6,228.9,1.61,warning,low_pressure,critical
2026-01-15T08:56:26+00:00,MOTOR-001,71.71,1.36,8.93,1485.8,229.5,1.65,warning,low_pressure,critical
2026-01-15T08:56:27+00:00,MOTOR-001,71.75,1.43,8.82,1485.4,229.8,1.66,warning,low_pressure,critical
2026-01-15T08:56:28+00:00,MOTOR-001,71.57,1.44,8.86,1483.6,229.8,1.59,warning,low_pressure,critical
2026-01-15T08:56:29+00:00,MOTOR-001,71.73,1.46,8.92,1484.9,230.0,1.59,warning,low_pressure,critical
2026-01-15T08:56:30+00:00,MOTOR-001,71.8,1.44,8.79,1485.7,230.0,1.6,warning,low_pressure,critical
2026-01-15T08:56:31+00:00,MOTOR-001,71.93,1.44,8.83,1486.5,230.4,1.58,warning,low_pressure,critical
2026-01-15T08:56:32+00:00,MOTOR-001,71.86,1.45,8.76,1486.9,229.6,1.61,warning,low_pressure,critical
2026-01-15T08:56:33+00:00,MOTOR-001,71.91,1.42,8.8,1486.5,229.8,1.65,warning,low_pressure,critical
2026-01-15T08:56:34+00:00,MOTOR-001,71.8,1.45,8.97,1486.2,229.4,1.63,warning,low_pressure,critical
2026-01-15T08:56:35+00:00,MOTOR-001,71.93,1.44,8.96,1486.8,229.4,1.63,warning,low_pressure,critical
2026-01-15T08:56:36+00:00,MOTOR-001,71.85,1.46,8.92,1486.4,230.1,1.58,warning,low_pressure,critical
2026-01-15T08:56:37+00:00,MOTOR-001,72.18,1.38,8.92,1486.4,230.4,1.56,warning,low_pressure,critical
2026-01-15T08:56:38+00:00,MOTOR-001,72.04,1.4,8.88,1485.9,230.2,1.56,warning,low_pressure,critical
2026-01-15T08:56:39+00:00,MOTOR-001,72.02,1.43,8.89,1485.4,230.4,1.61,warning,low_pressure,critical
2026-01-15T08:56:40+00:00,MOTOR-001,66.57,1.41,8.91,1485.2,231.0,2.37,running,normal,normal
2026-01-15T08:56:41+00:00,MOTOR-001,62.54,1.42,8.9,1484.9,230.7,2.93,running,normal,normal
2026-01-15T08:56:42+00:00,MOTOR-001,59.56,1.46,8.9,1485.6,230.2,3.3,running,normal,normal
2026-01-15T08:56:43+00:00,MOTOR-001,57.31,1.47,8.96,1485.8,229.7,3.57,running,normal,normal
2026-01-15T08:56:44+00:00,MOTOR-001,55.48,1.53,8.94,1486.6,229.7,3.74,running,normal,normal
2026-01-15T08:56:45+00:00,MOTOR-001,54.27,1.58,8.9,1486.1,228.9,3.87,running,normal,normal
2026-01-15T08:56:46+00:00,MOTOR-001,53.37,1.56,8.85,1485.2,229.3,3.96,running,normal,normal
2026-01-15T08:56:47+00:00,MOTOR-001,52.63,1.56,8.86,1483.8,230.1,4.03,running,normal,normal
2026-01-15T08:56:48+00:00,MOTOR-001,52.12,1.58,8.91,1483.5,229.2,4.1,running,normal,normal
2026-01-15T08:56:49+00:00,MOTOR-001,51.67,1.58,8.91,1484.6,230.3,4.12,running,normal,normal
2026-01-15T08:56:50+00:00,MOTOR-001,51.36,1.58,8.95,1485.0,230.2,4.14,running,normal,normal
2026-01-15T08:56:51+00:00,MOTOR-001,51.14,1.54,8.87,1484.5,229.8,4.16,running,normal,normal
2026-01-15T08:56:52+00:00,MOTOR-001,50.99,1.57,8.85,1484.7,229.7,4.18,running,normal,normal
2026-01-15T08:56:53+00:00,MOTOR-001,50.85,1.66,8.88,1484.8,230.9,4.18,running,normal,normal
2026-01-15T08:56:54+00:00,MOTOR-001,50.75,1.62,8.89,1484.7,230.5,4.19,running,normal,normal
2026-01-15T08:56:55+00:00,MOTOR-001,50.67,1.6,8.99,1485.0,230.4,4.2,running,normal,normal
2026-01-15T08:56:56+00:00,MOTOR-001,50.57,1.56,8.99,1485.4,230.6,4.19,running,normal,normal
2026-01-15T08:56:57+00:00,MOTOR-001,50.61,1.57,9.09,1486.3,230.5,4.18,running,normal,normal
2026-01-15T08:56:58+00:00,MOTOR-001,50.63,1.57,9.02,1486.2,230.8,4.19,running,normal,normal
2026-01-15T08:56:59+00:00,MOTOR-001,50.67,1.6,9.0,1487.0,229.9,4.19,running,normal,normal
2026-01-15T08:57:00+00:00,MOTOR-001,50.7,1.61,8.99,1486.5,229.9,4.18,running,normal,normal
2026-01-15T08:57:01+00:00,MOTOR-001,50.69,1.59,9.03,1485.4,229.5,4.19,running,normal,normal
2026-01-15T08:57:02+00:00,MOTOR-001,50.8,1.61,9.11,1485.1,230.2,4.18,running,normal,normal
2026-01-15T08:57:03+00:00,MOTOR-001,50.76,1.61,9.06,1485.3,230.1,4.19,running,normal,normal
2026-01-15T08:57:04+00:00,MOTOR-001,50.84,1.64,9.07,1485.2,229.6,4.19,running,normal,normal
2026-01-15T08:57:05+00:00,MOTOR-001,50.72,1.66,9.0,1485.8,229.2,4.2,running,normal,normal
2026-01-15T08:57:06+00:00,MOTOR-001,50.77,1.64,9.05,1485.6,229.8,4.2,running,normal,normal
2026-01-15T08:57:07+00:00,MOTOR-001,50.8,1.64,9.01,1485.0,229.8,4.21,running,normal,normal
2026-01-15T08:57:08+00:00,MOTOR-001,50.9,1.64,9.03,1485.2,230.2,4.21,running,normal,normal
2026-01-15T08:57:09+00:00,MOTOR-001,50.9,1.64,8.96,1484.8,229.8,4.21,running,normal,normal
2026-01-15T08:57:10+00:00,MOTOR-001,50.98,1.6,9.06,1485.6,229.8,4.21,running,normal,normal
2026-01-15T08:57:11+00:00,MOTOR-001,50.98,1.62,9.01,1485.4,229.6,4.2,running,normal,normal
2026-01-15T08:57:12+00:00,MOTOR-001,51.0,1.63,9.01,1484.7,230.4,4.19,running,normal,normal
2026-01-15T08:57:13+00:00,MOTOR-001,50.94,1.63,9.04,1485.4,229.7,4.19,running,normal,normal
2026-01-15T08:57:14+00:00,MOTOR-001,50.95,1.67,8.93,1484.9,230.0,4.2,running,normal,normal
2026-01-15T08:57:15+00:00,MOTOR-001,51.01,1.67,8.96,1484.7,229.9,4.19,running,normal,normal
2026-01-15T08:57:16+00:00,MOTOR-001,51.13,1.62,8.98,1484.4,229.8,4.18,running,normal,normal
2026-01-15T08:57:17+00:00,MOTOR-001,50.99,1.59,9.0,1484.7,230.0,4.18,running,normal,normal
2026-01-15T08:57:18+00:00,MOTOR-001,51.07,1.59,8.95,1484.6,229.7,4.2,running,normal,normal
2026-01-15T08:57:19+00:00,MOTOR-001,51.13,1.59,8.95,1484.2,229.5,4.19,running,normal,normal
2026-01-15T08:57:20+00:00,MOTOR-001,51.15,1.51,8.96,1484.4,229.3,4.19,running,normal,normal
2026-01-15T08:57:21+00:00,MOTOR-001,51.13,1.51,8.97,1485.0,230.1,4.21,running,normal,normal
2026-01-15T08:57:22+00:00,MOTOR-001,51.14,1.55,8.98,1485.5,229.2,4.21,running,normal,normal
2026-01-15T08:57:23+00:00,MOTOR-001,51.22,1.54,9.02,1485.4,229.5,4.22,running,normal,normal
2026-01-15T08:57:24+00:00,MOTOR-001,51.22,1.53,8.97,1484.9,229.3,4.2,running,normal,normal
2026-01-15T08:57:25+00:00,MOTOR-001,51.12,1.53,8.96,1483.5,229.8,4.2,running,normal,normal
2026-01-15T08:57:26+00:00,MOTOR-001,51.25,1.45,9.01,1483.9,229.6,4.21,running,normal,normal
2026-01-15T08:57:27+00:00,MOTOR-001,51.24,1.46,9.0,1484.1,230.0,4.21,running,normal,normal
2026-01-15T08:57:28+00:00,MOTOR-001,51.18,1.39,9.05,1484.5,230.1,4.22,running,normal,normal
2026-01-15T08:57:29+00:00,MOTOR-001,51.26,1.45,9.08,1484.6,229.8,4.21,running,normal,normal
2026-01-15T08:57:30+00:00,MOTOR-001,51.24,1.5,9.04,1484.5,230.2,4.22,running,normal,normal
2026-01-15T08:57:31+00:00,MOTOR-001,51.23,1.48,9.03,1484.7,230.8,4.21,running,normal,normal
2026-01-15T08:57:32+00:00,MOTOR-001,51.25,1.47,9.01,1485.8,230.7,4.22,running,normal,normal
2026-01-15T08:57:33+00:00,MOTOR-001,51.41,1.45,9.02,1485.7,230.8,4.2,running,normal,normal
2026-01-15T08:57:34+00:00,MOTOR-001,51.39,1.45,9.03,1485.9,230.0,4.18,running,normal,normal
2026-01-15T08:57:35+00:00,MOTOR-001,51.42,1.42,9.0,1485.8,230.0,4.18,running,normal,normal
2026-01-15T08:57:36+00:00,MOTOR-001,51.36,1.39,8.97,1485.3,229.1,4.19,running,normal,normal
2026-01-15T08:57:37+00:00,MOTOR-001,51.49,1.43,9.02,1485.8,228.7,4.2,running,normal,normal
2026-01-15T08:57:38+00:00,MOTOR-001,51.48,1.41,9.06,1486.2,229.3,4.21,running,normal,normal
2026-01-15T08:57:39+00:00,MOTOR-001,51.5,1.4,9.13,1485.2,229.9,4.21,running,normal,normal
2026-01-15T08:57:40+00:00,MOTOR-001,51.51,1.44,9.06,1485.4,229.7,4.21,running,normal,normal
2026-01-15T08:57:41+00:00,MOTOR-001,51.54,1.42,8.89,1486.1,230.1,4.21,running,normal,normal
2026-01-15T08:57:42+00:00,MOTOR-001,51.67,1.43,8.94,1485.5,230.6,4.2,running,normal,normal
2026-01-15T08:57:43+00:00,MOTOR-001,51.63,1.35,8.95,1484.8,229.4,4.2,running,normal,normal
2026-01-15T08:57:44+00:00,MOTOR-001,51.49,1.32,8.98,1484.5,229.9,4.2,running,normal,normal
2026-01-15T08:57:45+00:00,MOTOR-001,51.46,1.3,8.98,1484.2,229.0,4.21,running,normal,normal
2026-01-15T08:57:46+00:00,MOTOR-001,51.48,1.34,8.91,1484.2,229.5,4.21,running,normal,normal
2026-01-15T08:57:47+00:00,MOTOR-001,51.59,1.33,8.95,1484.9,230.2,4.21,running,normal,normal
2026-01-15T08:57:48+00:00,MOTOR-001,51.6,1.35,8.96,1484.9,229.7,4.2,running,normal,normal
2026-01-15T08:57:49+00:00,MOTOR-001,51.65,1.31,9.04,1485.4,230.3,4.21,running,normal,normal
2026-01-15T08:57:50+00:00,MOTOR-001,51.8,1.39,9.03,1484.7,230.4,4.2,running,normal,normal
2026-01-15T08:57:51+00:00,MOTOR-001,51.87,1.39,9.01,1484.8,229.5,4.19,running,normal,normal
2026-01-15T08:57:52+00:00,MOTOR-001,51.75,1.31,8.93,1485.2,229.8,4.19,running,normal,normal
2026-01-15T08:57:53+00:00,MOTOR-001,51.84,1.27,8.91,1485.6,229.8,4.19,running,normal,normal
2026-01-15T08:57:54+00:00,MOTOR-001,51.89,1.26,9.01,1485.3,228.6,4.18,running,normal,normal
2026-01-15T08:57:55+00:00,MOTOR-001,51.86,1.25,9.01,1486.3,229.4,4.17,running,normal,normal
2026-01-15T08:57:56+00:00,MOTOR-001,51.92,1.25,9.03,1485.4,229.2,4.19,running,normal,normal
2026-01-15T08:57:57+00:00,MOTOR-001,51.97,1.31,9.01,1484.7,230.4,4.19,running,normal,normal
2026-01-15T08:57:58+00:00,MOTOR-001,52.01,1.28,8.96,1483.6,229.4,4.19,running,normal,normal
2026-01-15T08:57:59+00:00,MOTOR-001,51.98,1.29,9.0,1484.1,229.2,4.2,running,normal,normal
2026-01-15T08:58:00+00:00,MOTOR-001,52.05,1.3,8.99,1485.9,229.9,4.19,running,normal,normal
2026-01-15T08:58:01+00:00,MOTOR-001,52.07,1.3,8.99,1484.5,230.2,4.18,running,normal,normal
2026-01-15T08:58:02+00:00,MOTOR-001,52.12,1.24,8.95,1485.7,230.7,4.21,running,normal,normal
2026-01-15T08:58:03+00:00,MOTOR-001,52.15,1.34,8.93,1485.9,230.1,4.22,running,normal,normal
2026-01-15T08:58:04+00:00,MOTOR-001,52.12,1.32,8.91,1486.1,229.6,4.21,running,normal,normal
2026-01-15T08:58:05+00:00,MOTOR-001,52.06,1.32,8.97,1485.2,229.5,4.19,running,normal,normal
2026-01-15T08:58:06+00:00,MOTOR-001,52.21,1.31,8.99,1485.7,229.8,4.19,running,normal,normal
2026-01-15T08:58:07+00:00,MOTOR-001,52.28,1.3,8.98,1486.1,229.8,4.19,running,normal,normal
2026-01-15T08:58:08+00:00,MOTOR-001,52.21,1.33,9.07,1485.1,230.5,4.19,running,normal,normal
2026-01-15T08:58:09+00:00,MOTOR-001,52.23,1.31,9.03,1483.5,229.6,4.17,running,normal,normal
2026-01-15T08:58:10+00:00,MOTOR-001,52.29,1.36,9.02,1484.8,229.4,4.18,running,normal,normal
2026-01-15T08:58:11+00:00,MOTOR-001,52.37,1.34,8.99,1485.2,229.8,4.18,running,normal,normal
2026-01-15T08:58:12+00:00,MOTOR-001,52.27,1.32,8.91,1484.6,230.0,4.2,running,normal,normal
2026-01-15T08:58:13+00:00,MOTOR-001,52.33,1.31,9.01,1483.9,230.0,4.18,running,normal,normal
2026-01-15T08:58:14+00:00,MOTOR-001,52.24,1.28,8.88,1484.2,230.1,4.19,running,normal,normal
2026-01-15T08:58:15+00:00,MOTOR-001,52.38,1.34,8.9,1484.7,230.9,4.19,running,normal,normal
2026-01-15T08:58:16+00:00,MOTOR-001,52.41,1.31,8.89,1483.6,230.9,4.19,running,normal,normal
2026-01-15T08:58:17+00:00,MOTOR-001,52.43,1.3,8.88,1484.5,231.2,4.18,running,normal,normal
2026-01-15T08:58:18+00:00,MOTOR-001,52.35,1.31,8.99,1485.0,230.5,4.2,running,normal,normal
2026-01-15T08:58:19+00:00,MOTOR-001,52.31,1.3,8.98,1485.5,230.2,4.2,running,normal,normal
2026-01-15T08:58:20+00:00,MOTOR-001,52.39,1.32,8.91,1484.4,231.0,4.2,running,normal,normal
2026-01-15T08:58:21+00:00,MOTOR-001,52.49,1.31,8.92,1484.7,229.4,4.2,running,normal,normal
2026-01-15T08:58:22+00:00,MOTOR-001,52.42,1.27,8.93,1484.7,230.3,4.2,running,normal,normal
2026-01-15T08:58:23+00:00,MOTOR-001,52.33,1.27,8.94,1484.0,229.4,4.18,running,normal,normal
2026-01-15T08:58:24+00:00,MOTOR-001,52.37,1.33,8.95,1482.9,230.0,4.19,running,normal,normal
2026-01-15T08:58:25+00:00,MOTOR-001,52.29,1.39,8.95,1483.0,229.1,4.18,running,normal,normal
2026-01-15T08:58:26+00:00,MOTOR-001,52.37,1.42,8.91,1484.3,229.5,4.18,running,normal,normal
2026-01-15T08:58:27+00:00,MOTOR-001,52.52,1.42,8.91,1483.4,229.3,4.19,running,normal,normal
2026-01-15T08:58:28+00:00,MOTOR-001,52.5,1.44,8.94,1484.6,229.4,4.2,running,normal,normal
2026-01-15T08:58:29+00:00,MOTOR-001,52.52,1.41,8.89,1484.3,230.4,4.18,running,normal,normal
2026-01-15T08:58:30+00:00,MOTOR-001,52.5,1.37,8.95,1484.0,230.9,4.18,running,normal,normal
2026-01-15T08:58:31+00:00,MOTOR-001,52.6,1.41,8.82,1484.3,231.2,4.2,running,normal,normal
2026-01-15T08:58:32+00:00,MOTOR-001,52.57,1.39,8.83,1483.4,231.1,4.2,running,normal,normal
2026-01-15T08:58:33+00:00,MOTOR-001,52.6,1.44,8.9,1484.0,230.3,4.19,running,normal,normal
2026-01-15T08:58:34+00:00,MOTOR-001,52.73,1.44,8.86,1484.4,229.5,4.21,running,normal,normal
2026-01-15T08:58:35+00:00,MOTOR-001,52.65,1.48,8.89,1483.7,229.9,4.19,running,normal,normal
2026-01-15T08:58:36+00:00,MOTOR-001,52.73,1.45,8.88,1484.0,229.6,4.19,running,normal,normal
2026-01-15T08:58:37+00:00,MOTOR-001,52.68,1.42,8.95,1484.5,230.2,4.2,running,normal,normal
2026-01-15T08:58:38+00:00,MOTOR-001,52.7,1.44,8.96,1484.5,229.7,4.2,running,normal,normal
2026-01-15T08:58:39+00:00,MOTOR-001,52.71,1.42,8.97,1484.2,229.6,4.21,running,normal,normal
2026-01-15T08:58:40+00:00,MOTOR-001,52.63,1.35,9.08,1484.5,230.3,4.21,running,normal,normal
2026-01-15T08:58:41+00:00,MOTOR-001,52.62,1.4,8.96,1484.4,230.9,4.2,running,normal,normal
2026-01-15T08:58:42+00:00,MOTOR-001,52.53,1.41,8.94,1483.8,230.7,4.21,running,normal,normal
2026-01-15T08:58:43+00:00,MOTOR-001,52.56,1.49,8.98,1484.2,229.5,4.21,running,normal,normal
2026-01-15T08:58:44+00:00,MOTOR-001,52.62,1.43,8.92,1484.6,228.9,4.22,running,normal,normal
2026-01-15T08:58:45+00:00,MOTOR-001,52.65,1.48,8.98,1484.0,229.2,4.2,running,normal,normal
2026-01-15T08:58:46+00:00,MOTOR-001,52.63,1.51,8.87,1484.3,229.7,4.2,running,normal,normal
2026-01-15T08:58:47+00:00,MOTOR-001,52.64,1.54,8.9,1483.5,229.7,4.21,running,normal,normal
2026-01-15T08:58:48+00:00,MOTOR-001,52.57,1.56,8.84,1483.9,229.3,4.2,running,normal,normal
2026-01-15T08:58:49+00:00,MOTOR-001,52.62,1.52,8.87,1483.3,230.0,4.21,running,normal,normal
2026-01-15T08:58:50+00:00,MOTOR-001,52.72,1.53,8.85,1483.2,230.1,4.21,running,normal,normal
2026-01-15T08:58:51+00:00,MOTOR-001,52.62,1.53,8.89,1482.9,229.5,4.21,running,normal,normal
2026-01-15T08:58:52+00:00,MOTOR-001,52.65,1.52,8.99,1482.9,229.5,4.21,running,normal,normal
2026-01-15T08:58:53+00:00,MOTOR-001,52.65,1.52,8.89,1483.0,229.8,4.21,running,normal,normal
2026-01-15T08:58:54+00:00,MOTOR-001,52.75,1.57,8.95,1483.5,230.0,4.2,running,normal,normal
2026-01-15T08:58:55+00:00,MOTOR-001,52.71,1.49,8.9,1483.2,230.6,4.21,running,normal,normal
2026-01-15T08:58:56+00:00,MOTOR-001,52.72,1.55,8.94,1483.5,230.0,4.21,running,normal,normal
2026-01-15T08:58:57+00:00,MOTOR-001,52.74,1.57,8.97,1483.9,229.7,4.19,running,normal,normal
2026-01-15T08:58:58+00:00,MOTOR-001,52.77,1.54,8.85,1482.9,229.8,4.19,running,normal,normal
2026-01-15T08:58:59+00:00,MOTOR-001,52.84,1.53,8.84,1483.0,230.1,4.19,running,normal,normal
2026-01-15T08:59:00+00:00,MOTOR-001,52.77,1.55,8.86,1483.2,230.6,4.19,running,normal,normal
2026-01-15T08:59:01+00:00,MOTOR-001,52.8,1.54,8.83,1482.8,230.2,4.21,running,normal,normal
2026-01-15T08:59:02+00:00,MOTOR-001,52.82,1.57,8.78,1482.9,229.1,4.2,running,normal,normal
2026-01-15T08:59:03+00:00,MOTOR-001,52.82,1.51,8.83,1483.1,229.7,4.2,running,normal,normal
2026-01-15T08:59:04+00:00,MOTOR-001,52.72,1.5,8.84,1483.1,231.3,4.22,running,normal,normal
2026-01-15T08:59:05+00:00,MOTOR-001,52.63,1.56,8.88,1483.4,230.1,4.22,running,normal,normal
2026-01-15T08:59:06+00:00,MOTOR-001,52.59,1.57,8.86,1483.0,229.3,4.22,running,normal,normal
2026-01-15T08:59:07+00:00,MOTOR-001,52.52,1.61,8.9,1483.3,229.9,4.21,running,normal,normal
2026-01-15T08:59:08+00:00,MOTOR-001,52.6,1.64,9.03,1482.2,230.2,4.22,running,normal,normal
2026-01-15T08:59:09+00:00,MOTOR-001,52.54,1.64,8.93,1483.5,230.4,4.21,running,normal,normal
2026-01-15T08:59:10+00:00,MOTOR-001,52.46,1.64,8.87,1483.0,229.9,4.21,running,normal,normal
2026-01-15T08:59:11+00:00,MOTOR-001,52.5,1.61,8.82,1483.3,229.5,4.2,running,normal,normal
2026-01-15T08:59:12+00:00,MOTOR-001,52.4,1.63,8.79,1483.2,229.0,4.2,running,normal,normal
2026-01-15T08:59:13+00:00,MOTOR-001,52.52,1.66,8.84,1483.8,229.4,4.19,running,normal,normal
2026-01-15T08:59:14+00:00,MOTOR-001,52.54,1.61,8.82,1483.6,230.0,4.2,running,normal,normal
2026-01-15T08:59:15+00:00,MOTOR-001,52.46,1.54,8.87,1483.6,229.9,4.19,running,normal,normal
2026-01-15T08:59:16+00:00,MOTOR-001,52.53,1.56,8.79,1482.0,229.6,4.2,running,normal,normal
2026-01-15T08:59:17+00:00,MOTOR-001,52.42,1.58,8.84,1481.9,230.2,4.21,running,normal,normal
2026-01-15T08:59:18+00:00,MOTOR-001,52.46,1.6,8.86,1483.5,230.0,4.22,running,normal,normal
2026-01-15T08:59:19+00:00,MOTOR-001,52.37,1.66,8.81,1483.0,230.5,4.2,running,normal,normal
2026-01-15T08:59:20+00:00,MOTOR-001,52.48,1.65,8.87,1483.0,230.2,4.2,running,normal,normal
2026-01-15T08:59:21+00:00,MOTOR-001,52.36,1.65,8.83,1483.1,229.3,4.2,running,normal,normal
2026-01-15T08:59:22+00:00,MOTOR-001,52.29,1.65,8.84,1483.4,229.0,4.2,running,normal,normal
2026-01-15T08:59:23+00:00,MOTOR-001,52.34,1.61,8.82,1483.1,229.7,4.21,running,normal,normal
2026-01-15T08:59:24+00:00,MOTOR-001,52.32,1.58,8.76,1483.4,229.7,4.19,running,normal,normal
2026-01-15T08:59:25+00:00,MOTOR-001,52.35,1.58,8.9,1483.8,230.8,4.21,running,normal,normal
2026-01-15T08:59:26+00:00,MOTOR-001,52.37,1.57,8.83,1483.3,230.8,4.21,running,normal,normal
2026-01-15T08:59:27+00:00,MOTOR-001,52.32,1.6,8.82,1483.3,230.1,4.21,running,normal,normal
2026-01-15T08:59:28+00:00,MOTOR-001,52.25,1.58,8.83,1483.1,229.9,4.21,running,normal,normal
2026-01-15T08:59:29+00:00,MOTOR-001,52.46,1.61,8.85,1484.3,228.9,4.21,running,normal,normal
2026-01-15T08:59:30+00:00,MOTOR-001,52.46,1.54,8.77,1483.0,229.0,4.19,running,normal,normal
2026-01-15T08:59:31+00:00,MOTOR-001,52.41,1.55,8.73,1482.8,230.6,4.17,running,normal,normal
2026-01-15T08:59:32+00:00,MOTOR-001,52.4,1.51,8.75,1482.4,229.7,4.19,running,normal,normal
2026-01-15T08:59:33+00:00,MOTOR-001,52.31,1.47,8.74,1482.5,229.8,4.2,running,normal,normal
2026-01-15T08:59:34+00:00,MOTOR-001,52.39,1.52,8.76,1483.3,230.7,4.2,running,normal,normal
2026-01-15T08:59:35+00:00,MOTOR-001,52.39,1.5,8.78,1483.0,229.5,4.2,running,normal,normal
2026-01-15T08:59:36+00:00,MOTOR-001,52.33,1.48,8.72,1483.3,229.8,4.19,running,normal,normal
2026-01-15T08:59:37+00:00,MOTOR-001,52.33,1.43,8.67,1483.4,229.9,4.17,running,normal,normal
2026-01-15T08:59:38+00:00,MOTOR-001,52.31,1.44,8.66,1483.2,230.0,4.16,running,normal,normal
2026-01-15T08:59:39+00:00,MOTOR-001,52.21,1.46,8.75,1483.3,229.8,4.19,running,normal,normal
2026-01-15T08:59:40+00:00,MOTOR-001,52.18,1.46,8.73,1484.0,229.6,4.19,running,normal,normal
2026-01-15T08:59:41+00:00,MOTOR-001,52.21,1.43,8.7,1483.8,230.3,4.2,running,normal,normal
2026-01-15T08:59:42+00:00,MOTOR-001,52.2,1.46,8.66,1483.2,229.8,4.2,running,normal,normal
2026-01-15T08:59:43+00:00,MOTOR-001,52.16,1.46,8.73,1483.6,229.7,4.2,running,normal,normal
2026-01-15T08:59:44+00:00,MOTOR-001,52.22,1.48,8.8,1483.7,229.4,4.21,running,normal,normal
2026-01-15T08:59:45+00:00,MOTOR-001,52.26,1.47,8.72,1483.7,229.1,4.2,running,normal,normal
2026-01-15T08:59:46+00:00,MOTOR-001,52.28,1.45,8.73,1483.7,229.7,4.22,running,normal,normal
2026-01-15T08:59:47+00:00,MOTOR-001,52.16,1.45,8.75,1484.5,229.2,4.22,running,normal,normal
2026-01-15T08:59:48+00:00,MOTOR-001,52.08,1.39,8.74,1483.7,229.7,4.19,running,normal,normal
2026-01-15T08:59:49+00:00,MOTOR-001,52.14,1.44,8.72,1483.9,230.4,4.19,running,normal,normal
2026-01-15T08:59:50+00:00,MOTOR-001,52.11,1.41,8.74,1483.1,230.6,4.18,running,normal,normal
2026-01-15T08:59:51+00:00,MOTOR-001,51.95,1.39,8.64,1483.2,230.7,4.18,running,normal,normal
2026-01-15T08:59:52+00:00,MOTOR-001,51.97,1.39,8.67,1482.6,230.7,4.18,running,normal,normal
2026-01-15T08:59:53+00:00,MOTOR-001,51.96,1.35,8.69,1482.9,230.4,4.19,running,normal,normal
2026-01-15T08:59:54+00:00,MOTOR-001,51.92,1.36,8.67,1481.6,229.6,4.17,running,normal,normal
2026-01-15T08:59:55+00:00,MOTOR-001,51.93,1.35,8.64,1482.6,229.2,4.18,running,normal,normal
2026-01-15T08:59:56+00:00,MOTOR-001,51.94,1.32,8.72,1483.7,229.9,4.19,running,normal,normal
2026-01-15T08:59:57+00:00,MOTOR-001,51.98,1.31,8.76,1483.0,229.5,4.19,running,normal,normal
2026-01-15T08:59:58+00:00,MOTOR-001,51.87,1.31,8.69,1483.1,229.6,4.2,running,normal,normal
2026-01-15T08:59:59+00:00,MOTOR-001,51.81,1.33,8.72,1483.3,230.3,4.21,running,normal,normal
2026-01-15T09:00:00+00:00,MOTOR-001,999.0,1.32,8.55,1482.1,230.6,4.29,sensor_error,sensor_anomaly,warning
2026-01-15T09:00:01+00:00,MOTOR-001,999.0,1.26,8.79,1482.7,229.8,4.17,sensor_error,sensor_anomaly,warning
2026-01-15T09:00:02+00:00,MOTOR-001,999.0,1.3,8.61,1482.6,230.8,4.18,sensor_error,sensor_anomaly,warning
2026-01-15T09:00:03+00:00,MOTOR-001,999.0,1.32,8.63,1486.3,229.8,4.22,sensor_error,sensor_anomaly,warning
2026-01-15T09:00:04+00:00,MOTOR-001,999.0,1.26,8.7,1481.9,231.2,4.24,sensor_error,sensor_anomaly,warning
2026-01-15T09:00:05+00:00,MOTOR-001,999.0,1.3,8.69,1482.4,231.2,4.25,sensor_error,sensor_anomaly,warning
2026-01-15T09:00:06+00:00,MOTOR-001,999.0,1.29,8.78,1482.5,229.6,4.18,sensor_error,sensor_anomaly,warning
2026-01-15T09:00:07+00:00,MOTOR-001,999.0,1.32,8.64,1483.8,229.7,4.21,sensor_error,sensor_anomaly,warning
2026-01-15T09:00:08+00:00,MOTOR-001,999.0,1.39,8.64,1483.9,230.2,4.23,sensor_error,sensor_anomaly,warning
2026-01-15T09:00:09+00:00,MOTOR-001,999.0,1.17,8.8,1482.0,230.3,4.19,sensor_error,sensor_anomaly,warning
2026-01-15T09:00:10+00:00,MOTOR-001,999.0,1.36,8.64,1484.3,230.6,4.18,sensor_error,sensor_anomaly,warning
2026-01-15T09:00:11+00:00,MOTOR-001,999.0,1.19,8.77,1484.0,230.3,4.24,sensor_error,sensor_anomaly,warning
2026-01-15T09:00:12+00:00,MOTOR-001,999.0,1.31,8.55,1482.5,230.0,4.19,sensor_error,sensor_anomaly,warning
2026-01-15T09:00:13+00:00,MOTOR-001,999.0,1.32,8.63,1482.0,229.3,4.18,sensor_error,sensor_anomaly,warning
2026-01-15T09:00:14+00:00,MOTOR-001,999.0,1.29,8.6,1483.8,230.2,4.19,sensor_error,sensor_anomaly,warning
2026-01-15T09:00:15+00:00,MOTOR-001,999.0,1.28,8.74,1481.6,230.2,4.21,sensor_error,sensor_anomaly,warning
2026-01-15T09:00:16+00:00,MOTOR-001,999.0,1.24,8.53,1482.8,229.8,4.2,sensor_error,sensor_anomaly,warning
2026-01-15T09:00:17+00:00,MOTOR-001,999.0,1.24,8.57,1482.2,231.0,4.18,sensor_error,sensor_anomaly,warning
2026-01-15T09:00:18+00:00,MOTOR-001,999.0,1.26,8.59,1483.0,229.7,4.17,sensor_error,sensor_anomaly,warning
2026-01-15T09:00:19+00:00,MOTOR-001,999.0,1.47,8.63,1483.3,230.5,4.21,sensor_error,sensor_anomaly,warning
2026-01-15T09:00:20+00:00,MOTOR-001,999.0,1.18,8.45,1482.4,228.6,4.21,sensor_error,sensor_anomaly,warning
2026-01-15T09:00:21+00:00,MOTOR-001,999.0,1.27,8.63,1480.3,230.2,4.23,sensor_error,sensor_anomaly,warning
2026-01-15T09:00:22+00:00,MOTOR-001,999.0,1.38,8.59,1485.0,231.2,4.18,sensor_error,sensor_anomaly,warning
2026-01-15T09:00:23+00:00,MOTOR-001,999.0,1.31,8.78,1482.4,230.1,4.18,sensor_error,sensor_anomaly,warning
2026-01-15T09:00:24+00:00,MOTOR-001,999.0,1.4,8.62,1483.2,230.0,4.2,sensor_error,sensor_anomaly,warning
2026-01-15T09:00:25+00:00,MOTOR-001,999.0,1.33,8.46,1482.2,229.7,4.2,sensor_error,sensor_anomaly,warning
2026-01-15T09:00:26+00:00,MOTOR-001,999.0,1.25,8.6,1482.3,230.2,4.24,sensor_error,sensor_anomaly,warning
2026-01-15T09:00:27+00:00,MOTOR-001,999.0,1.47,8.64,1480.0,229.7,4.17,sensor_error,sensor_anomaly,warning
2026-01-15T09:00:28+00:00,MOTOR-001,999.0,1.42,8.68,1484.7,231.0,4.15,sensor_error,sensor_anomaly,warning
2026-01-15T09:00:29+00:00,MOTOR-001,999.0,1.39,8.63,1482.6,229.6,4.22,sensor_error,sensor_anomaly,warning
2026-01-15T09:00:30+00:00,MOTOR-001,999.0,1.44,8.67,1485.8,230.1,4.18,sensor_error,sensor_anomaly,warning
2026-01-15T09:00:31+00:00,MOTOR-001,999.0,1.25,8.67,1484.0,230.8,4.19,sensor_error,sensor_anomaly,warning
2026-01-15T09:00:32+00:00,MOTOR-001,999.0,1.33,8.66,1483.8,230.2,4.12,sensor_error,sensor_anomaly,warning
2026-01-15T09:00:33+00:00,MOTOR-001,999.0,1.44,8.72,1482.3,229.8,4.15,sensor_error,sensor_anomaly,warning
2026-01-15T09:00:34+00:00,MOTOR-001,999.0,1.49,8.41,1483.9,229.8,4.2,sensor_error,sensor_anomaly,warning
2026-01-15T09:00:35+00:00,MOTOR-001,999.0,1.44,8.74,1482.8,230.7,4.19,sensor_error,sensor_anomaly,warning
2026-01-15T09:00:36+00:00,MOTOR-001,999.0,1.34,8.68,1482.1,229.6,4.18,sensor_error,sensor_anomaly,warning
2026-01-15T09:00:37+00:00,MOTOR-001,999.0,1.49,8.69,1482.2,232.1,4.2,sensor_error,sensor_anomaly,warning
2026-01-15T09:00:38+00:00,MOTOR-001,999.0,1.53,8.75,1481.9,228.8,4.22,sensor_error,sensor_anomaly,warning
2026-01-15T09:00:39+00:00,MOTOR-001,999.0,1.54,8.59,1482.8,229.8,4.18,sensor_error,sensor_anomaly,warning
2026-01-15T09:00:40+00:00,MOTOR-001,999.0,1.38,8.46,1483.5,231.2,4.21,sensor_error,sensor_anomaly,warning
2026-01-15T09:00:41+00:00,MOTOR-001,999.0,1.46,8.58,1482.2,229.4,4.25,sensor_error,sensor_anomaly,warning
2026-01-15T09:00:42+00:00,MOTOR-001,999.0,1.38,8.65,1483.9,229.8,4.2,sensor_error,sensor_anomaly,warning
2026-01-15T09:00:43+00:00,MOTOR-001,999.0,1.42,8.66,1483.3,229.9,4.18,sensor_error,sensor_anomaly,warning
2026-01-15T09:00:44+00:00,MOTOR-001,999.0,1.43,8.66,1483.2,229.8,4.17,sensor_error,sensor_anomaly,warning
2026-01-15T09:00:45+00:00,MOTOR-001,999.0,1.54,8.65,1483.8,229.4,4.23,sensor_error,sensor_anomaly,warning
2026-01-15T09:00:46+00:00,MOTOR-001,999.0,1.53,8.27,1481.8,231.2,4.21,sensor_error,sensor_anomaly,warning
2026-01-15T09:00:47+00:00,MOTOR-001,999.0,1.45,8.63,1484.4,230.3,4.18,sensor_error,sensor_anomaly,warning
2026-01-15T09:00:48+00:00,MOTOR-001,999.0,1.49,8.53,1482.1,230.7,4.24,sensor_error,sensor_anomaly,warning
2026-01-15T09:00:49+00:00,MOTOR-001,999.0,1.52,8.5,1484.3,229.6,4.18,sensor_error,sensor_anomaly,warning
2026-01-15T09:00:50+00:00,MOTOR-001,999.0,1.4,8.68,1482.5,229.0,4.2,sensor_error,sensor_anomaly,warning
2026-01-15T09:00:51+00:00,MOTOR-001,999.0,1.46,8.46,1485.0,229.5,4.24,sensor_error,sensor_anomaly,warning
2026-01-15T09:00:52+00:00,MOTOR-001,999.0,1.44,8.47,1482.5,229.4,4.21,sensor_error,sensor_anomaly,warning
2026-01-15T09:00:53+00:00,MOTOR-001,999.0,1.65,8.72,1481.0,229.0,4.18,sensor_error,sensor_anomaly,warning
2026-01-15T09:00:54+00:00,MOTOR-001,999.0,1.48,8.74,1484.9,230.4,4.19,sensor_error,sensor_anomaly,warning
2026-01-15T09:00:55+00:00,MOTOR-001,999.0,1.46,8.74,1481.9,229.4,4.17,sensor_error,sensor_anomaly,warning
2026-01-15T09:00:56+00:00,MOTOR-001,999.0,1.51,8.58,1482.8,231.0,4.22,sensor_error,sensor_anomaly,warning
2026-01-15T09:00:57+00:00,MOTOR-001,999.0,1.61,8.7,1482.4,229.8,4.17,sensor_error,sensor_anomaly,warning
2026-01-15T09:00:58+00:00,MOTOR-001,999.0,1.57,8.64,1481.5,229.2,4.2,sensor_error,sensor_anomaly,warning
2026-01-15T09:00:59+00:00,MOTOR-001,999.0,1.51,8.64,1484.6,230.1,4.18,sensor_error,sensor_anomaly,warning
2026-01-15T09:01:00+00:00,MOTOR-001,999.0,1.55,8.58,1481.4,230.1,4.25,sensor_error,sensor_anomaly,warning
2026-01-15T09:01:01+00:00,MOTOR-001,999.0,1.59,8.81,1483.1,229.7,4.25,sensor_error,sensor_anomaly,warning
2026-01-15T09:01:02+00:00,MOTOR-001,999.0,1.62,8.61,1482.4,229.1,4.16,sensor_error,sensor_anomaly,warning
2026-01-15T09:01:03+00:00,MOTOR-001,999.0,1.58,8.67,1485.0,230.8,4.14,sensor_error,sensor_anomaly,warning
2026-01-15T09:01:04+00:00,MOTOR-001,999.0,1.69,8.66,1484.4,229.6,4.24,sensor_error,sensor_anomaly,warning
2026-01-15T09:01:05+00:00,MOTOR-001,999.0,1.52,8.66,1481.8,230.0,4.22,sensor_error,sensor_anomaly,warning
2026-01-15T09:01:06+00:00,MOTOR-001,999.0,1.55,8.65,1484.1,231.0,4.2,sensor_error,sensor_anomaly,warning
2026-01-15T09:01:07+00:00,MOTOR-001,999.0,1.48,8.61,1482.5,229.3,4.27,sensor_error,sensor_anomaly,warning
2026-01-15T09:01:08+00:00,MOTOR-001,999.0,1.58,8.5,1483.3,230.5,4.21,sensor_error,sensor_anomaly,warning
2026-01-15T09:01:09+00:00,MOTOR-001,999.0,1.48,8.53,1481.0,229.3,4.21,sensor_error,sensor_anomaly,warning
2026-01-15T09:01:10+00:00,MOTOR-001,999.0,1.65,8.62,1482.8,230.1,4.2,sensor_error,sensor_anomaly,warning
2026-01-15T09:01:11+00:00,MOTOR-001,999.0,1.63,8.58,1482.6,230.5,4.21,sensor_error,sensor_anomaly,warning
2026-01-15T09:01:12+00:00,MOTOR-001,999.0,1.66,8.59,1483.6,228.6,4.15,sensor_error,sensor_anomaly,warning
2026-01-15T09:01:13+00:00,MOTOR-001,999.0,1.63,8.56,1483.3,229.4,4.22,sensor_error,sensor_anomaly,warning
2026-01-15T09:01:14+00:00,MOTOR-001,999.0,1.56,8.7,1484.4,229.3,4.15,sensor_error,sensor_anomaly,warning
2026-01-15T09:01:15+00:00,MOTOR-001,999.0,1.61,8.57,1482.7,229.2,4.22,sensor_error,sensor_anomaly,warning
2026-01-15T09:01:16+00:00,MOTOR-001,999.0,1.55,8.55,1483.6,230.1,4.14,sensor_error,sensor_anomaly,warning
2026-01-15T09:01:17+00:00,MOTOR-001,999.0,1.53,8.87,1483.2,229.7,4.16,sensor_error,sensor_anomaly,warning
2026-01-15T09:01:18+00:00,MOTOR-001,999.0,1.64,8.75,1483.5,229.4,4.14,sensor_error,sensor_anomaly,warning
2026-01-15T09:01:19+00:00,MOTOR-001,999.0,1.62,8.44,1483.4,229.8,4.23,sensor_error,sensor_anomaly,warning
2026-01-15T09:01:20+00:00,MOTOR-001,999.0,1.57,8.58,1481.4,231.7,4.21,sensor_error,sensor_anomaly,warning
2026-01-15T09:01:21+00:00,MOTOR-001,999.0,1.79,8.6,1484.6,230.9,4.21,sensor_error,sensor_anomaly,warning
2026-01-15T09:01:22+00:00,MOTOR-001,999.0,1.69,8.62,1482.4,230.4,4.17,sensor_error,sensor_anomaly,warning
2026-01-15T09:01:23+00:00,MOTOR-001,999.0,1.69,8.48,1485.3,229.4,4.21,sensor_error,sensor_anomaly,warning
2026-01-15T09:01:24+00:00,MOTOR-001,999.0,1.46,8.63,1484.7,230.6,4.16,sensor_error,sensor_anomaly,warning
2026-01-15T09:01:25+00:00,MOTOR-001,999.0,1.56,8.74,1484.3,230.8,4.16,sensor_error,sensor_anomaly,warning
2026-01-15T09:01:26+00:00,MOTOR-001,999.0,1.51,8.74,1482.2,232.1,4.19,sensor_error,sensor_anomaly,warning
2026-01-15T09:01:27+00:00,MOTOR-001,999.0,1.53,8.52,1483.0,230.0,4.19,sensor_error,sensor_anomaly,warning
2026-01-15T09:01:28+00:00,MOTOR-001,999.0,1.62,8.75,1483.7,229.7,4.27,sensor_error,sensor_anomaly,warning
2026-01-15T09:01:29+00:00,MOTOR-001,999.0,1.4,8.5,1484.6,230.3,4.19,sensor_error,sensor_anomaly,warning
2026-01-15T09:01:30+00:00,MOTOR-001,999.0,1.5,8.59,1483.7,230.9,4.23,sensor_error,sensor_anomaly,warning
2026-01-15T09:01:31+00:00,MOTOR-001,999.0,1.55,8.73,1483.8,230.5,4.19,sensor_error,sensor_anomaly,warning
2026-01-15T09:01:32+00:00,MOTOR-001,999.0,1.57,8.62,1484.4,230.0,4.21,sensor_error,sensor_anomaly,warning
2026-01-15T09:01:33+00:00,MOTOR-001,999.0,1.47,8.5,1483.3,229.7,4.25,sensor_error,sensor_anomaly,warning
2026-01-15T09:01:34+00:00,MOTOR-001,999.0,1.44,8.52,1482.4,230.0,4.23,sensor_error,sensor_anomaly,warning
2026-01-15T09:01:35+00:00,MOTOR-001,999.0,1.38,8.57,1483.7,230.4,4.18,sensor_error,sensor_anomaly,warning
2026-01-15T09:01:36+00:00,MOTOR-001,999.0,1.49,8.57,1482.3,229.7,4.22,sensor_error,sensor_anomaly,warning
2026-01-15T09:01:37+00:00,MOTOR-001,999.0,1.66,8.66,1485.7,231.6,4.15,sensor_error,sensor_anomaly,warning
2026-01-15T09:01:38+00:00,MOTOR-001,999.0,1.31,8.73,1483.0,230.7,4.24,sensor_error,sensor_anomaly,warning
2026-01-15T09:01:39+00:00,MOTOR-001,999.0,1.55,8.73,1482.9,229.2,4.2,sensor_error,sensor_anomaly,warning
2026-01-15T09:01:40+00:00,MOTOR-001,999.0,1.45,8.67,1484.4,230.6,4.2,sensor_error,sensor_anomaly,warning
2026-01-15T09:01:41+00:00,MOTOR-001,999.0,1.55,8.57,1484.5,228.7,4.23,sensor_error,sensor_anomaly,warning
2026-01-15T09:01:42+00:00,MOTOR-001,999.0,1.47,8.71,1483.4,229.3,4.22,sensor_error,sensor_anomaly,warning
2026-01-15T09:01:43+00:00,MOTOR-001,999.0,1.48,8.65,1485.1,229.7,4.22,sensor_error,sensor_anomaly,warning
2026-01-15T09:01:44+00:00,MOTOR-001,999.0,1.49,8.7,1484.6,229.7,4.23,sensor_error,sensor_anomaly,warning
2026-01-15T09:01:45+00:00,MOTOR-001,999.0,1.55,8.64,1484.3,229.1,4.21,sensor_error,sensor_anomaly,warning
2026-01-15T09:01:46+00:00,MOTOR-001,999.0,1.33,8.58,1481.4,230.9,4.22,sensor_error,sensor_anomaly,warning
2026-01-15T09:01:47+00:00,MOTOR-001,999.0,1.49,8.81,1482.7,230.2,4.19,sensor_error,sensor_anomaly,warning
2026-01-15T09:01:48+00:00,MOTOR-001,999.0,1.43,8.64,1483.6,229.6,4.22,sensor_error,sensor_anomaly,warning
2026-01-15T09:01:49+00:00,MOTOR-001,999.0,1.37,8.6,1484.6,229.9,4.16,sensor_error,sensor_anomaly,warning
2026-01-15T09:01:50+00:00,MOTOR-001,999.0,1.52,8.64,1486.2,230.3,4.14,sensor_error,sensor_anomaly,warning
2026-01-15T09:01:51+00:00,MOTOR-001,999.0,1.5,8.83,1483.8,230.5,4.26,sensor_error,sensor_anomaly,warning
2026-01-15T09:01:52+00:00,MOTOR-001,999.0,1.3,8.53,1487.3,230.4,4.18,sensor_error,sensor_anomaly,warning
2026-01-15T09:01:53+00:00,MOTOR-001,999.0,1.44,8.96,1484.1,230.2,4.19,sensor_error,sensor_anomaly,warning
2026-01-15T09:01:54+00:00,MOTOR-001,999.0,1.36,8.73,1485.0,230.3,4.22,sensor_error,sensor_anomaly,warning
2026-01-15T09:01:55+00:00,MOTOR-001,999.0,1.36,8.58,1484.1,230.3,4.21,sensor_error,sensor_anomaly,warning
2026-01-15T09:01:56+00:00,MOTOR-001,999.0,1.22,8.47,1484.8,230.4,4.25,sensor_error,sensor_anomaly,warning
2026-01-15T09:01:57+00:00,MOTOR-001,999.0,1.45,8.67,1483.6,228.7,4.17,sensor_error,sensor_anomaly,warning
2026-01-15T09:01:58+00:00,MOTOR-001,999.0,1.35,8.68,1483.3,231.2,4.21,sensor_error,sensor_anomaly,warning
2026-01-15T09:01:59+00:00,MOTOR-001,999.0,1.32,8.75,1483.5,229.7,4.2,sensor_error,sensor_anomaly,warning
2026-01-15T09:02:00+00:00,MOTOR-001,999.0,1.42,8.65,1486.6,230.0,4.19,sensor_error,sensor_anomaly,warning
2026-01-15T09:02:01+00:00,MOTOR-001,999.0,1.44,8.67,1485.0,231.4,4.14,sensor_error,sensor_anomaly,warning
2026-01-15T09:02:02+00:00,MOTOR-001,999.0,1.32,8.65,1483.4,229.0,4.2,sensor_error,sensor_anomaly,warning
2026-01-15T09:02:03+00:00,MOTOR-001,999.0,1.24,8.71,1483.7,230.4,4.16,sensor_error,sensor_anomaly,warning
2026-01-15T09:02:04+00:00,MOTOR-001,999.0,1.38,8.67,1482.9,229.8,4.21,sensor_error,sensor_anomaly,warning
2026-01-15T09:02:05+00:00,MOTOR-001,999.0,1.4,8.61,1482.0,229.8,4.17,sensor_error,sensor_anomaly,warning
2026-01-15T09:02:06+00:00,MOTOR-001,999.0,1.36,8.69,1484.3,230.8,4.2,sensor_error,sensor_anomaly,warning
2026-01-15T09:02:07+00:00,MOTOR-001,999.0,1.25,8.8,1482.9,232.3,4.24,sensor_error,sensor_anomaly,warning
2026-01-15T09:02:08+00:00,MOTOR-001,999.0,1.38,8.53,1483.2,229.8,4.18,sensor_error,sensor_anomaly,warning
2026-01-15T09:02:09+00:00,MOTOR-001,999.0,1.38,8.76,1485.1,230.1,4.22,sensor_error,sensor_anomaly,warning
2026-01-15T09:02:10+00:00,MOTOR-001,999.0,1.37,8.67,1482.6,229.8,4.16,sensor_error,sensor_anomaly,warning
2026-01-15T09:02:11+00:00,MOTOR-001,999.0,1.29,8.71,1484.4,228.2,4.17,sensor_error,sensor_anomaly,warning
2026-01-15T09:02:12+00:00,MOTOR-001,999.0,1.4,8.66,1486.0,228.1,4.22,sensor_error,sensor_anomaly,warning
2026-01-15T09:02:13+00:00,MOTOR-001,999.0,1.24,8.82,1482.4,230.3,4.13,sensor_error,sensor_anomaly,warning
2026-01-15T09:02:14+00:00,MOTOR-001,999.0,1.36,8.64,1482.1,230.6,4.24,sensor_error,sensor_anomaly,warning
2026-01-15T09:02:15+00:00,MOTOR-001,999.0,1.17,8.71,1486.2,230.2,4.15,sensor_error,sensor_anomaly,warning
2026-01-15T09:02:16+00:00,MOTOR-001,999.0,1.19,8.73,1485.1,230.5,4.23,sensor_error,sensor_anomaly,warning
2026-01-15T09:02:17+00:00,MOTOR-001,999.0,1.31,8.61,1485.2,230.4,4.2,sensor_error,sensor_anomaly,warning
2026-01-15T09:02:18+00:00,MOTOR-001,999.0,1.47,8.63,1484.9,229.9,4.23,sensor_error,sensor_anomaly,warning
2026-01-15T09:02:19+00:00,MOTOR-001,999.0,1.27,8.82,1485.1,230.9,4.24,sensor_error,sensor_anomaly,warning
2026-01-15T09:02:20+00:00,MOTOR-001,999.0,1.29,8.88,1482.1,231.2,4.19,sensor_error,sensor_anomaly,warning
2026-01-15T09:02:21+00:00,MOTOR-001,999.0,1.29,8.86,1485.3,231.3,4.2,sensor_error,sensor_anomaly,warning
2026-01-15T09:02:22+00:00,MOTOR-001,999.0,1.47,8.78,1485.2,229.5,4.21,sensor_error,sensor_anomaly,warning
2026-01-15T09:02:23+00:00,MOTOR-001,999.0,1.27,8.83,1485.4,229.7,4.2,sensor_error,sensor_anomaly,warning
2026-01-15T09:02:24+00:00,MOTOR-001,999.0,1.27,8.67,1486.3,229.4,4.26,sensor_error,sensor_anomaly,warning
2026-01-15T09:02:25+00:00,MOTOR-001,999.0,1.44,8.74,1483.1,228.9,4.19,sensor_error,sensor_anomaly,warning
2026-01-15T09:02:26+00:00,MOTOR-001,999.0,1.42,8.76,1490.3,229.0,4.13,sensor_error,sensor_anomaly,warning
2026-01-15T09:02:27+00:00,MOTOR-001,999.0,1.26,8.72,1483.2,231.0,4.21,sensor_error,sensor_anomaly,warning
2026-01-15T09:02:28+00:00,MOTOR-001,999.0,1.25,8.71,1485.2,230.4,4.19,sensor_error,sensor_anomaly,warning
2026-01-15T09:02:29+00:00,MOTOR-001,999.0,1.2,8.72,1484.5,231.3,4.19,sensor_error,sensor_anomaly,warning
2026-01-15T09:02:30+00:00,MOTOR-001,999.0,1.39,8.63,1483.8,229.6,4.17,sensor_error,sensor_anomaly,warning
2026-01-15T09:02:31+00:00,MOTOR-001,999.0,1.35,8.64,1486.1,230.7,4.29,sensor_error,sensor_anomaly,warning
2026-01-15T09:02:32+00:00,MOTOR-001,999.0,1.24,8.73,1485.0,229.5,4.25,sensor_error,sensor_anomaly,warning
2026-01-15T09:02:33+00:00,MOTOR-001,999.0,1.31,8.88,1485.9,230.2,4.18,sensor_error,sensor_anomaly,warning
2026-01-15T09:02:34+00:00,MOTOR-001,999.0,1.34,8.84,1483.0,230.1,4.19,sensor_error,sensor_anomaly,warning
2026-01-15T09:02:35+00:00,MOTOR-001,999.0,1.37,8.72,1484.7,229.1,4.16,sensor_error,sensor_anomaly,warning
2026-01-15T09:02:36+00:00,MOTOR-001,999.0,1.42,8.78,1482.7,230.5,4.19,sensor_error,sensor_anomaly,warning
2026-01-15T09:02:37+00:00,MOTOR-001,999.0,1.4,8.81,1483.0,228.5,4.17,sensor_error,sensor_anomaly,warning
2026-01-15T09:02:38+00:00,MOTOR-001,999.0,1.37,8.76,1485.5,229.7,4.17,sensor_error,sensor_anomaly,warning
2026-01-15T09:02:39+00:00,MOTOR-001,999.0,1.28,8.92,1482.7,230.4,4.23,sensor_error,sensor_anomaly,warning
2026-01-15T09:02:40+00:00,MOTOR-001,999.0,1.42,8.73,1487.2,230.3,4.17,sensor_error,sensor_anomaly,warning
2026-01-15T09:02:41+00:00,MOTOR-001,999.0,1.42,8.66,1485.9,230.9,4.22,sensor_error,sensor_anomaly,warning
2026-01-15T09:02:42+00:00,MOTOR-001,999.0,1.43,8.86,1484.8,229.3,4.2,sensor_error,sensor_anomaly,warning
2026-01-15T09:02:43+00:00,MOTOR-001,999.0,1.29,8.81,1485.9,230.3,4.21,sensor_error,sensor_anomaly,warning
2026-01-15T09:02:44+00:00,MOTOR-001,999.0,1.61,8.54,1487.1,230.1,4.22,sensor_error,sensor_anomaly,warning
2026-01-15T09:02:45+00:00,MOTOR-001,999.0,1.36,8.86,1484.6,230.9,4.26,sensor_error,sensor_anomaly,warning
2026-01-15T09:02:46+00:00,MOTOR-001,999.0,1.41,9.01,1485.1,230.2,4.09,sensor_error,sensor_anomaly,warning
2026-01-15T09:02:47+00:00,MOTOR-001,999.0,1.47,8.79,1487.0,229.9,4.18,sensor_error,sensor_anomaly,warning
2026-01-15T09:02:48+00:00,MOTOR-001,999.0,1.49,8.83,1485.5,228.7,4.21,sensor_error,sensor_anomaly,warning
2026-01-15T09:02:49+00:00,MOTOR-001,999.0,1.48,8.78,1484.2,230.1,4.16,sensor_error,sensor_anomaly,warning
2026-01-15T09:02:50+00:00,MOTOR-001,999.0,1.46,8.86,1482.8,230.6,4.18,sensor_error,sensor_anomaly,warning
2026-01-15T09:02:51+00:00,MOTOR-001,999.0,1.43,8.87,1484.7,229.4,4.2,sensor_error,sensor_anomaly,warning
2026-01-15T09:02:52+00:00,MOTOR-001,999.0,1.47,8.72,1484.8,228.9,4.23,sensor_error,sensor_anomaly,warning
2026-01-15T09:02:53+00:00,MOTOR-001,999.0,1.42,8.92,1486.7,230.3,4.18,sensor_error,sensor_anomaly,warning
2026-01-15T09:02:54+00:00,MOTOR-001,999.0,1.44,8.82,1484.3,231.4,4.21,sensor_error,sensor_anomaly,warning
2026-01-15T09:02:55+00:00,MOTOR-001,999.0,1.35,8.8,1483.2,230.9,4.21,sensor_error,sensor_anomaly,warning
2026-01-15T09:02:56+00:00,MOTOR-001,999.0,1.48,8.88,1487.9,231.3,4.21,sensor_error,sensor_anomaly,warning
2026-01-15T09:02:57+00:00,MOTOR-001,999.0,1.51,8.84,1487.2,229.5,4.16,sensor_error,sensor_anomaly,warning
2026-01-15T09:02:58+00:00,MOTOR-001,999.0,1.48,8.85,1486.1,228.9,4.23,sensor_error,sensor_anomaly,warning
2026-01-15T09:02:59+00:00,MOTOR-001,999.0,1.56,8.7,1485.3,230.6,4.19,sensor_error,sensor_anomaly,warning
2026-01-15T09:03:00+00:00,MOTOR-001,999.0,1.57,8.68,1484.9,229.1,4.16,sensor_error,sensor_anomaly,warning
2026-01-15T09:03:01+00:00,MOTOR-001,999.0,1.5,8.96,1484.8,229.9,4.2,sensor_error,sensor_anomaly,warning
2026-01-15T09:03:02+00:00,MOTOR-001,999.0,1.53,8.78,1487.5,229.6,4.22,sensor_error,sensor_anomaly,warning
2026-01-15T09:03:03+00:00,MOTOR-001,999.0,1.51,8.74,1486.6,229.4,4.19,sensor_error,sensor_anomaly,warning
2026-01-15T09:03:04+00:00,MOTOR-001,999.0,1.52,8.82,1486.3,229.7,4.16,sensor_error,sensor_anomaly,warning
2026-01-15T09:03:05+00:00,MOTOR-001,999.0,1.59,8.98,1485.2,229.2,4.2,sensor_error,sensor_anomaly,warning
2026-01-15T09:03:06+00:00,MOTOR-001,999.0,1.69,9.06,1488.1,230.3,4.25,sensor_error,sensor_anomaly,warning
2026-01-15T09:03:07+00:00,MOTOR-001,999.0,1.59,8.75,1484.3,231.0,4.18,sensor_error,sensor_anomaly,warning
2026-01-15T09:03:08+00:00,MOTOR-001,999.0,1.57,8.89,1487.2,230.5,4.2,sensor_error,sensor_anomaly,warning
2026-01-15T09:03:09+00:00,MOTOR-001,999.0,1.53,8.73,1484.5,231.4,4.19,sensor_error,sensor_anomaly,warning
2026-01-15T09:03:10+00:00,MOTOR-001,999.0,1.46,8.85,1484.8,230.9,4.2,sensor_error,sensor_anomaly,warning
2026-01-15T09:03:11+00:00,MOTOR-001,999.0,1.49,8.72,1485.2,230.1,4.17,sensor_error,sensor_anomaly,warning
2026-01-15T09:03:12+00:00,MOTOR-001,999.0,1.65,8.76,1485.5,231.0,4.16,sensor_error,sensor_anomaly,warning
2026-01-15T09:03:13+00:00,MOTOR-001,999.0,1.54,8.87,1487.0,229.3,4.23,sensor_error,sensor_anomaly,warning
2026-01-15T09:03:14+00:00,MOTOR-001,999.0,1.59,8.81,1485.4,230.5,4.23,sensor_error,sensor_anomaly,warning
2026-01-15T09:03:15+00:00,MOTOR-001,999.0,1.63,8.77,1487.1,230.1,4.25,sensor_error,sensor_anomaly,warning
2026-01-15T09:03:16+00:00,MOTOR-001,999.0,1.7,8.95,1485.5,229.1,4.17,sensor_error,sensor_anomaly,warning
2026-01-15T09:03:17+00:00,MOTOR-001,999.0,1.56,8.92,1487.0,229.4,4.24,sensor_error,sensor_anomaly,warning
2026-01-15T09:03:18+00:00,MOTOR-001,999.0,1.64,8.83,1484.6,230.2,4.2,sensor_error,sensor_anomaly,warning
2026-01-15T09:03:19+00:00,MOTOR-001,999.0,1.6,9.0,1487.5,230.4,4.2,sensor_error,sensor_anomaly,warning
2026-01-15T09:03:20+00:00,MOTOR-001,762.32,1.57,8.97,1487.4,230.3,4.22,running,normal,normal
2026-01-15T09:03:21+00:00,MOTOR-001,584.85,1.63,8.9,1486.0,230.0,4.19,running,normal,normal
2026-01-15T09:03:22+00:00,MOTOR-001,451.74,1.66,8.88,1486.5,229.9,4.2,running,normal,normal
2026-01-15T09:03:23+00:00,MOTOR-001,351.94,1.63,8.82,1486.8,229.9,4.2,running,normal,normal
2026-01-15T09:03:24+00:00,MOTOR-001,277.1,1.62,8.79,1486.6,229.8,4.19,running,normal,normal
2026-01-15T09:03:25+00:00,MOTOR-001,220.93,1.67,8.87,1486.6,230.4,4.19,running,normal,normal
2026-01-15T09:03:26+00:00,MOTOR-001,178.79,1.57,8.86,1485.9,229.7,4.19,running,normal,normal
2026-01-15T09:03:27+00:00,MOTOR-001,147.08,1.64,9.02,1486.8,230.1,4.18,running,normal,normal
2026-01-15T09:03:28+00:00,MOTOR-001,123.39,1.61,8.97,1486.5,229.1,4.2,running,normal,normal
2026-01-15T09:03:29+00:00,MOTOR-001,105.64,1.56,8.86,1487.3,230.0,4.2,running,normal,normal
2026-01-15T09:03:30+00:00,MOTOR-001,92.33,1.51,8.88,1485.9,230.9,4.2,running,normal,normal
2026-01-15T09:03:31+00:00,MOTOR-001,82.34,1.57,8.93,1487.4,230.4,4.21,running,normal,normal
2026-01-15T09:03:32+00:00,MOTOR-001,74.84,1.57,8.94,1485.3,230.1,4.2,running,normal,normal
2026-01-15T09:03:33+00:00,MOTOR-001,69.25,1.57,8.9,1486.2,230.2,4.2,running,normal,normal
2026-01-15T09:03:34+00:00,MOTOR-001,65.08,1.6,8.98,1485.4,229.5,4.2,running,normal,normal
2026-01-15T09:03:35+00:00,MOTOR-001,61.99,1.57,8.96,1486.3,229.8,4.21,running,normal,normal
2026-01-15T09:03:36+00:00,MOTOR-001,59.72,1.58,8.87,1486.1,229.4,4.21,running,normal,normal
2026-01-15T09:03:37+00:00,MOTOR-001,57.91,1.56,8.91,1486.7,229.2,4.2,running,normal,normal
2026-01-15T09:03:38+00:00,MOTOR-001,56.53,1.53,8.96,1484.9,230.2,4.22,running,normal,normal
2026-01-15T09:03:39+00:00,MOTOR-001,55.49,1.6,8.91,1486.0,229.8,4.21,running,normal,normal
2026-01-15T09:03:40+00:00,MOTOR-001,54.84,1.61,8.9,1485.4,230.2,4.2,running,normal,normal
2026-01-15T09:03:41+00:00,MOTOR-001,54.33,1.59,8.97,1485.9,229.8,4.21,running,normal,normal
2026-01-15T09:03:42+00:00,MOTOR-001,53.88,1.56,8.93,1487.0,230.0,4.22,running,normal,normal
2026-01-15T09:03:43+00:00,MOTOR-001,53.49,1.56,8.93,1485.7,229.5,4.2,running,normal,normal
2026-01-15T09:03:44+00:00,MOTOR-001,53.22,1.55,8.97,1486.2,230.1,4.2,running,normal,normal
2026-01-15T09:03:45+00:00,MOTOR-001,52.98,1.51,8.92,1484.6,229.6,4.19,running,normal,normal
2026-01-15T09:03:46+00:00,MOTOR-001,52.74,1.5,8.99,1485.7,229.7,4.19,running,normal,normal
2026-01-15T09:03:47+00:00,MOTOR-001,52.72,1.48,8.94,1485.8,230.0,4.2,running,normal,normal
2026-01-15T09:03:48+00:00,MOTOR-001,52.6,1.46,8.94,1485.9,230.2,4.19,running,normal,normal
2026-01-15T09:03:49+00:00,MOTOR-001,52.6,1.47,8.97,1485.8,229.6,4.21,running,normal,normal
2026-01-15T09:03:50+00:00,MOTOR-001,52.63,1.5,9.04,1486.7,230.1,4.21,running,normal,normal
2026-01-15T09:03:51+00:00,MOTOR-001,52.62,1.51,8.88,1486.8,230.4,4.21,running,normal,normal
2026-01-15T09:03:52+00:00,MOTOR-001,52.72,1.5,8.91,1486.3,230.0,4.22,running,normal,normal
2026-01-15T09:03:53+00:00,MOTOR-001,52.67,1.47,8.86,1486.8,229.3,4.23,running,normal,normal
2026-01-15T09:03:54+00:00,MOTOR-001,52.62,1.49,8.88,1485.7,229.0,4.21,running,normal,normal
2026-01-15T09:03:55+00:00,MOTOR-001,52.57,1.45,8.97,1486.3,229.5,4.2,running,normal,normal
2026-01-15T09:03:56+00:00,MOTOR-001,52.6,1.44,8.92,1487.6,229.5,4.2,running,normal,normal
2026-01-15T09:03:57+00:00,MOTOR-001,52.68,1.48,9.01,1486.7,229.6,4.18,running,normal,normal
2026-01-15T09:03:58+00:00,MOTOR-001,52.73,1.44,8.88,1486.6,230.3,4.19,running,normal,normal
2026-01-15T09:03:59+00:00,MOTOR-001,52.77,1.46,8.93,1486.8,230.1,4.19,running,normal,normal
2026-01-15T09:04:00+00:00,MOTOR-001,52.65,1.49,9.05,1486.8,230.6,4.18,running,normal,normal
2026-01-15T09:04:01+00:00,MOTOR-001,52.68,1.45,9.05,1486.6,230.4,4.18,running,normal,normal
2026-01-15T09:04:02+00:00,MOTOR-001,52.75,1.41,8.97,1486.4,230.4,4.2,running,normal,normal
2026-01-15T09:04:03+00:00,MOTOR-001,52.68,1.38,9.03,1486.9,231.3,4.18,running,normal,normal
2026-01-15T09:04:04+00:00,MOTOR-001,52.77,1.34,9.0,1485.7,229.9,4.17,running,normal,normal
2026-01-15T09:04:05+00:00,MOTOR-001,52.84,1.35,9.05,1484.8,229.4,4.18,running,normal,normal
2026-01-15T09:04:06+00:00,MOTOR-001,52.83,1.36,9.0,1485.5,229.4,4.18,running,normal,normal
2026-01-15T09:04:07+00:00,MOTOR-001,52.87,1.33,9.04,1486.6,229.5,4.18,running,normal,normal
2026-01-15T09:04:08+00:00,MOTOR-001,52.78,1.28,9.04,1486.3,230.0,4.19,running,normal,normal
2026-01-15T09:04:09+00:00,MOTOR-001,52.81,1.27,8.94,1486.4,230.3,4.2,running,normal,normal
2026-01-15T09:04:10+00:00,MOTOR-001,52.8,1.31,8.95,1487.3,229.6,4.2,running,normal,normal
2026-01-15T09:04:11+00:00,MOTOR-001,52.74,1.27,9.06,1486.9,230.4,4.18,running,normal,normal
2026-01-15T09:04:12+00:00,MOTOR-001,52.7,1.25,8.98,1486.4,229.0,4.18,running,normal,normal
2026-01-15T09:04:13+00:00,MOTOR-001,52.66,1.3,9.01,1486.6,229.9,4.19,running,normal,normal
2026-01-15T09:04:14+00:00,MOTOR-001,52.6,1.32,8.97,1486.8,230.5,4.2,running,normal,normal
2026-01-15T09:04:15+00:00,MOTOR-001,52.61,1.32,8.98,1487.7,230.1,4.2,running,normal,normal
2026-01-15T09:04:16+00:00,MOTOR-001,52.61,1.31,8.9,1486.3,230.0,4.22,running,normal,normal
2026-01-15T09:04:17+00:00,MOTOR-001,52.58,1.3,8.91,1486.7,229.8,4.23,running,normal,normal
2026-01-15T09:04:18+00:00,MOTOR-001,52.67,1.31,8.87,1486.0,229.9,4.2,running,normal,normal
2026-01-15T09:04:19+00:00,MOTOR-001,52.68,1.3,8.97,1485.5,229.5,4.21,running,normal,normal
2026-01-15T09:04:20+00:00,MOTOR-001,52.6,1.32,8.95,1485.2,230.2,4.2,running,normal,normal
2026-01-15T09:04:21+00:00,MOTOR-001,52.58,1.28,9.07,1487.2,230.3,4.2,running,normal,normal
2026-01-15T09:04:22+00:00,MOTOR-001,52.59,1.28,8.99,1486.5,230.6,4.19,running,normal,normal
2026-01-15T09:04:23+00:00,MOTOR-001,52.63,1.28,9.04,1485.8,230.0,4.19,running,normal,normal
2026-01-15T09:04:24+00:00,MOTOR-001,52.58,1.31,9.08,1486.6,229.9,4.19,running,normal,normal
2026-01-15T09:04:25+00:00,MOTOR-001,52.5,1.34,9.03,1487.0,230.4,4.19,running,normal,normal
2026-01-15T09:04:26+00:00,MOTOR-001,52.48,1.33,8.99,1485.6,229.7,4.21,running,normal,normal
2026-01-15T09:04:27+00:00,MOTOR-001,52.58,1.36,8.98,1485.8,230.3,4.19,running,normal,normal
2026-01-15T09:04:28+00:00,MOTOR-001,52.68,1.37,8.93,1486.9,229.6,4.19,running,normal,normal
2026-01-15T09:04:29+00:00,MOTOR-001,52.66,1.32,8.92,1486.7,230.8,4.19,running,normal,normal
2026-01-15T09:04:30+00:00,MOTOR-001,52.57,1.29,8.97,1486.1,230.2,4.19,running,normal,normal
2026-01-15T09:04:31+00:00,MOTOR-001,52.54,1.31,8.93,1486.4,230.0,4.19,running,normal,normal
2026-01-15T09:04:32+00:00,MOTOR-001,52.6,1.32,9.08,1486.0,230.2,4.21,running,normal,normal
2026-01-15T09:04:33+00:00,MOTOR-001,52.61,1.34,9.05,1486.7,230.6,4.22,running,normal,normal
2026-01-15T09:04:34+00:00,MOTOR-001,52.58,1.34,8.94,1486.6,229.6,4.21,running,normal,normal
2026-01-15T09:04:35+00:00,MOTOR-001,52.46,1.29,8.95,1486.8,230.0,4.21,running,normal,normal
2026-01-15T09:04:36+00:00,MOTOR-001,52.47,1.3,8.92,1487.5,230.0,4.21,running,normal,normal
2026-01-15T09:04:37+00:00,MOTOR-001,52.56,1.34,8.91,1487.1,229.6,4.21,running,normal,normal
2026-01-15T09:04:38+00:00,MOTOR-001,52.63,1.33,8.95,1487.3,230.3,4.22,running,normal,normal
2026-01-15T09:04:39+00:00,MOTOR-001,52.59,1.33,9.0,1487.2,230.4,4.21,running,normal,normal
2026-01-15T09:04:40+00:00,MOTOR-001,52.55,1.39,8.99,1485.9,230.0,4.22,running,normal,normal
2026-01-15T09:04:41+00:00,MOTOR-001,52.54,1.35,9.1,1486.6,230.5,4.21,running,normal,normal
2026-01-15T09:04:42+00:00,MOTOR-001,52.53,1.41,9.06,1486.3,230.5,4.2,running,normal,normal
2026-01-15T09:04:43+00:00,MOTOR-001,52.54,1.35,8.95,1486.3,229.9,4.21,running,normal,normal
2026-01-15T09:04:44+00:00,MOTOR-001,52.53,1.37,9.0,1486.4,230.4,4.21,running,normal,normal
2026-01-15T09:04:45+00:00,MOTOR-001,52.61,1.35,9.05,1486.2,229.5,4.21,running,normal,normal
2026-01-15T09:04:46+00:00,MOTOR-001,52.65,1.35,9.0,1486.4,229.3,4.23,running,normal,normal
2026-01-15T09:04:47+00:00,MOTOR-001,52.54,1.4,9.01,1485.6,229.4,4.22,running,normal,normal
2026-01-15T09:04:48+00:00,MOTOR-001,52.45,1.43,8.96,1486.4,230.2,4.21,running,normal,normal
2026-01-15T09:04:49+00:00,MOTOR-001,52.44,1.44,8.96,1485.9,230.3,4.21,running,normal,normal
2026-01-15T09:04:50+00:00,MOTOR-001,52.4,1.33,8.99,1486.1,229.8,4.22,running,normal,normal
2026-01-15T09:04:51+00:00,MOTOR-001,52.41,1.39,8.98,1486.7,229.4,4.22,running,normal,normal
2026-01-15T09:04:52+00:00,MOTOR-001,52.33,1.4,9.0,1486.8,229.7,4.22,running,normal,normal
2026-01-15T09:04:53+00:00,MOTOR-001,52.32,1.47,9.05,1488.3,230.7,4.24,running,normal,normal
2026-01-15T09:04:54+00:00,MOTOR-001,52.23,1.47,8.98,1488.0,230.5,4.23,running,normal,normal
2026-01-15T09:04:55+00:00,MOTOR-001,52.15,1.45,8.95,1488.3,230.0,4.22,running,normal,normal
2026-01-15T09:04:56+00:00,MOTOR-001,52.15,1.45,8.94,1487.7,229.6,4.2,running,normal,normal
2026-01-15T09:04:57+00:00,MOTOR-001,52.14,1.42,8.94,1487.6,229.3,4.21,running,normal,normal
2026-01-15T09:04:58+00:00,MOTOR-001,52.16,1.46,8.96,1487.1,230.1,4.19,running,normal,normal
2026-01-15T09:04:59+00:00,MOTOR-001,52.19,1.46,9.01,1486.9,229.9,4.19,running,normal,normal
2026-01-15T09:05:00+00:00,MOTOR-001,52.18,1.46,9.04,1486.7,229.1,4.19,running,normal,normal
2026-01-15T09:05:01+00:00,MOTOR-001,52.11,1.49,9.0,1486.3,230.0,4.19,running,normal,normal
2026-01-15T09:05:02+00:00,MOTOR-001,52.03,1.47,8.9,1486.8,229.8,4.18,running,normal,normal
2026-01-15T09:05:03+00:00,MOTOR-001,52.03,1.51,8.93,1487.6,229.3,4.19,running,normal,normal
2026-01-15T09:05:04+00:00,MOTOR-001,52.07,1.48,9.02,1487.8,229.7,4.18,running,normal,normal
2026-01-15T09:05:05+00:00,MOTOR-001,52.03,1.53,8.95,1487.0,229.8,4.17,running,normal,normal
2026-01-15T09:05:06+00:00,MOTOR-001,51.97,1.56,8.95,1487.1,229.4,4.18,running,normal,normal
2026-01-15T09:05:07+00:00,MOTOR-001,52.0,1.52,8.86,1487.9,230.6,4.19,running,normal,normal
2026-01-15T09:05:08+00:00,MOTOR-001,52.02,1.55,8.87,1487.0,230.2,4.2,running,normal,normal
2026-01-15T09:05:09+00:00,MOTOR-001,52.03,1.55,9.0,1487.9,230.0,4.2,running,normal,normal
2026-01-15T09:05:10+00:00,MOTOR-001,52.03,1.54,9.0,1487.8,230.3,4.19,running,normal,normal
2026-01-15T09:05:11+00:00,MOTOR-001,51.85,1.52,8.95,1487.6,230.2,4.2,running,normal,normal
2026-01-15T09:05:12+00:00,MOTOR-001,51.79,1.61,8.95,1486.0,230.2,4.21,running,normal,normal
2026-01-15T09:05:13+00:00,MOTOR-001,51.73,1.6,8.95,1485.8,230.2,4.21,running,normal,normal
2026-01-15T09:05:14+00:00,MOTOR-001,51.69,1.61,9.04,1486.4,230.0,4.2,running,normal,normal
2026-01-15T09:05:15+00:00,MOTOR-001,51.77,1.59,9.0,1486.3,230.9,4.2,running,normal,normal
2026-01-15T09:05:16+00:00,MOTOR-001,51.88,1.64,9.0,1485.8,230.8,4.21,running,normal,normal
2026-01-15T09:05:17+00:00,MOTOR-001,51.95,1.59,8.88,1486.4,229.8,4.2,running,normal,normal
2026-01-15T09:05:18+00:00,MOTOR-001,51.91,1.54,8.94,1487.0,230.1,4.19,running,normal,normal
2026-01-15T09:05:19+00:00,MOTOR-001,51.85,1.56,8.92,1488.0,229.0,4.17,running,normal,normal
2026-01-15T09:05:20+00:00,MOTOR-001,51.77,1.58,8.95,1486.2,228.6,4.19,running,normal,normal
2026-01-15T09:05:21+00:00,MOTOR-001,51.78,1.59,8.93,1487.0,229.6,4.2,running,normal,normal
2026-01-15T09:05:22+00:00,MOTOR-001,51.77,1.58,8.89,1487.9,229.7,4.22,running,normal,normal
2026-01-15T09:05:23+00:00,MOTOR-001,51.69,1.58,8.88,1487.4,230.2,4.21,running,normal,normal
2026-01-15T09:05:24+00:00,MOTOR-001,51.79,1.64,8.92,1487.3,229.8,4.21,running,normal,normal
2026-01-15T09:05:25+00:00,MOTOR-001,51.7,1.62,8.93,1487.0,229.2,4.2,running,normal,normal
2026-01-15T09:05:26+00:00,MOTOR-001,51.66,1.64,8.89,1486.5,230.1,4.2,running,normal,normal
2026-01-15T09:05:27+00:00,MOTOR-001,51.58,1.65,8.82,1488.1,229.4,4.2,running,normal,normal
2026-01-15T09:05:28+00:00,MOTOR-001,51.45,1.68,8.91,1488.3,229.0,4.2,running,normal,normal
2026-01-15T09:05:29+00:00,MOTOR-001,51.48,1.64,8.94,1487.3,229.4,4.19,running,normal,normal
2026-01-15T09:05:30+00:00,MOTOR-001,51.39,1.62,8.88,1487.3,229.3,4.2,running,normal,normal
2026-01-15T09:05:31+00:00,MOTOR-001,51.41,1.67,8.87,1487.4,229.8,4.19,running,normal,normal
2026-01-15T09:05:32+00:00,MOTOR-001,51.4,1.68,8.87,1487.0,230.1,4.18,running,normal,normal
2026-01-15T09:05:33+00:00,MOTOR-001,51.47,1.63,8.91,1486.6,230.3,4.17,running,normal,normal
2026-01-15T09:05:34+00:00,MOTOR-001,51.46,1.66,9.01,1486.9,230.2,4.18,running,normal,normal
2026-01-15T09:05:35+00:00,MOTOR-001,51.43,1.62,9.0,1487.1,230.4,4.19,running,normal,normal
2026-01-15T09:05:36+00:00,MOTOR-001,51.44,1.6,8.97,1487.4,230.7,4.19,running,normal,normal
2026-01-15T09:05:37+00:00,MOTOR-001,51.4,1.6,9.01,1487.2,231.1,4.2,running,normal,normal
2026-01-15T09:05:38+00:00,MOTOR-001,51.29,1.59,8.98,1486.5,230.8,4.19,running,normal,normal
2026-01-15T09:05:39+00:00,MOTOR-001,51.31,1.53,9.04,1486.9,231.0,4.19,running,normal,normal
2026-01-15T09:05:40+00:00,MOTOR-001,51.25,1.54,9.03,1486.9,229.3,4.19,running,normal,normal
2026-01-15T09:05:41+00:00,MOTOR-001,51.16,1.58,8.92,1486.6,229.8,4.2,running,normal,normal
2026-01-15T09:05:42+00:00,MOTOR-001,51.23,1.56,8.9,1486.9,230.1,4.21,running,normal,normal
2026-01-15T09:05:43+00:00,MOTOR-001,51.22,1.58,8.89,1486.8,229.5,4.2,running,normal,normal
2026-01-15T09:05:44+00:00,MOTOR-001,51.03,1.53,8.98,1486.1,229.4,4.2,running,normal,normal
2026-01-15T09:05:45+00:00,MOTOR-001,50.98,1.49,8.87,1487.5,229.5,4.2,running,normal,normal
2026-01-15T09:05:46+00:00,MOTOR-001,51.0,1.47,8.9,1487.3,229.4,4.21,running,normal,normal
2026-01-15T09:05:47+00:00,MOTOR-001,51.14,1.54,8.88,1486.7,230.0,4.19,running,normal,normal
2026-01-15T09:05:48+00:00,MOTOR-001,51.1,1.53,8.94,1486.7,229.7,4.2,running,normal,normal
2026-01-15T09:05:49+00:00,MOTOR-001,51.02,1.46,8.89,1486.3,230.9,4.21,running,normal,normal
2026-01-15T09:05:50+00:00,MOTOR-001,50.91,1.47,8.77,1486.8,229.0,4.21,running,normal,normal
2026-01-15T09:05:51+00:00,MOTOR-001,50.8,1.49,8.88,1486.5,230.1,4.19,running,normal,normal
2026-01-15T09:05:52+00:00,MOTOR-001,50.99,1.44,8.85,1487.0,229.8,4.19,running,normal,normal
2026-01-15T09:05:53+00:00,MOTOR-001,50.99,1.49,8.9,1486.2,230.5,4.18,running,normal,normal
2026-01-15T09:05:54+00:00,MOTOR-001,50.92,1.51,8.91,1486.2,229.9,4.2,running,normal,normal
2026-01-15T09:05:55+00:00,MOTOR-001,50.9,1.46,8.89,1487.4,229.9,4.21,running,normal,normal
2026-01-15T09:05:56+00:00,MOTOR-001,50.93,1.48,8.82,1486.4,229.9,4.21,running,normal,normal
2026-01-15T09:05:57+00:00,MOTOR-001,50.9,1.49,8.91,1486.9,229.9,4.23,running,normal,normal
2026-01-15T09:05:58+00:00,MOTOR-001,50.87,1.51,8.88,1486.8,229.9,4.2,running,normal,normal
2026-01-15T09:05:59+00:00,MOTOR-001,50.84,1.44,8.86,1487.3,229.6,4.2,running,normal,normal
2026-01-15T09:06:00+00:00,MOTOR-001,50.89,1.44,8.87,1486.6,229.9,4.2,running,normal,normal
2026-01-15T09:06:01+00:00,MOTOR-001,50.92,1.43,8.82,1487.3,230.2,4.21,running,normal,normal
2026-01-15T09:06:02+00:00,MOTOR-001,50.94,1.4,8.86,1487.8,230.1,4.22,running,normal,normal
2026-01-15T09:06:03+00:00,MOTOR-001,50.85,1.45,8.96,1487.7,230.1,4.21,running,normal,normal
2026-01-15T09:06:04+00:00,MOTOR-001,50.81,1.46,9.0,1487.0,230.1,4.21,running,normal,normal
2026-01-15T09:06:05+00:00,MOTOR-001,50.8,1.42,8.95,1486.1,230.2,4.2,running,normal,normal
2026-01-15T09:06:06+00:00,MOTOR-001,50.86,1.42,8.92,1486.9,230.2,4.21,running,normal,normal
2026-01-15T09:06:07+00:00,MOTOR-001,50.76,1.38,8.89,1487.3,229.8,4.21,running,normal,normal
2026-01-15T09:06:08+00:00,MOTOR-001,50.63,1.4,8.98,1487.1,229.5,4.21,running,normal,normal
2026-01-15T09:06:09+00:00,MOTOR-001,50.66,1.39,8.92,1486.7,228.9,4.21,running,normal,normal
2026-01-15T09:06:10+00:00,MOTOR-001,50.58,1.36,8.93,1487.3,229.7,4.19,running,normal,normal
2026-01-15T09:06:11+00:00,MOTOR-001,50.58,1.33,8.88,1486.9,230.1,4.2,running,normal,normal
2026-01-15T09:06:12+00:00,MOTOR-001,50.55,1.34,8.86,1486.5,230.4,4.19,running,normal,normal
2026-01-15T09:06:13+00:00,MOTOR-001,50.41,1.4,8.83,1487.9,229.5,4.2,running,normal,normal
2026-01-15T09:06:14+00:00,MOTOR-001,50.45,1.39,8.83,1488.5,229.5,4.2,running,normal,normal
2026-01-15T09:06:15+00:00,MOTOR-001,50.48,1.4,8.85,1487.2,229.6,4.19,running,normal,normal
2026-01-15T09:06:16+00:00,MOTOR-001,50.38,1.34,8.92,1487.1,229.4,4.21,running,normal,normal
2026-01-15T09:06:17+00:00,MOTOR-001,50.38,1.32,8.94,1487.1,230.2,4.21,running,normal,normal
2026-01-15T09:06:18+00:00,MOTOR-001,50.34,1.31,8.87,1486.7,230.9,4.21,running,normal,normal
2026-01-15T09:06:19+00:00,MOTOR-001,50.34,1.27,8.86,1487.0,230.8,4.23,running,normal,normal
2026-01-15T09:06:20+00:00,MOTOR-001,50.34,1.3,8.83,1487.1,230.5,4.23,running,normal,normal
2026-01-15T09:06:21+00:00,MOTOR-001,50.31,1.34,8.77,1486.8,229.9,4.21,running,normal,normal
2026-01-15T09:06:22+00:00,MOTOR-001,50.47,1.31,8.78,1487.4,229.9,4.2,running,normal,normal
2026-01-15T09:06:23+00:00,MOTOR-001,50.52,1.29,8.84,1486.9,230.1,4.2,running,normal,normal
2026-01-15T09:06:24+00:00,MOTOR-001,50.51,1.26,8.8,1486.6,230.5,4.2,running,normal,normal
2026-01-15T09:06:25+00:00,MOTOR-001,50.5,1.28,8.76,1486.7,229.5,4.2,running,normal,normal
2026-01-15T09:06:26+00:00,MOTOR-001,50.37,1.31,8.73,1486.7,230.2,4.2,running,normal,normal
2026-01-15T09:06:27+00:00,MOTOR-001,50.4,1.28,8.78,1488.0,229.9,4.21,running,normal,normal
2026-01-15T09:06:28+00:00,MOTOR-001,50.34,1.23,8.83,1486.7,229.4,4.21,running,normal,normal
2026-01-15T09:06:29+00:00,MOTOR-001,50.31,1.24,8.84,1486.1,229.9,4.2,running,normal,normal
2026-01-15T09:06:30+00:00,MOTOR-001,50.29,1.24,8.84,1486.3,230.4,4.2,running,normal,normal
2026-01-15T09:06:31+00:00,MOTOR-001,50.3,1.24,8.73,1485.7,231.6,4.19,running,normal,normal
2026-01-15T09:06:32+00:00,MOTOR-001,50.37,1.24,8.69,1485.0,231.3,4.19,running,normal,normal
2026-01-15T09:06:33+00:00,MOTOR-001,50.57,1.28,8.74,1485.8,230.2,4.19,running,normal,normal
2026-01-15T09:06:34+00:00,MOTOR-001,50.6,1.29,8.72,1486.7,230.0,4.19,running,normal,normal
2026-01-15T09:06:35+00:00,MOTOR-001,50.53,1.28,8.77,1485.9,230.5,4.19,running,normal,normal
2026-01-15T09:06:36+00:00,MOTOR-001,50.41,1.27,8.73,1486.5,231.1,4.19,running,normal,normal
2026-01-15T09:06:37+00:00,MOTOR-001,50.41,1.3,8.77,1486.0,230.4,4.19,running,normal,normal
2026-01-15T09:06:38+00:00,MOTOR-001,50.39,1.34,8.74,1486.0,229.6,4.21,running,normal,normal
2026-01-15T09:06:39+00:00,MOTOR-001,50.43,1.29,8.73,1485.9,230.0,4.21,running,normal,normal
